1777593600000000,83.09000000,84.38000000,83.08000000,83.89000000,263561.95700000,1777607999999999,22051118.75131000,81687,122960.19500000,10290314.32189000,0
1777608000000000,83.90000000,84.23000000,83.67000000,83.96000000,289752.93200000,1777622399999999,24316933.70721000,54926,146920.46300000,12331328.34642000,0
1777622400000000,83.96000000,84.30000000,83.69000000,84.01000000,214484.02300000,1777636799999999,18016140.87572000,51593,110008.85300000,9241512.26918000,0
1777636800000000,84.01000000,84.86000000,83.89000000,84.47000000,517696.74200000,1777651199999999,43674873.08920000,113755,276240.90800000,23308159.49158000,0
1777651200000000,84.46000000,84.63000000,83.79000000,83.90000000,265797.06900000,1777665599999999,22362384.39784000,73066,137393.21900000,11558840.79574000,0
1777665600000000,83.90000000,83.93000000,83.33000000,83.76000000,246775.23600000,1777679999999999,20652102.52179000,57395,129314.04300000,10822939.99526000,0
1777680000000000,83.76000000,84.18000000,83.44000000,83.82000000,166608.57100000,1777694399999999,13964525.76290000,41266,87999.72100000,7374331.28693000,0
1777694400000000,83.82000000,83.86000000,83.54000000,83.74000000,111014.49500000,1777708799999999,9291747.76271000,38136,49928.53700000,4178749.06650000,0
1777708800000000,83.73000000,84.17000000,83.52000000,83.70000000,165721.90500000,1777723199999999,13900217.61276000,46741,67675.72500000,5674986.79671000,0
1777723200000000,83.70000000,84.11000000,83.67000000,84.04000000,183447.03400000,1777737599999999,15400141.52019000,48833,94114.16100000,7900676.64983000,0
1777737600000000,84.04000000,84.31000000,83.95000000,84.22000000,130231.21100000,1777751999999999,10954728.91415000,42312,74921.98200000,6301914.93697000,0
1777752000000000,84.23000000,84.97000000,84.07000000,84.26000000,270736.28300000,1777766399999999,22860064.40447000,65735,147961.99200000,12493820.11413000,0
1777766400000000,84.26000000,84.31000000,83.58000000,83.67000000,246902.03600000,1777780799999999,20704983.83439000,62607,130617.89800000,10957247.62327000,0
1777780800000000,83.66000000,84.02000000,83.58000000,83.88000000,138015.60000000,1777795199999999,11568738.39234000,40931,71606.07900000,6001144.10612000,0
1777795200000000,83.88000000,84.20000000,83.75000000,83.96000000,163338.07100000,1777809599999999,13716857.75333000,45948,82559.61900000,6933438.75482000,0
1777809600000000,83.96000000,84.45000000,83.95000000,84.16000000,199468.67800000,1777823999999999,16797708.67086000,58559,100845.84000000,8492064.75964000,0
1777824000000000,84.16000000,84.50000000,84.00000000,84.38000000,120424.17500000,1777838399999999,10142278.90491000,42265,59912.60300000,5045660.85251000,0
1777838400000000,84.37000000,84.97000000,83.87000000,83.91000000,400498.96200000,1777852799999999,33810291.63967000,91083,201349.23600000,16996426.73732000,0
1777852800000000,83.91000000,85.67000000,83.35000000,85.41000000,948697.54700000,1777867199999999,80384829.55096000,185047,495318.47300000,41958335.65433000,0
1777867200000000,85.40000000,85.90000000,84.51000000,84.87000000,571740.24800000,1777881599999999,48779934.93865000,95614,250162.75800000,21344145.67236000,0
1777881600000000,84.87000000,85.20000000,83.23000000,83.95000000,651310.68100000,1777895999999999,54737829.17784000,147230,305459.87200000,25681703.97511000,0
1777896000000000,83.96000000,85.32000000,83.59000000,84.47000000,705720.66000000,1777910399999999,59630021.33154000,171797,350001.14200000,29572605.92374000,0
1777910400000000,84.47000000,85.19000000,83.98000000,84.44000000,394682.41300000,1777924799999999,33416549.74548000,111542,185525.81200000,15712696.36473000,0
1777924800000000,84.45000000,84.56000000,84.02000000,84.10000000,197155.66900000,1777939199999999,16611910.55406000,46710,101910.71100000,8587961.81466000,0
1777939200000000,84.11000000,84.97000000,84.04000000,84.78000000,257970.46800000,1777953599999999,21801612.07293000,58259,144160.02700000,12183944.20965000,0
1777953600000000,84.77000000,85.12000000,84.54000000,84.87000000,465709.89500000,1777967999999999,39523152.53990000,68668,236000.77200000,20028222.79035000,0
1777968000000000,84.88000000,85.01000000,84.43000000,84.97000000,235571.03000000,1777982399999999,19961158.33424000,51598,129228.95200000,10950182.73246000,0
1777982400000000,84.97000000,86.10000000,84.90000000,85.50000000,663678.58600000,1777996799999999,56820554.18867000,141723,371194.09000000,31786514.95702000,0
1777996800000000,85.50000000,86.56000000,85.00000000,86.49000000,416842.63900000,1778011199999999,35780139.28280000,89257,196642.92100000,16884590.77209000,0
1778011200000000,86.49000000,86.98000000,86.17000000,86.29000000,439115.50800000,1778025599999999,38021893.92082000,111059,224054.49500000,19404271.76790000,0
1778025600000000,86.29000000,87.51000000,86.10000000,87.33000000,458049.99200000,1778039999999999,39794777.29690000,94440,270117.02100000,23463342.20936000,0
1778040000000000,87.34000000,87.89000000,86.67000000,87.70000000,429209.41400000,1778054399999999,37468200.43261000,88325,237142.78600000,20707067.20795000,0
1778054400000000,87.71000000,90.03000000,87.64000000,89.87000000,1026165.09800000,1778068799999999,91382290.86320000,189471,591089.61700000,52641963.67947000,0
1778068800000000,89.87000000,89.97000000,87.47000000,88.97000000,939895.84300000,1778083199999999,83381142.66330000,238860,423288.39200000,37559229.07775000,0
1778083200000000,88.97000000,89.51000000,88.50000000,89.27000000,365985.51300000,1778097599999999,32567698.67388000,111767,186357.40700000,16586847.70036000,0
1778097600000000,89.27000000,89.62000000,88.65000000,89.16000000,263950.17000000,1778111999999999,23557653.94144000,76806,122237.01000000,10911458.09934000,0
1778112000000000,89.16000000,89.27000000,87.63000000,87.75000000,335206.37300000,1778126399999999,29574644.34374000,120695,162502.99100000,14338685.02278000,0
1778126400000000,87.75000000,90.44000000,87.69000000,90.16000000,578644.42000000,1778140799999999,51579758.85046000,126538,329268.18800000,29374930.33829000,0
1778140800000000,90.17000000,90.27000000,88.76000000,89.57000000,463543.63800000,1778155199999999,41478853.72819000,125979,237359.70400000,21246310.08979000,0
1778155200000000,89.56000000,90.10000000,87.79000000,88.32000000,787879.49000000,1778169599999999,69983363.14192000,216392,404133.02600000,35926485.35431000,0
1778169600000000,88.32000000,89.05000000,87.96000000,88.45000000,388762.63500000,1778183999999999,34403882.66696000,147603,183035.01800000,16203779.38199000,0
1778184000000000,88.45000000,88.88000000,87.67000000,88.42000000,338143.94500000,1778198399999999,29777782.96226000,92343,145448.72400000,12811479.67365000,0
1778198400000000,88.43000000,88.65000000,87.60000000,88.22000000,274109.01500000,1778212799999999,24150104.34539000,93216,141717.45000000,12487094.27452000,0
1778212800000000,88.23000000,88.42000000,87.65000000,88.22000000,340406.88900000,1778227199999999,29975054.15545000,92378,146807.69700000,12932028.10589000,0
1778227200000000,88.23000000,89.10000000,88.01000000,88.64000000,407490.55700000,1778241599999999,36053312.64960000,86158,222687.14900000,19704755.31430000,0
1778241600000000,88.64000000,89.60000000,88.01000000,89.59000000,400869.86600000,1778255999999999,35597369.00143000,156966,206506.89400000,18343356.61527000,0
1778256000000000,89.60000000,92.80000000,89.34000000,92.60000000,887232.36100000,1778270399999999,81105226.56870000,255668,535069.54500000,48902244.96410000,0
1778270400000000,92.61000000,92.71000000,91.73000000,92.01000000,334326.17100000,1778284799999999,30829143.50768000,95733,166335.97400000,15340802.11017000,0
1778284800000000,92.02000000,93.91000000,91.85000000,93.64000000,576427.73200000,1778299199999999,53757739.19212000,146856,322150.57200000,30033783.05809000,0
1778299200000000,93.65000000,94.17000000,92.84000000,93.76000000,496098.36200000,1778313599999999,46439294.64771000,138926,267041.61200000,25003585.33224000,0
1778313600000000,93.76000000,93.95000000,93.05000000,93.62000000,267175.42500000,1778327999999999,24977414.65582000,83325,137351.74600000,12841315.05219000,0
1778328000000000,93.61000000,93.74000000,92.39000000,93.01000000,288521.50600000,1778342399999999,26843099.83948000,96113,134595.68100000,12524510.22175000,0
1778342400000000,93.01000000,93.65000000,92.69000000,93.51000000,234608.81100000,1778356799999999,21854806.75541000,84747,129086.86200000,12027809.79962000,0
1778356800000000,93.51000000,93.56000000,93.05000000,93.13000000,111440.86000000,1778371199999999,10400979.79887000,41588,67496.52300000,6300175.64092000,0
1778371200000000,93.12000000,93.51000000,92.60000000,93.42000000,312003.75100000,1778385599999999,29045093.65362000,74854,156425.28500000,14560064.68503000,0
1778385600000000,93.41000000,93.63000000,93.24000000,93.46000000,148136.22700000,1778399999999999,13839899.46180000,43894,86104.50700000,8044602.08719000,0
1778400000000000,93.46000000,94.80000000,92.91000000,93.55000000,511703.37400000,1778414399999999,48059352.91681000,113055,275720.15700000,25901146.72893000,0
1778414400000000,93.56000000,94.73000000,93.20000000,94.53000000,320850.53100000,1778428799999999,30136986.65714000,94488,177579.49500000,16681059.37234000,0
1778428800000000,94.53000000,97.00000000,94.18000000,96.47000000,655333.72900000,1778443199999999,62762268.29262000,189190,381745.70400000,36572517.00341000,0
1778443200000000,96.47000000,96.86000000,93.43000000,96.47000000,611141.38300000,1778457599999999,58336972.10310000,279639,302234.98000000,28889133.40986000,0
1778457600000000,96.46000000,96.67000000,94.46000000,94.76000000,667426.52600000,1778471999999999,63821396.47396000,208982,310816.94200000,29724231.32017000,0
1778472000000000,94.76000000,96.16000000,94.43000000,95.33000000,317251.40800000,1778486399999999,30259845.37294000,99773,168946.67100000,16116396.39967000,0
1778486400000000,95.34000000,95.57000000,94.58000000,95.25000000,389420.94100000,1778500799999999,37041870.21279000,96598,176503.53000000,16795427.80725000,0
1778500800000000,95.26000000,96.80000000,94.30000000,96.80000000,749651.41100000,1778515199999999,71462646.24496000,243994,396294.40900000,37796616.69606000,0
1778515200000000,96.79000000,98.39000000,96.50000000,98.19000000,694124.81100000,1778529599999999,67710754.51097000,255817,403689.98700000,39384776.74346000,0
1778529600000000,98.19000000,98.41000000,97.10000000,97.37000000,260174.86800000,1778543999999999,25402869.31066000,100014,122608.03200000,11975317.23883000,0
1778544000000000,97.37000000,97.68000000,95.54000000,96.14000000,531025.29100000,1778558399999999,51296118.22794000,132930,265988.66100000,25696452.21950000,0
1778558400000000,96.14000000,97.00000000,95.82000000,96.05000000,258227.35500000,1778572799999999,24878907.01306000,82418,116018.61700000,11179807.07264000,0
1778572800000000,96.05000000,96.15000000,94.60000000,94.98000000,617423.63800000,1778587199999999,58914119.25736000,135008,307282.94700000,29319353.36008000,0
1778587200000000,94.97000000,95.56000000,93.55000000,93.85000000,788159.26100000,1778601599999999,74606303.06415000,238314,344869.17800000,32671295.99926000,0
1778601600000000,93.85000000,95.01000000,93.60000000,94.92000000,452976.88400000,1778615999999999,42741334.51153000,116734,248544.90800000,23456635.45768000,0
1778616000000000,94.92000000,95.05000000,94.23000000,94.28000000,162224.93000000,1778630399999999,15360709.26196000,50190,79289.71200000,7510275.42721000,0
1778630400000000,94.28000000,95.59000000,94.05000000,95.56000000,347495.28600000,1778644799999999,33001252.65934000,103554,199478.71900000,18943652.33492000,0
1778644800000000,95.56000000,95.99000000,94.88000000,95.14000000,307365.71600000,1778659199999999,29331578.38465000,68678,150031.59300000,14320261.64301000,0
1778659200000000,95.14000000,95.89000000,94.25000000,94.33000000,442947.46300000,1778673599999999,42128681.98941000,111796,231045.69400000,21976719.18980000,0
1778673600000000,94.33000000,94.64000000,90.27000000,90.43000000,1235684.77200000,1778687999999999,114075718.57977000,340579,574344.08400000,53030643.83700000,0
1778688000000000,90.43000000,91.41000000,90.41000000,90.96000000,587067.16700000,1778702399999999,53377248.39668000,144987,293882.18800000,26722361.02115000,0
1778702400000000,90.95000000,91.35000000,90.64000000,91.17000000,272011.39800000,1778716799999999,24769662.89240000,76722,123046.86300000,11206204.55288000,0
1778716800000000,91.17000000,91.42000000,89.82000000,89.93000000,422008.90300000,1778731199999999,38256506.59490000,116265,176558.21400000,16007150.20509000,0
1778731200000000,89.93000000,92.02000000,89.86000000,90.88000000,437427.86300000,1778745599999999,39833067.82342000,100158,217775.63100000,19828387.95239000,0
1778745600000000,90.88000000,91.30000000,90.59000000,90.64000000,241689.98100000,1778759999999999,21975093.51340000,66362,100843.67700000,9170003.01993000,0
1778760000000000,90.64000000,93.25000000,90.54000000,93.16000000,702641.25800000,1778774399999999,64512351.86640000,189645,364303.63100000,33462042.89585000,0
1778774400000000,93.16000000,93.68000000,92.29000000,92.90000000,682691.89000000,1778788799999999,63559116.64215000,210508,348430.93000000,32447833.32415000,0
1778788800000000,92.91000000,93.00000000,92.11000000,92.15000000,222665.91300000,1778803199999999,20623317.96313000,64456,98275.80900000,9105006.93577000,0
1778803200000000,92.16000000,92.66000000,91.47000000,92.06000000,446397.43800000,1778817599999999,41085475.73769000,110648,205117.84600000,18885720.43918000,0
1778817600000000,92.05000000,92.05000000,90.26000000,91.60000000,519608.52000000,1778831999999999,47306532.86669000,111376,245073.90000000,22309925.66717000,0
1778832000000000,91.61000000,91.65000000,90.92000000,91.27000000,356140.51700000,1778846399999999,32497304.14986000,82586,174205.39200000,15898752.87920000,0
1778846400000000,91.26000000,91.27000000,88.55000000,89.04000000,791150.26900000,1778860799999999,70793472.02664000,236231,370424.92900000,33127928.41839000,0
1778860800000000,89.04000000,90.09000000,88.81000000,89.42000000,382337.08000000,1778875199999999,34232120.95761000,103154,221493.55000000,19830387.60146000,0
1778875200000000,89.41000000,89.50000000,89.00000000,89.24000000,180209.80700000,1778889599999999,16085529.76719000,48042,90543.45800000,8081438.17225000,0
1778889600000000,89.23000000,89.44000000,88.95000000,89.05000000,219272.00400000,1778903999999999,19559019.15432000,43323,118317.07000000,10555525.08352000,0
1778904000000000,89.05000000,89.09000000,86.72000000,87.47000000,632823.86200000,1778918399999999,55633754.25841000,131573,271552.42000000,23860991.97392000,0
1778918400000000,87.46000000,87.62000000,85.52000000,86.11000000,569659.11200000,1778932799999999,49144704.98027000,154013,255979.17300000,22079010.96034000,0
1778932800000000,86.12000000,86.71000000,86.01000000,86.50000000,238479.66800000,1778947199999999,20581558.54693000,66374,126109.48700000,10884862.92078000,0
1778947200000000,86.49000000,86.97000000,86.37000000,86.69000000,184539.93800000,1778961599999999,16001490.38608000,51328,96444.84000000,8362583.61804000,0
1778961600000000,86.69000000,86.88000000,86.45000000,86.54000000,118247.01000000,1778975999999999,10246428.09897000,31598,60514.88600000,5244022.75622000,0
1778976000000000,86.53000000,86.72000000,85.59000000,86.53000000,324090.56800000,1778990399999999,27913850.25112000,81384,157947.16500000,13605875.62881000,0
1778990400000000,86.52000000,87.29000000,86.47000000,86.97000000,189198.28400000,1779004799999999,16441347.00648000,51415,101596.94800000,8829155.37545000,0
1779004800000000,86.98000000,87.26000000,86.60000000,86.89000000,293454.72100000,1779019199999999,25508212.51601000,65053,159587.06600000,13872151.68276000,0
1779019200000000,86.89000000,87.02000000,85.95000000,86.46000000,213222.80200000,1779033599999999,18435875.19925000,65149,100733.64900000,8711284.12829000,0
1779033600000000,86.46000000,86.94000000,86.00000000,86.79000000,197572.76000000,1779047999999999,17066618.81492000,50610,110503.30200000,9546772.11209000,0
1779048000000000,86.80000000,86.97000000,83.50000000,85.24000000,696626.10900000,1779062399999999,59347884.61373000,166487,295947.05900000,25217840.33319000,0
1779062400000000,85.23000000,85.47000000,84.40000000,84.85000000,562074.42600000,1779076799999999,47751208.47586000,146244,284260.09500000,24154130.73853000,0
1779076800000000,84.85000000,85.36000000,84.27000000,84.76000000,424422.27400000,1779091199999999,35995316.27053000,98971,200171.79100000,16978034.53435000,0
1779091200000000,84.76000000,85.32000000,84.08000000,84.96000000,355237.71100000,1779105599999999,30068430.93269000,82348,185912.48100000,15744224.70329000,0
1779105600000000,84.97000000,85.80000000,83.62000000,84.20000000,696578.48600000,1779119999999999,58934180.52875000,225932,314745.21500000,26632263.02342000,0
1779120000000000,84.21000000,85.23000000,83.50000000,84.99000000,459326.82800000,1779134399999999,38742961.56771000,153627,245167.23700000,20697770.86847000,0
1779134400000000,85.00000000,85.77000000,84.79000000,85.38000000,274221.61900000,1779148799999999,23402622.34389000,74244,140547.48500000,11997780.88124000,0
1779148800000000,85.38000000,85.97000000,84.62000000,85.07000000,254191.23500000,1779163199999999,21678210.38192000,81217,137166.96500000,11697166.01706000,0
1779163200000000,85.08000000,85.64000000,84.47000000,85.51000000,258205.52000000,1779177599999999,21983826.65632000,66848,133044.14700000,11331638.25990000,0
1779177600000000,85.51000000,85.59000000,84.27000000,84.39000000,323192.79600000,1779191999999999,27420196.21235000,81158,152399.01800000,12926791.09789000,0
1779192000000000,84.39000000,85.10000000,83.70000000,84.37000000,404560.94800000,1779206399999999,34165281.22843000,136443,191482.18500000,16174581.82625000,0
1779206400000000,84.38000000,85.04000000,84.15000000,84.35000000,216874.19400000,1779220799999999,18340812.68679000,74327,103107.37600000,8721207.76143000,0
1779220800000000,84.36000000,84.66000000,84.00000000,84.29000000,205961.52300000,1779235199999999,17380646.83789000,48961,111694.91000000,9426118.07470000,0
1779235200000000,84.30000000,84.54000000,83.85000000,84.10000000,207008.30300000,1779249599999999,17422314.58437000,76849,100805.44100000,8486124.94039000,0
1779249600000000,84.10000000,85.13000000,83.88000000,84.77000000,243128.72200000,1779263999999999,20598210.44859000,65782,119651.75700000,10135505.18050000,0
1779264000000000,84.76000000,85.21000000,84.58000000,84.70000000,220067.15900000,1779278399999999,18694379.86822000,53604,128956.82500000,10955026.19440000,0
1779278400000000,84.70000000,86.27000000,84.19000000,85.92000000,616479.26900000,1779292799999999,52652940.11872000,172643,322532.24900000,27553342.18455000,0
1779292800000000,85.92000000,87.09000000,85.53000000,86.16000000,766824.02000000,1779307199999999,66196385.71047000,154968,406023.28200000,35079525.48863000,0
1779307200000000,86.16000000,86.33000000,85.55000000,86.17000000,311644.96500000,1779321599999999,26787844.34934000,60945,123688.53000000,10635814.38010000,0
1779321600000000,86.17000000,87.06000000,86.11000000,86.85000000,304116.74100000,1779335999999999,26344681.34176000,65249,182039.84400000,15772453.02175000,0
1779336000000000,86.85000000,87.22000000,86.20000000,86.64000000,330927.08900000,1779350399999999,28706160.03018000,62257,164631.91400000,14280472.00592000,0
1779350400000000,86.64000000,87.27000000,85.57000000,85.58000000,424877.76300000,1779364799999999,36675340.11942000,89100,245158.65800000,21171957.25141000,0
1779364800000000,85.58000000,86.90000000,85.32000000,86.46000000,642052.76300000,1779379199999999,55265268.52754000,150192,347324.24100000,29903402.47569000,0
1779379200000000,86.46000000,88.00000000,86.04000000,87.83000000,741905.19000000,1779393599999999,64797711.93732000,155814,392139.57600000,34261493.01546000,0
1779393600000000,87.83000000,87.92000000,87.02000000,87.36000000,210442.35400000,1779407999999999,18408565.56070000,42637,97376.76400000,8518159.48887000,0
1779408000000000,87.35000000,87.36000000,86.59000000,87.03000000,210496.53300000,1779422399999999,18312309.57571000,52545,101959.02700000,8867608.20734000,0
1779422400000000,87.04000000,87.38000000,86.52000000,86.97000000,240782.07200000,1779436799999999,20919115.98225000,54836,110810.03600000,9627272.81055000,0
1779436800000000,86.98000000,87.53000000,86.72000000,87.32000000,271386.65100000,1779451199999999,23646524.22433000,82501,130265.71400000,11349502.86334000,0
1779451200000000,87.33000000,87.85000000,86.27000000,86.77000000,491653.22900000,1779465599999999,42811464.40753000,119134,245759.89300000,21401036.63773000,0
1779465600000000,86.76000000,87.19000000,84.00000000,84.55000000,657896.69600000,1779479999999999,56265402.89909000,159398,299957.73700000,25652762.92031000,0
1779480000000000,84.55000000,85.28000000,84.00000000,84.40000000,336269.48200000,1779494399999999,28510580.15526000,72405,154451.80000000,13100467.25695000,0
1779494400000000,84.40000000,84.86000000,84.07000000,84.68000000,309468.70500000,1779508799999999,26129697.86098000,60132,163065.12000000,13772037.60972000,0
1779508800000000,84.69000000,84.72000000,81.50000000,82.25000000,680176.65700000,1779523199999999,56418207.20451000,119952,314639.60100000,26072732.77169000,0
1779523200000000,82.25000000,82.49000000,81.63000000,82.31000000,408073.93700000,1779537599999999,33506004.47317000,89709,178123.78400000,14628288.63050000,0
1779537600000000,82.30000000,84.54000000,82.15000000,84.10000000,447324.05200000,1779551999999999,37336688.47514000,95056,252477.21800000,21071798.29236000,0
1779552000000000,84.09000000,85.14000000,83.93000000,84.96000000,324487.30100000,1779566399999999,27440251.37360000,73893,173393.92700000,14669181.57199000,0
1779566400000000,84.97000000,87.50000000,84.80000000,85.75000000,803571.05900000,1779580799999999,69358806.55013000,163436,423852.68400000,36578325.01870000,0
1779580800000000,85.76000000,86.23000000,85.62000000,85.81000000,169164.57000000,1779595199999999,14532987.63812000,49810,89873.49800000,7722003.49672000,0
1779595200000000,85.81000000,86.70000000,85.58000000,86.07000000,203258.24500000,1779609599999999,17499355.90115000,49756,107283.94800000,9237799.63351000,0
1779609600000000,86.07000000,87.00000000,86.01000000,86.66000000,396975.85600000,1779623999999999,34359436.45061000,70694,219828.30600000,19030775.59505000,0
1779624000000000,86.67000000,86.69000000,84.48000000,85.31000000,399780.38800000,1779638399999999,34219948.94430000,89838,195777.17900000,16766774.93097000,0
1779638400000000,85.30000000,85.88000000,85.11000000,85.37000000,247308.06700000,1779652799999999,21137751.15670000,58432,115502.36300000,9876932.79247000,0
1779652800000000,85.38000000,85.52000000,83.70000000,85.27000000,670170.27700000,1779667199999999,56796699.06966000,124167,335392.31700000,28422365.81754000,0
1779667200000000,85.27000000,85.85000000,84.80000000,84.95000000,302541.22000000,1779681599999999,25815856.65302000,75261,160488.95000000,13701552.54398000,0
1779681600000000,84.95000000,86.19000000,84.93000000,85.96000000,296058.73700000,1779695999999999,25401723.32176000,70658,144708.69500000,12416231.37919000,0
1779696000000000,85.95000000,86.22000000,85.70000000,85.76000000,191019.63200000,1779710399999999,16422302.14676000,45635,91560.46400000,7872150.15588000,0
1779710400000000,85.77000000,86.52000000,85.66000000,86.26000000,275060.26700000,1779724799999999,23684840.27169000,66440,142537.33800000,12273485.48149000,0
1779724800000000,86.26000000,86.44000000,85.52000000,85.64000000,254550.41800000,1779739199999999,21900531.58043000,69524,138751.58900000,11937302.86334000,0
1779739200000000,85.64000000,85.87000000,84.71000000,85.06000000,243005.19100000,1779753599999999,20708784.96125000,68376,129242.98500000,11011979.22889000,0
1779753600000000,85.06000000,85.09000000,83.85000000,84.22000000,332787.53500000,1779767999999999,28039579.43582000,86367,135280.34600000,11401230.11453000,0
1779768000000000,84.23000000,84.97000000,84.01000000,84.35000000,266263.49800000,1779782399999999,22486226.89101000,62211,152066.92300000,12841420.01359000,0
1779782400000000,84.36000000,85.80000000,84.29000000,85.21000000,392562.55900000,1779796799999999,33408594.54912000,87107,220179.12400000,18723665.58314000,0
1779796800000000,85.22000000,86.13000000,84.03000000,84.49000000,721984.08000000,1779811199999999,61457977.07335000,165155,370469.96300000,31542005.02920000,0
1779811200000000,84.49000000,84.57000000,83.15000000,83.80000000,511232.12800000,1779825599999999,42879447.90358000,127489,234996.95700000,19717920.00919000,0
1779825600000000,83.80000000,83.98000000,83.54000000,83.72000000,133947.63000000,1779839999999999,11223018.65539000,50664,76581.46600000,6418048.28966000,0
1779840000000000,83.73000000,84.19000000,83.48000000,83.63000000,175200.83500000,1779854399999999,14695022.69326000,65004,92659.64700000,7774667.92340000,0
1779854400000000,83.62000000,84.21000000,82.86000000,84.21000000,227771.07900000,1779868799999999,19043542.04882000,63384,108963.40900000,9116359.22274000,0
1779868800000000,84.20000000,84.42000000,83.60000000,83.94000000,252667.17700000,1779883199999999,21227991.06047000,63910,110659.12400000,9304178.07826000,0
1779883200000000,83.95000000,84.84000000,82.98000000,84.44000000,636298.91700000,1779897599999999,53458047.12225000,197272,355398.00600000,29873048.93068000,0
1779897600000000,84.44000000,84.75000000,83.16000000,83.91000000,380615.33700000,1779911999999999,31909829.56533000,139728,212660.51100000,17827964.79476000,0
1779912000000000,83.92000000,84.14000000,82.10000000,82.44000000,446903.01800000,1779926399999999,37047256.99764000,162162,196526.61800000,16308357.91972000,0
1779926400000000,82.43000000,82.76000000,80.50000000,80.70000000,598957.89800000,1779940799999999,48964629.29744000,202522,239618.88600000,19591558.75417000,0
1779940800000000,80.70000000,81.30000000,80.00000000,81.26000000,492291.58100000,1779955199999999,39724157.29289000,141666,273572.43600000,22083010.37328000,0
1779955200000000,81.26000000,81.32000000,80.60000000,80.88000000,239310.64900000,1779969599999999,19396076.71764000,72573,101382.18700000,8214892.42847000,0
1779969600000000,80.88000000,81.66000000,80.02000000,81.14000000,451157.82700000,1779983999999999,36494567.96226000,208111,244435.46200000,19774674.08582000,0
1779984000000000,81.15000000,83.01000000,80.91000000,82.19000000,352604.25300000,1779998399999999,28997758.45872000,152254,193241.71000000,15900151.61369000,0
1779998400000000,82.18000000,82.70000000,81.78000000,82.11000000,172593.27200000,1780012799999999,14203045.92300000,76059,81989.36600000,6749629.86067000,0
1780012800000000,82.12000000,82.48000000,81.47000000,81.61000000,214530.38900000,1780027199999999,17594627.88600000,73116,106722.30600000,8757510.73540000,0
1780027200000000,81.62000000,82.49000000,81.36000000,82.24000000,287971.67000000,1780041599999999,23626654.11646000,79273,180725.50000000,14831300.93992000,0
1780041600000000,82.25000000,82.65000000,81.52000000,81.77000000,257579.27000000,1780055999999999,21178039.61826000,69628,141885.99100000,11666674.55957000,0
1780056000000000,81.76000000,83.24000000,80.35000000,82.59000000,709390.78200000,1780070399999999,58000603.78127000,237850,383207.59200000,31333262.96985000,0
1780070400000000,82.58000000,83.22000000,81.60000000,82.06000000,372311.30600000,1780084799999999,30772308.42996000,154865,178992.94300000,14804844.13848000,0
1780084800000000,82.06000000,82.40000000,81.62000000,82.04000000,222494.22900000,1780099199999999,18246961.88133000,60259,123953.51900000,10166677.61375000,0
1780099200000000,82.04000000,83.10000000,81.94000000,82.67000000,179009.03500000,1780113599999999,14795478.27204000,47621,102170.38600000,8443876.47561000,0
1780113600000000,82.67000000,82.80000000,81.86000000,82.37000000,218404.49900000,1780127999999999,17995933.05943000,52408,97308.82600000,8021191.34188000,0
1780128000000000,82.37000000,82.55000000,82.19000000,82.33000000,95905.49700000,1780142399999999,7896828.12984000,29275,48107.47300000,3961273.42304000,0
1780142400000000,82.33000000,82.92000000,82.25000000,82.69000000,226659.41200000,1780156799999999,18709176.53088000,54845,128775.93700000,10628681.27973000,0
1780156800000000,82.68000000,83.14000000,82.63000000,82.99000000,163056.43600000,1780171199999999,13519401.66392000,46869,89713.46800000,7439645.20924000,0
1780171200000000,82.99000000,83.17000000,82.45000000,82.73000000,135455.36500000,1780185599999999,11222839.03943000,37613,65886.41000000,5460713.55526000,0
1780185600000000,82.74000000,83.42000000,82.62000000,83.25000000,163777.35800000,1780199999999999,13608810.49554000,53591,88948.68500000,7392136.77741000,0
1780200000000000,83.24000000,83.30000000,82.52000000,82.66000000,127597.95200000,1780214399999999,10583172.01162000,44993,62222.41400000,5162005.50868000,0
1780214400000000,82.67000000,83.05000000,82.49000000,82.76000000,120279.22800000,1780228799999999,9951288.59448000,34835,63728.45300000,5274038.37283000,0
1780228800000000,82.76000000,83.12000000,81.79000000,81.88000000,249911.43500000,1780243199999999,20561526.57617000,70529,119824.15600000,9862213.13739000,0
1780243200000000,81.88000000,82.04000000,81.33000000,81.58000000,166343.77100000,1780257599999999,13581872.62759000,50721,67449.92700000,5508092.65967000,0
1780257600000000,81.59000000,82.92000000,81.59000000,82.44000000,165970.92200000,1780271999999999,13659089.95146000,62712,95894.79100000,7892130.81925000,0
