1777593600000000,2257.51000000,2295.00000000,2257.21000000,2282.87000000,26924.69360000,1777607999999999,61293731.92503900,289839,14655.09830000,33350471.03711800,0
1777608000000000,2282.87000000,2286.75000000,2272.09000000,2279.48000000,22911.86680000,1777622399999999,52234123.59012900,216692,8892.37210000,20276400.99502200,0
1777622400000000,2279.50000000,2293.00000000,2277.06000000,2286.45000000,18694.31890000,1777636799999999,42707010.60639800,200289,8811.08110000,20128018.07778900,0
1777636800000000,2286.46000000,2325.28000000,2284.15000000,2307.64000000,74814.72450000,1777651199999999,172745191.22571900,585911,36698.00440000,84728337.79473400,0
1777651200000000,2307.64000000,2314.21000000,2298.17000000,2304.85000000,26400.50380000,1777665599999999,60879168.86742100,301474,11807.35280000,27226616.34049700,0
1777665600000000,2304.85000000,2305.86000000,2278.98000000,2295.63000000,21336.44740000,1777679999999999,48892029.61321000,211276,8669.82420000,19870611.28381100,0
1777680000000000,2295.63000000,2308.34000000,2292.91000000,2304.44000000,10951.36060000,1777694399999999,25191053.07674600,165359,6430.62680000,14794497.78693600,0
1777694400000000,2304.43000000,2306.35000000,2296.62000000,2301.02000000,10106.36540000,1777708799999999,23258711.30472400,116339,3673.30030000,8454457.74345900,0
1777708800000000,2301.01000000,2307.78000000,2299.05000000,2302.10000000,8398.45980000,1777723199999999,19347551.74644800,99997,3445.41900000,7937247.27475900,0
1777723200000000,2302.09000000,2311.83000000,2301.36000000,2309.19000000,11671.86100000,1777737599999999,26928729.24245200,107794,6317.27780000,14576037.25152500,0
1777737600000000,2309.18000000,2313.98000000,2304.08000000,2311.08000000,10993.09170000,1777751999999999,25386006.02958800,117966,6079.63830000,14039523.85590000,0
1777752000000000,2311.08000000,2343.60000000,2309.59000000,2316.97000000,33467.33390000,1777766399999999,77802445.53793100,263244,19716.53370000,45848215.83737100,0
1777766400000000,2316.97000000,2317.69000000,2299.38000000,2301.90000000,19468.87980000,1777780799999999,44906713.90171400,182498,7450.41490000,17183917.61581300,0
1777780800000000,2301.90000000,2314.01000000,2297.59000000,2309.28000000,11221.53220000,1777795199999999,25863946.39337600,115727,5698.03470000,13135686.46092600,0
1777795200000000,2309.28000000,2327.50000000,2307.49000000,2319.63000000,17555.12580000,1777809599999999,40666476.20277400,159932,9951.23210000,23056034.78817900,0
1777809600000000,2319.63000000,2333.91000000,2319.63000000,2328.44000000,21474.09310000,1777823999999999,49962494.59405000,213808,10823.37290000,25183037.57923400,0
1777824000000000,2328.45000000,2337.87000000,2322.38000000,2335.59000000,19196.13350000,1777838399999999,44750825.44232300,168382,10359.82600000,24155747.10412500,0
1777838400000000,2335.60000000,2356.92000000,2315.00000000,2322.65000000,62158.66980000,1777852799999999,145219543.48384200,533943,30209.29320000,70589584.72619800,0
1777852800000000,2322.65000000,2391.00000000,2309.24000000,2385.12000000,114327.99650000,1777867199999999,270073450.88248100,883575,57208.65030000,135184709.33822600,0
1777867200000000,2385.11000000,2398.93000000,2354.20000000,2362.80000000,69420.51890000,1777881599999999,165096205.24170500,466765,31591.62510000,75150936.46785200,0
1777881600000000,2362.79000000,2371.09000000,2314.25000000,2337.59000000,85731.03210000,1777895999999999,200593492.95305100,794562,41576.87580000,97288755.25275800,0
1777896000000000,2337.59000000,2381.80000000,2325.71000000,2350.10000000,103215.19310000,1777910399999999,242716919.73184500,1060836,51732.79020000,121645049.09336900,0
1777910400000000,2350.11000000,2379.52000000,2336.63000000,2356.52000000,62301.44420000,1777924799999999,147051915.11345600,693394,30189.82980000,71254546.27391800,0
1777924800000000,2356.52000000,2365.91000000,2344.83000000,2347.16000000,18024.61370000,1777939199999999,42458766.14405300,237961,8256.71280000,19451854.60301900,0
1777939200000000,2347.17000000,2389.38000000,2344.93000000,2382.43000000,43369.65370000,1777953599999999,102911351.41307100,379509,20211.59500000,47936384.90843500,0
1777953600000000,2382.43000000,2390.74000000,2367.35000000,2380.59000000,49038.94050000,1777967999999999,116736198.02326100,372001,22697.65390000,54041416.40741700,0
1777968000000000,2380.59000000,2384.62000000,2366.76000000,2379.89000000,29380.95350000,1777982399999999,69799969.32213900,262185,14721.55930000,34969380.51718500,0
1777982400000000,2379.89000000,2399.50000000,2369.17000000,2381.31000000,78808.51000000,1777996799999999,188014480.11743700,696726,39426.21610000,94084462.37915900,0
1777996800000000,2381.30000000,2383.38000000,2359.71000000,2371.94000000,40911.27280000,1778011199999999,96954986.54099800,377499,20766.65120000,49218721.99935400,0
1778011200000000,2371.94000000,2388.54000000,2354.34000000,2360.77000000,45127.40070000,1778025599999999,107063563.69367500,424270,21504.39420000,51056878.56660600,0
1778025600000000,2360.76000000,2380.87000000,2355.00000000,2376.80000000,33054.80320000,1778039999999999,78271149.26314600,384980,17510.94900000,41470746.54598300,0
1778040000000000,2376.81000000,2379.40000000,2355.00000000,2371.74000000,33514.67250000,1778054399999999,79324880.54666300,307921,16953.38210000,40133068.51579700,0
1778054400000000,2371.74000000,2423.74000000,2369.16000000,2410.47000000,113801.04660000,1778068799999999,273618535.84830200,695277,59890.51010000,143953241.66312400,0
1778068800000000,2410.47000000,2413.59000000,2346.68000000,2359.10000000,137462.54150000,1778083199999999,326500848.53802300,950635,61108.24090000,145210547.77790300,0
1778083200000000,2359.10000000,2367.47000000,2338.00000000,2348.50000000,59822.68020000,1778097599999999,140680471.90951900,432840,22693.25230000,53367534.33193300,0
1778097600000000,2348.49000000,2357.45000000,2338.28000000,2350.84000000,43011.57210000,1778111999999999,101045742.30972000,290972,14851.21900000,34887824.13339700,0
1778112000000000,2350.84000000,2352.30000000,2313.89000000,2322.39000000,63504.31730000,1778126399999999,147718361.87307700,523410,25385.22900000,59027085.34340200,0
1778126400000000,2322.39000000,2346.89000000,2317.80000000,2344.59000000,51518.00990000,1778140799999999,120176362.89107600,333196,21238.92720000,49541539.00713700,0
1778140800000000,2344.59000000,2346.60000000,2317.35000000,2329.94000000,54139.78180000,1778155199999999,126223511.70263700,402865,21159.34070000,49339085.97887200,0
1778155200000000,2329.94000000,2337.13000000,2285.95000000,2294.82000000,129506.95220000,1778169599999999,298943585.36180300,855763,51727.20150000,119411804.80128100,0
1778169600000000,2294.82000000,2304.00000000,2280.10000000,2295.98000000,98757.48200000,1778183999999999,226538965.39469400,688038,36392.37870000,83484192.15588200,0
1778184000000000,2295.98000000,2302.57000000,2281.04000000,2291.06000000,72095.39460000,1778198399999999,165120151.38291200,387811,21618.43520000,49502188.89293300,0
1778198400000000,2291.06000000,2294.28000000,2265.61000000,2278.76000000,54369.02610000,1778212799999999,123957786.63319900,393281,20604.70450000,46975325.78780900,0
1778212800000000,2278.77000000,2284.54000000,2267.15000000,2281.35000000,73893.46490000,1778227199999999,168211725.58419400,339640,27763.67910000,63210662.57432500,0
1778227200000000,2281.37000000,2298.01000000,2280.15000000,2295.38000000,65719.13730000,1778241599999999,150305493.28273400,343091,34017.19260000,77813315.09613800,0
1778241600000000,2295.38000000,2302.00000000,2269.96000000,2293.20000000,85201.34210000,1778255999999999,194501490.53541000,734683,35440.31050000,80907726.56306800,0
1778256000000000,2293.20000000,2321.22000000,2286.42000000,2316.05000000,76484.52060000,1778270399999999,176520488.37860600,507189,32344.26750000,74632942.61874000,0
1778270400000000,2316.06000000,2319.15000000,2303.19000000,2307.06000000,65367.66720000,1778284799999999,151043017.22794200,250172,14603.84530000,33747710.09118000,0
1778284800000000,2307.07000000,2320.77000000,2304.19000000,2315.33000000,39168.71880000,1778299199999999,90610920.63576700,195005,13871.16950000,32098402.54453800,0
1778299200000000,2315.33000000,2325.33000000,2310.90000000,2314.69000000,51761.09100000,1778313599999999,119884973.14474000,199194,19645.06740000,45506119.10428500,0
1778313600000000,2314.69000000,2320.53000000,2310.24000000,2314.57000000,25659.72800000,1778327999999999,59409184.50601400,122616,9826.09860000,22755457.32549000,0
1778328000000000,2314.56000000,2318.27000000,2300.00000000,2317.63000000,31105.77980000,1778342399999999,71900472.13934000,223767,14407.55870000,33307271.00211000,0
1778342400000000,2317.64000000,2338.37000000,2315.29000000,2332.01000000,56917.64830000,1778356799999999,132495433.50429400,349590,26062.18610000,60659495.82312400,0
1778356800000000,2332.02000000,2333.47000000,2324.70000000,2326.44000000,25818.19110000,1778371199999999,60140740.16571400,158453,7148.50000000,16651689.16797200,0
1778371200000000,2326.43000000,2332.91000000,2318.33000000,2327.76000000,33278.13660000,1778385599999999,77377176.54525000,211480,10692.92660000,24866762.80430900,0
1778385600000000,2327.75000000,2332.09000000,2326.10000000,2327.36000000,26964.35160000,1778399999999999,62787274.77308300,162429,8518.05160000,19835110.59379400,0
1778400000000000,2327.36000000,2333.59000000,2319.00000000,2322.58000000,28879.99920000,1778414399999999,67196718.87018600,184657,9880.90490000,22991802.98726500,0
1778414400000000,2322.59000000,2351.66000000,2320.87000000,2347.56000000,51926.97750000,1778428799999999,121177230.77310000,300962,22011.07260000,51409712.60067500,0
1778428800000000,2347.56000000,2368.00000000,2340.11000000,2365.54000000,154424.55990000,1778443199999999,363185897.68717100,432631,118760.18440000,279186197.91604000,0
1778443200000000,2365.54000000,2382.53000000,2311.83000000,2371.27000000,102648.83750000,1778457599999999,241553955.77908900,980590,49258.19190000,116006714.29547800,0
1778457600000000,2371.26000000,2374.92000000,2320.01000000,2330.56000000,60324.27160000,1778471999999999,141516137.57921300,678673,26752.63530000,62764826.50816300,0
1778472000000000,2330.56000000,2342.44000000,2326.66000000,2330.54000000,35309.27600000,1778486399999999,82409373.33353900,273799,14630.28560000,34148339.73926500,0
1778486400000000,2330.55000000,2339.90000000,2326.66000000,2335.80000000,21339.08610000,1778500799999999,49795722.30409500,262690,9464.87360000,22088266.27349300,0
1778500800000000,2335.80000000,2338.89000000,2304.00000000,2333.48000000,54288.22570000,1778515199999999,126108053.20477100,663948,23396.41490000,54359062.94744400,0
1778515200000000,2333.48000000,2344.35000000,2323.68000000,2340.43000000,43385.86460000,1778529599999999,101378810.53855100,457169,18462.39130000,43143267.93178300,0
1778529600000000,2340.44000000,2345.68000000,2335.08000000,2339.87000000,22315.33120000,1778543999999999,52219967.29275400,258314,10783.60250000,25234476.50999400,0
1778544000000000,2339.88000000,2340.85000000,2295.01000000,2309.37000000,46792.48960000,1778558399999999,108295182.84451200,442505,21876.93500000,50652511.12681000,0
1778558400000000,2309.36000000,2314.49000000,2291.63000000,2295.20000000,35381.71270000,1778572799999999,81551632.23785800,233132,13966.71440000,32184704.73849600,0
1778572800000000,2295.20000000,2296.27000000,2278.57000000,2287.01000000,60392.79820000,1778587199999999,138102164.84819900,399609,28309.81590000,64737889.64123800,0
1778587200000000,2287.02000000,2294.01000000,2256.67000000,2261.85000000,63665.27820000,1778601599999999,144821051.59250300,828775,27124.48230000,61720275.44139000,0
1778601600000000,2261.86000000,2287.43000000,2256.27000000,2285.09000000,29736.93380000,1778615999999999,67590284.62968700,408943,14639.53490000,33280375.10687300,0
1778616000000000,2285.10000000,2291.37000000,2273.88000000,2274.96000000,17011.89570000,1778630399999999,38844643.64470500,207417,6642.81220000,15172786.82724800,0
1778630400000000,2274.97000000,2303.77000000,2273.34000000,2301.77000000,25629.71210000,1778644799999999,58733882.08938100,370680,13091.44780000,30002572.71357100,0
1778644800000000,2301.76000000,2309.00000000,2295.63000000,2301.07000000,20242.60800000,1778659199999999,46598565.98019900,204639,8646.33690000,19905261.83377600,0
1778659200000000,2301.07000000,2323.36000000,2299.00000000,2301.82000000,39654.71310000,1778673599999999,91670926.13290200,334434,22011.42420000,50877296.76623400,0
1778673600000000,2301.83000000,2307.54000000,2234.13000000,2236.49000000,101419.74340000,1778687999999999,229797898.36170500,738479,45926.33750000,104115195.78050100,0
1778688000000000,2236.48000000,2268.49000000,2235.48000000,2256.53000000,55259.29000000,1778702399999999,124501701.63248800,327442,26880.46730000,60554924.98899800,0
1778702400000000,2256.53000000,2264.46000000,2251.00000000,2258.65000000,16249.66330000,1778716799999999,36691728.22520300,169926,7624.34740000,17216400.55044300,0
1778716800000000,2258.66000000,2269.37000000,2238.64000000,2242.14000000,28395.76130000,1778731199999999,64089642.37889700,364318,11227.36160000,25342056.52345200,0
1778731200000000,2242.14000000,2275.20000000,2239.54000000,2265.48000000,28603.53370000,1778745599999999,64779481.06791000,285851,15392.06110000,34856115.26323100,0
1778745600000000,2265.49000000,2270.99000000,2252.53000000,2253.81000000,31025.11040000,1778759999999999,70154546.03341300,289402,17105.70980000,38679497.70269200,0
1778760000000000,2253.81000000,2299.70000000,2246.13000000,2298.48000000,68751.78440000,1778774399999999,156240171.87230500,777022,34447.35640000,78324378.91668100,0
1778774400000000,2298.48000000,2319.33000000,2293.96000000,2298.34000000,71280.16800000,1778788799999999,164451362.89106700,723164,35727.53830000,82443362.55504000,0
1778788800000000,2298.34000000,2301.67000000,2280.18000000,2283.25000000,28624.47810000,1778803199999999,65653504.35382800,290650,13852.33070000,31783919.07073000,0
1778803200000000,2283.26000000,2300.29000000,2260.45000000,2273.34000000,56947.01880000,1778817599999999,129690554.81397300,499357,17269.86790000,39358561.44292400,0
1778817600000000,2273.35000000,2273.91000000,2237.95000000,2265.11000000,50307.02380000,1778831999999999,113459432.84099700,450040,22164.06790000,49996179.69879800,0
1778832000000000,2265.11000000,2265.42000000,2250.00000000,2257.57000000,30771.65190000,1778846399999999,69472696.25958400,348748,15424.32470000,34822467.88469100,0
1778846400000000,2257.56000000,2260.72000000,2205.11000000,2222.85000000,98329.86220000,1778860799999999,218720724.78739400,1049205,43130.55330000,95901031.11296800,0
1778860800000000,2222.86000000,2232.88000000,2218.90000000,2223.35000000,32854.53900000,1778875199999999,73151594.79938700,404174,16657.45830000,37092445.93064500,0
1778875200000000,2223.35000000,2226.29000000,2215.00000000,2224.66000000,19326.45500000,1778889599999999,42938869.41098300,225784,8537.75980000,18970109.73836900,0
1778889600000000,2224.65000000,2231.51000000,2223.53000000,2228.01000000,11176.83180000,1778903999999999,24907666.89542700,165343,5989.00800000,13347751.72520100,0
1778904000000000,2228.00000000,2228.96000000,2182.00000000,2194.81000000,52860.58160000,1778918399999999,116338233.06194500,413958,25490.48750000,56072757.63730900,0
1778918400000000,2194.81000000,2196.87000000,2162.55000000,2176.10000000,66188.90010000,1778932799999999,144010330.34834300,455164,28446.47490000,61885300.58680700,0
1778932800000000,2176.11000000,2188.16000000,2172.30000000,2180.00000000,38164.98320000,1778947199999999,83119116.75875000,243536,17047.58540000,37128080.06451000,0
1778947200000000,2180.00000000,2185.22000000,2170.50000000,2179.57000000,23176.12850000,1778961599999999,50467938.59872300,161654,10751.29160000,23418980.93118800,0
1778961600000000,2179.57000000,2183.54000000,2179.35000000,2180.77000000,7721.15090000,1778975999999999,16844661.40415800,102228,4017.45170000,8764715.10653500,0
1778976000000000,2180.77000000,2185.60000000,2167.98000000,2181.70000000,22317.44490000,1778990399999999,48568510.98378700,247485,11163.75840000,24295448.82460600,0
1778990400000000,2181.71000000,2195.00000000,2181.14000000,2186.64000000,17300.98820000,1779004799999999,37836038.10273300,167464,9385.36190000,20528957.31532500,0
1779004800000000,2186.63000000,2198.14000000,2183.12000000,2192.00000000,15590.77780000,1779019199999999,34158284.37524100,171257,8178.40050000,17919279.73066400,0
1779019200000000,2192.00000000,2198.04000000,2178.39000000,2186.51000000,18881.28670000,1779033599999999,41331094.02605000,237689,8012.14390000,17539162.31575400,0
1779033600000000,2186.51000000,2193.62000000,2176.63000000,2192.53000000,12368.23510000,1779047999999999,27019733.36234600,196922,6546.47210000,14303626.44076100,0
1779048000000000,2192.54000000,2194.82000000,2091.48000000,2131.00000000,88658.08220000,1779062399999999,189663826.67764000,617788,40512.60420000,86649636.90959500,0
1779062400000000,2131.00000000,2132.00000000,2104.99000000,2118.44000000,66934.93130000,1779076799999999,141643246.72059400,765049,27723.02690000,58668106.54098700,0
1779076800000000,2118.44000000,2125.83000000,2110.00000000,2120.82000000,32135.99810000,1779091199999999,68089129.88213300,340324,15343.40570000,32514559.70836200,0
1779091200000000,2120.82000000,2139.75000000,2110.50000000,2133.90000000,32838.40050000,1779105599999999,69698475.18022400,319323,17288.81440000,36703115.91947600,0
1779105600000000,2133.90000000,2157.24000000,2093.77000000,2107.48000000,113725.53240000,1779119999999999,241430297.15706400,1195239,52327.11550000,111099033.17567400,0
1779120000000000,2107.49000000,2128.49000000,2077.23000000,2125.07000000,93607.24550000,1779134399999999,196647677.86891800,956880,47370.83140000,99540666.66340500,0
1779134400000000,2125.07000000,2142.67000000,2114.59000000,2130.08000000,42636.28540000,1779148799999999,90881015.65532400,405170,23838.96980000,50819317.11611200,0
1779148800000000,2130.08000000,2146.95000000,2118.60000000,2131.30000000,28665.03070000,1779163199999999,61084243.31920200,455879,15802.24800000,33682200.75993400,0
1779163200000000,2131.30000000,2145.00000000,2123.61000000,2140.97000000,24673.13610000,1779177599999999,52691050.80020800,277860,12900.89270000,27554827.16585600,0
1779177600000000,2140.97000000,2141.40000000,2106.77000000,2110.85000000,35095.63480000,1779191999999999,74419763.68306500,387102,13646.98610000,28951142.76557600,0
1779192000000000,2110.85000000,2127.53000000,2094.47000000,2110.19000000,55879.33800000,1779206399999999,117988583.43464000,720503,24250.75170000,51213805.31152700,0
1779206400000000,2110.20000000,2125.07000000,2107.12000000,2113.15000000,24674.86200000,1779220799999999,52216912.36316700,303645,11785.63790000,24940749.09530500,0
1779220800000000,2113.14000000,2120.59000000,2102.09000000,2111.93000000,17957.07340000,1779235199999999,37937782.25502200,211976,7687.15670000,16238229.06991200,0
1779235200000000,2111.93000000,2119.24000000,2103.29000000,2111.60000000,19314.47950000,1779249599999999,40761430.80809000,374601,9740.96750000,20561690.15622200,0
1779249600000000,2111.60000000,2136.50000000,2107.30000000,2129.74000000,35114.28940000,1779263999999999,74654557.75311000,278404,17800.23820000,37831899.38793700,0
1779264000000000,2129.75000000,2138.00000000,2124.28000000,2128.30000000,22183.42470000,1779278399999999,47282684.86254700,210722,11161.59010000,23792918.18967700,0
1779278400000000,2128.31000000,2149.00000000,2113.87000000,2136.75000000,58916.98370000,1779292799999999,125593154.26267100,702552,27664.11650000,58993704.01182200,0
1779292800000000,2136.76000000,2148.77000000,2124.10000000,2139.12000000,32155.66400000,1779307199999999,68728048.07544800,422992,16507.50840000,35287194.39832500,0
1779307200000000,2139.12000000,2140.76000000,2118.45000000,2129.44000000,21403.45270000,1779321599999999,45556898.47857000,267234,11038.56170000,23485918.87754500,0
1779321600000000,2129.44000000,2157.50000000,2128.59000000,2145.76000000,27764.97470000,1779335999999999,59516421.91133900,342660,15405.83420000,33022143.91945400,0
1779336000000000,2145.76000000,2148.75000000,2124.25000000,2135.06000000,27168.55270000,1779350399999999,58017494.43244000,253863,11784.57080000,25165335.69226300,0
1779350400000000,2135.07000000,2148.33000000,2110.00000000,2115.27000000,41666.61870000,1779364799999999,88552371.83018700,423157,20412.70620000,43382448.55068900,0
1779364800000000,2115.28000000,2138.05000000,2105.15000000,2132.65000000,65871.67790000,1779379199999999,139712301.79141400,677054,36217.47520000,76828609.33820600,0
1779379200000000,2132.64000000,2153.75000000,2121.79000000,2142.83000000,55972.00730000,1779393599999999,119660659.64974600,639991,27857.38440000,59565297.90974000,0
1779393600000000,2142.84000000,2143.46000000,2127.27000000,2133.76000000,14445.28040000,1779407999999999,30864715.32927700,189425,7278.09720000,15553689.79582900,0
1779408000000000,2133.77000000,2141.39000000,2125.68000000,2137.88000000,14039.10240000,1779422399999999,29961026.24824700,237318,7288.72920000,15555737.53014400,0
1779422400000000,2137.89000000,2141.34000000,2122.22000000,2128.70000000,23434.86280000,1779436799999999,49917943.24557400,211660,11952.20600000,25458520.64391800,0
1779436800000000,2128.70000000,2133.34000000,2119.18000000,2130.78000000,30833.21660000,1779451199999999,65531671.31015400,256005,16596.69660000,35269910.84512100,0
1779451200000000,2130.78000000,2138.00000000,2112.47000000,2119.48000000,42385.95850000,1779465599999999,90101899.70454500,510346,23703.64330000,50399864.00674200,0
1779465600000000,2119.49000000,2130.00000000,2058.00000000,2065.54000000,71524.65790000,1779479999999999,149550864.80096700,687873,31417.53670000,65639378.40466400,0
1779480000000000,2065.54000000,2079.59000000,2057.79000000,2065.85000000,39565.45660000,1779494399999999,81953847.23110300,441016,19030.56460000,39425057.12351200,0
1779494400000000,2065.86000000,2072.00000000,2053.00000000,2070.78000000,35673.54750000,1779508799999999,73669523.59830200,345587,16747.79200000,34593740.69914000,0
1779508800000000,2070.78000000,2071.19000000,2009.30000000,2028.59000000,75799.21270000,1779523199999999,154592088.32413700,310244,35585.83380000,72588619.68653900,0
1779523200000000,2028.58000000,2036.01000000,2021.07000000,2031.48000000,34325.37160000,1779537599999999,69654929.15260000,274787,21176.20070000,42983357.58675100,0
1779537600000000,2031.48000000,2068.68000000,2027.35000000,2060.27000000,54590.26810000,1779551999999999,111796645.30131400,414629,33502.44120000,68567870.84351000,0
1779552000000000,2060.27000000,2083.64000000,2057.25000000,2077.33000000,39862.38510000,1779566399999999,82588429.15837700,367684,20710.83260000,42906693.32794700,0
1779566400000000,2077.34000000,2149.95000000,2074.84000000,2117.68000000,110295.44390000,1779580799999999,233852083.04306200,928801,58292.98200000,123535167.01876100,0
1779580800000000,2117.69000000,2127.28000000,2113.10000000,2119.04000000,29103.05090000,1779595199999999,61733066.95883700,251956,15645.35850000,33186938.06269800,0
1779595200000000,2119.05000000,2129.93000000,2113.65000000,2121.01000000,28463.34800000,1779609599999999,60362751.98224600,186091,13132.78200000,27853322.60259900,0
1779609600000000,2121.02000000,2132.14000000,2119.05000000,2126.18000000,20978.19890000,1779623999999999,44547066.64608400,207169,10320.06770000,21917094.04178700,0
1779624000000000,2126.19000000,2126.58000000,2079.52000000,2095.84000000,53181.48650000,1779638399999999,111846595.73636900,459126,26170.03080000,55084182.47141300,0
1779638400000000,2095.83000000,2109.00000000,2095.22000000,2100.87000000,16390.00180000,1779652799999999,34447129.29092800,231916,8347.57800000,17544985.40397400,0
1779652800000000,2100.87000000,2107.00000000,2063.00000000,2099.85000000,49632.67440000,1779667199999999,103596173.11078800,591758,22344.81140000,46638918.84727200,0
1779667200000000,2099.86000000,2113.25000000,2092.57000000,2095.58000000,24131.10800000,1779681599999999,50734585.32317200,360615,11331.49150000,23827760.12412800,0
1779681600000000,2095.59000000,2117.55000000,2092.26000000,2116.28000000,42000.33050000,1779695999999999,88500841.43256700,306808,21534.84180000,45393467.14839500,0
1779696000000000,2116.29000000,2124.10000000,2111.70000000,2114.95000000,21667.03160000,1779710399999999,45880443.38725600,211838,12686.49550000,26866343.28141900,0
1779710400000000,2114.95000000,2138.28000000,2112.25000000,2127.12000000,29687.98550000,1779724799999999,63038363.85371600,329422,16448.30790000,34928447.84719900,0
1779724800000000,2127.13000000,2141.98000000,2116.55000000,2121.43000000,23506.46430000,1779739199999999,50059999.26126300,275608,11624.09200000,24757550.53940400,0
1779739200000000,2121.42000000,2123.16000000,2102.35000000,2113.01000000,25435.67800000,1779753599999999,53702634.73451900,302330,12632.93120000,26674116.02597400,0
1779753600000000,2113.01000000,2113.89000000,2084.52000000,2093.12000000,34695.09770000,1779767999999999,72644103.94040000,442955,12601.90200000,26388106.02405100,0
1779768000000000,2093.11000000,2104.65000000,2088.82000000,2095.61000000,22937.96060000,1779782399999999,48098261.45158600,229481,9775.69890000,20497510.39899400,0
1779782400000000,2095.61000000,2137.29000000,2094.10000000,2121.01000000,44588.58060000,1779796799999999,94436330.52933100,453327,22249.27910000,47106788.38762900,0
1779796800000000,2121.00000000,2140.49000000,2078.75000000,2087.36000000,93684.91190000,1779811199999999,197909889.87018500,936855,41776.59580000,88284929.71156600,0
1779811200000000,2087.36000000,2089.97000000,2055.06000000,2074.29000000,65909.52770000,1779825599999999,136682365.44241000,647818,28404.37110000,58901701.14838200,0
1779825600000000,2074.30000000,2078.78000000,2065.98000000,2073.77000000,20737.23110000,1779839999999999,43007415.15614100,253270,10476.99870000,21729994.69154600,0
1779840000000000,2073.77000000,2084.23000000,2068.90000000,2070.00000000,21987.00640000,1779854399999999,45638390.30156400,279339,10833.88260000,22492063.23005300,0
1779854400000000,2070.01000000,2084.16000000,2056.31000000,2083.78000000,27195.69170000,1779868799999999,56384171.96372800,294238,13271.40230000,27530819.82181100,0
1779868800000000,2083.77000000,2096.71000000,2078.26000000,2080.55000000,28746.55580000,1779883199999999,59944835.43355200,291845,13474.32720000,28105152.38353300,0
1779883200000000,2080.56000000,2097.40000000,2051.96000000,2071.38000000,79022.11670000,1779897599999999,163507959.65289500,908408,34668.30500000,71744388.86771100,0
1779897600000000,2071.39000000,2074.50000000,2043.31000000,2057.47000000,45395.46710000,1779911999999999,93402558.79109100,541974,21287.67780000,43795061.51269800,0
1779912000000000,2057.47000000,2066.14000000,2016.00000000,2024.84000000,65616.31960000,1779926399999999,133326846.27575400,741158,28052.54400000,57034632.98988700,0
1779926400000000,2024.83000000,2029.20000000,1972.00000000,1981.55000000,90607.57730000,1779940799999999,181033240.30488600,805585,38211.09230000,76324718.19092800,0
1779940800000000,1981.55000000,1996.78000000,1967.00000000,1995.56000000,74760.42990000,1779955199999999,148152757.65210900,563920,38974.96080000,77287687.98243400,0
1779955200000000,1995.56000000,1998.40000000,1984.85000000,1989.89000000,32953.94290000,1779969599999999,65615646.04557300,285631,17262.97850000,34377264.67418800,0
1779969600000000,1989.88000000,2002.50000000,1967.38000000,1990.65000000,75988.18640000,1779983999999999,150985610.69489700,960760,37382.81140000,74295376.05275400,0
1779984000000000,1990.65000000,2030.00000000,1985.22000000,2014.55000000,57298.37740000,1779998399999999,115378236.18151100,657462,29321.40930000,59024519.12852500,0
1779998400000000,2014.54000000,2024.63000000,2005.43000000,2009.90000000,32226.40720000,1780012799999999,64939856.94441400,335673,14927.77700000,30086243.40026900,0
1780012800000000,2009.89000000,2017.17000000,1997.24000000,2002.78000000,24310.57470000,1780027199999999,48815842.62613000,335091,12421.73260000,24942020.22521300,0
1780027200000000,2002.79000000,2021.51000000,1998.40000000,2007.62000000,34409.91820000,1780041599999999,69160252.28026500,274029,18915.90350000,38013144.86026600,0
1780041600000000,2007.61000000,2016.11000000,2002.35000000,2007.58000000,28724.07850000,1780055999999999,57749117.83694500,219088,13765.27410000,27674947.21105400,0
1780056000000000,2007.58000000,2046.59000000,1976.48000000,2031.62000000,101067.75000000,1780070399999999,203358486.72300400,1086606,50065.28200000,100795290.33580300,0
1780070400000000,2031.62000000,2044.29000000,2005.00000000,2016.96000000,67360.41660000,1780084799999999,136683824.39612100,745014,34903.95710000,70862808.47055800,0
1780084800000000,2016.96000000,2023.99000000,2007.00000000,2014.54000000,27272.95700000,1780099199999999,54922361.98641700,265542,12003.48280000,24176975.26061800,0
1780099200000000,2014.54000000,2023.55000000,2010.69000000,2016.83000000,14645.29140000,1780113599999999,29554708.96675000,170049,7070.70430000,14269330.41295700,0
1780113600000000,2016.83000000,2020.56000000,2002.00000000,2016.32000000,22750.64640000,1780127999999999,45800428.07797700,197017,12159.75690000,24490602.77676100,0
1780128000000000,2016.32000000,2022.00000000,2013.92000000,2017.40000000,9329.31140000,1780142399999999,18823712.37188400,90333,4886.95670000,9861300.98556000,0
1780142400000000,2017.40000000,2032.00000000,2017.14000000,2026.61000000,22745.96640000,1780156799999999,46067304.80028300,209256,13249.94580000,26836332.70859200,0
1780156800000000,2026.63000000,2030.01000000,2019.50000000,2028.76000000,15670.42140000,1780171199999999,31745622.61532300,165868,8786.18660000,17800504.98346600,0
1780171200000000,2028.77000000,2031.41000000,2020.35000000,2022.44000000,12835.89790000,1780185599999999,26005348.02810200,136848,5411.71230000,10964647.73706200,0
1780185600000000,2022.44000000,2038.00000000,2020.83000000,2033.41000000,17706.40740000,1780199999999999,35964719.94924400,211856,10524.67250000,21381412.66308300,0
1780200000000000,2033.41000000,2034.99000000,2022.78000000,2024.01000000,11162.07520000,1780214399999999,22649749.50596100,124420,5620.35990000,11405732.97744800,0
1780214400000000,2024.02000000,2029.11000000,2015.34000000,2023.27000000,20999.13970000,1780228799999999,42481873.65111400,173231,12697.96510000,25695094.14545200,0
1780228800000000,2023.28000000,2026.50000000,2005.83000000,2010.52000000,29133.92810000,1780243199999999,58687463.23133100,282645,13389.76420000,26982957.20928600,0
1780243200000000,2010.52000000,2012.42000000,1993.75000000,1999.59000000,40644.48500000,1780257599999999,81363732.23791800,284343,11392.05630000,22807116.90879400,0
1780257600000000,1999.58000000,2023.00000000,1999.58000000,2007.01000000,44089.46040000,1780271999999999,88574307.32058800,377824,16217.68530000,32586891.05033800,0
