row,policy,family,n,n0,n_retention_pct,win,win0,win_delta_pp,net,net0,net_delta_bps,net_4,net_11_5,net_opt,net_pess,net_all_signals,monthly,maxdd,maxdd0,maxdd_delta_pp,med_hold_h,worst,worst0,worst_delta_bps,pval,ci_lo,ci_hi,bh_sig,keepn_improve,keepn_defend,fill_rate,notes
E1,BASELINE,BASE,6420,6420,,90.6,90.6,0.0,20.76,20.76,0.0,31.76,24.26,20.76,20.76,20.76,4760.0,22.1,22.1,0.0,2.5,-7516.4,-7516.4,0.0,0.000626,8.63,31.92,False,False,False,1.0,baseline reference (TP 1.5x / 4d time-stop / no SL)
E1,A_disaster_P99_9,A,6420,6420,,90.5,90.6,-0.1,20.71,20.76,-0.05,31.71,24.21,20.71,20.71,20.71,4749.5,16.3,22.1,-5.8,2.5,-5272.8,-7516.4,2243.6,0.000216,9.66,31.36,True,False,True,1.0,L_wick=43.316 (P99.9 winners' MAE)
E1,B_close_below_siglow,B,6420,6420,,46.6,90.6,-44.0,-15.6,20.76,-36.36,-4.6,-12.1,4.61,-13.81,-15.6,-3577.1,18.3,22.1,-3.8,-23.2,-2613.7,-7516.4,4902.7,0.0,-20.72,-10.44,True,False,False,1.0,close<=low[sig]
E1,B_close_below_entry,B,6420,6420,,33.9,90.6,-56.7,-12.36,20.76,-33.12,-1.36,-8.86,1.81,-14.6,-12.36,-2833.7,14.8,22.1,-7.4,-18.9,-2229.1,-7516.4,5287.2,0.0,-16.33,-8.43,True,False,False,1.0,close<=bt
E1,B_close_below_entry_1wick,B,6420,6420,,50.8,90.6,-39.8,-12.84,20.76,-33.6,-1.84,-9.34,15.8,-13.51,-12.84,-2943.8,15.5,22.1,-6.7,68.6,-2613.7,-7516.4,4902.7,2e-06,-18.24,-7.38,True,False,False,1.0,close<=bt-1wick
E1,C_flat_worst_6h,C,6420,6420,,76.1,90.6,-14.5,8.35,20.76,-12.41,19.35,11.85,8.35,8.35,8.35,1915.5,9.3,22.1,-12.8,2.5,-5140.3,-7516.4,2376.0,0.038748,0.42,16.1,True,False,False,1.0,flatten worst tercile @ 6h checkpoint
E1,C_flat_worst_12h,C,6420,6420,,80.5,90.6,-10.1,13.42,20.76,-7.34,24.42,16.92,13.42,13.42,13.42,3076.9,12.5,22.1,-9.6,2.5,-5243.0,-7516.4,2273.4,0.002615,4.63,21.94,True,False,False,1.0,flatten worst tercile @ 12h checkpoint
E1,C_flat_worst_24h,C,6420,6420,,84.9,90.6,-5.8,13.73,20.76,-7.03,24.73,17.23,13.73,13.73,13.73,3147.1,15.7,22.1,-6.4,2.5,-6371.1,-7516.4,1145.3,0.007132,3.22,24.09,True,False,False,1.0,flatten worst tercile @ 24h checkpoint
E1,D_tp_1.00,D,6420,6420,,92.9,90.6,2.2,7.09,20.76,-13.67,18.09,10.59,7.09,7.09,7.09,1626.5,18.8,22.1,-3.3,1.5,-7361.0,-7516.4,155.4,0.182767,-3.29,17.19,False,False,False,1.0,TP f=1.00
E1,D_tp_1.25,D,6420,6420,,91.7,90.6,1.1,13.65,20.76,-7.11,24.65,17.15,13.65,13.65,13.65,3129.7,21.2,22.1,-1.0,2.0,-7516.4,-7516.4,0.0,0.017425,2.66,24.39,True,False,False,1.0,TP f=1.25
E1,D_tp_1.50,D,6420,6420,,90.6,90.6,0.0,20.76,20.76,0.0,31.76,24.26,20.76,20.76,20.76,4760.0,22.1,22.1,0.0,2.5,-7516.4,-7516.4,0.0,0.000626,8.63,31.92,True,True,False,1.0,TP f=1.50
E1,D_tp_2.00,D,6420,6420,,88.1,90.6,-2.5,27.09,20.76,6.33,38.09,30.59,27.09,27.09,27.09,6210.8,28.2,22.1,6.0,4.5,-7516.4,-7516.4,0.0,8.9e-05,13.3,40.35,True,False,False,1.0,TP f=2.00
E1,D_tp_2.50,D,6420,6420,,85.9,90.6,-4.7,38.54,20.76,17.78,49.54,42.04,38.54,38.54,38.54,8835.9,29.5,22.1,7.4,7.0,-7516.4,-7516.4,0.0,0.0,24.16,52.57,True,False,False,1.0,TP f=2.50
E1,D_scale_1.0_1.5,D,6420,6420,,90.8,90.6,0.1,13.93,20.76,-6.83,24.93,17.43,13.93,13.93,13.93,3193.3,20.5,22.1,-1.6,2.5,-7361.0,-7516.4,155.4,0.011984,2.91,24.34,True,False,False,1.0,scale 50/50 f1=1.0 f2=1.5
E1,D_scale_1.0_2.0,D,6420,6420,,88.4,90.6,-2.2,17.09,20.76,-3.67,28.09,20.59,17.09,17.09,17.09,3918.6,23.6,22.1,1.5,4.5,-7361.0,-7516.4,155.4,0.003151,5.72,28.32,True,False,True,1.0,scale 50/50 f1=1.0 f2=2.0
E1,D_scale_1.0_MFEp50,D,6420,6420,,86.5,90.6,-4.1,22.36,20.76,1.6,33.36,25.86,22.36,22.36,22.36,5126.1,23.8,22.1,1.6,6.5,-7361.0,-7516.4,155.4,0.000158,10.61,33.6,True,False,True,1.0,scale 50/50 f1=1.0 f2=MFEp50=2.450
E1,E_time_TTF_P50,E,6420,6420,,57.3,90.6,-33.4,-8.69,20.76,-29.45,2.31,-5.19,-8.69,-8.69,-8.69,-1993.2,10.9,22.1,-11.2,2.0,-3791.2,-7516.4,3725.2,0.002108,-14.31,-3.08,True,False,False,1.0,K_hours=P50(win ttf)=2.0 -> K_bars=4
E1,E_time_TTF_P75,E,6420,6420,,71.8,90.6,-18.8,2.6,20.76,-18.16,13.6,6.1,2.6,2.6,2.6,595.5,11.0,22.1,-11.1,2.5,-5337.2,-7516.4,2179.1,0.503844,-4.98,10.18,False,False,False,1.0,K_hours=P75(win ttf)=8.5 -> K_bars=17
E1,F_act_loserMFEp50,F,6420,6420,,88.9,90.6,-1.7,14.99,20.76,-5.77,25.99,18.49,14.99,14.99,14.99,3436.8,11.5,22.1,-10.7,1.0,-7361.0,-7516.4,155.4,0.000714,6.36,23.2,True,False,False,1.0,"activation=bt+P50(MFE_loser)=0.815wg, BE=entry+15bps"
E1,F_act_1wick,F,6420,6420,,89.3,90.6,-1.3,14.52,20.76,-6.24,25.52,18.02,14.52,14.52,14.52,3330.1,12.5,22.1,-9.6,1.0,-7361.0,-7516.4,155.4,0.00213,5.24,23.21,True,False,False,1.0,"activation=bt+1.0wick, BE=entry+15bps"
E1,G_limit_skip,G,4773,6420,74.3,89.6,90.6,-1.0,26.94,20.76,6.18,37.94,30.44,26.94,26.94,20.03,4591.9,20.0,22.1,-2.1,3.5,-7516.4,-7516.4,0.0,0.00032,11.85,41.49,True,False,False,0.7435,limit=body_bottom; unfilled -> no trade
E1,G_limit_mkt_fallback,G,6420,6420,,85.3,90.6,-5.3,20.94,20.76,0.18,31.94,24.44,20.94,20.94,20.94,4800.3,22.2,22.1,0.1,2.5,-7516.4,-7516.4,0.0,0.000565,8.99,32.43,True,False,False,1.0,limit=body_bottom; unfilled -> fill close[eb]
E2,BASELINE,BASE,6101,6101,,91.1,91.1,0.0,10.26,10.26,0.0,21.26,13.76,10.26,10.26,10.26,2236.2,4.4,4.4,0.0,3.0,-2134.6,-2134.6,0.0,4e-06,5.53,14.52,False,False,False,1.0,baseline reference (TP 1.5x / 4d time-stop / no SL)
E2,A_disaster_P99_9,A,6101,6101,,91.0,91.1,-0.1,7.33,10.26,-2.93,18.33,10.83,7.33,7.33,7.33,1597.8,5.2,4.4,0.8,3.0,-1760.9,-2134.6,373.7,0.002041,2.42,11.93,True,False,False,1.0,L_wick=39.267 (P99.9 winners' MAE)
E2,B_close_below_siglow,B,6101,6101,,49.1,91.1,-42.0,-13.71,10.26,-23.98,-2.71,-10.21,11.53,-13.49,-13.71,-2988.2,15.4,4.4,11.0,-5.1,-859.6,-2134.6,1275.0,0.0,-15.73,-11.72,True,False,False,1.0,close<=low[sig]
E2,B_close_below_entry,B,6101,6101,,34.4,91.1,-56.7,-14.28,10.26,-24.54,-3.28,-10.78,-3.05,-14.54,-14.28,-3111.5,16.0,4.4,11.6,-8.7,-596.2,-2134.6,1538.4,0.0,-15.87,-12.74,True,False,False,1.0,close<=bt
E2,B_close_below_entry_1wick,B,6101,6101,,52.6,91.1,-38.5,-12.57,10.26,-22.83,-1.57,-9.07,15.56,-12.99,-12.57,-2738.0,14.2,4.4,9.8,35.4,-596.2,-2134.6,1538.4,0.0,-14.68,-10.52,True,False,False,1.0,close<=bt-1wick
E2,C_flat_worst_6h,C,6101,6101,,75.5,91.1,-15.6,-5.37,10.26,-15.64,5.63,-1.87,-5.37,-5.37,-5.37,-1170.6,7.3,4.4,2.9,3.0,-2134.6,-2134.6,0.0,0.002679,-8.87,-1.72,True,False,False,1.0,flatten worst tercile @ 6h checkpoint
E2,C_flat_worst_12h,C,6101,6101,,79.7,91.1,-11.4,-1.49,10.26,-11.76,9.51,2.01,-1.49,-1.49,-1.49,-325.4,5.5,4.4,1.1,3.0,-2134.6,-2134.6,0.0,0.415602,-5.1,2.26,False,False,False,1.0,flatten worst tercile @ 12h checkpoint
E2,C_flat_worst_24h,C,6101,6101,,84.3,91.1,-6.8,1.69,10.26,-8.57,12.69,5.19,1.69,1.69,1.69,369.3,5.3,4.4,0.9,3.0,-1833.0,-2134.6,301.6,0.386336,-2.16,5.63,False,False,False,1.0,flatten worst tercile @ 24h checkpoint
E2,D_tp_1.00,D,6101,6101,,93.2,91.1,2.1,2.41,10.26,-7.85,13.41,5.91,2.41,2.41,2.41,526.1,3.5,4.4,-0.9,1.5,-2134.6,-2134.6,0.0,0.219015,-1.58,6.12,False,False,False,1.0,TP f=1.00
E2,D_tp_1.25,D,6101,6101,,92.2,91.1,1.1,6.48,10.26,-3.78,17.48,9.98,6.48,6.48,6.48,1412.1,3.9,4.4,-0.5,2.0,-2134.6,-2134.6,0.0,0.002069,2.19,10.58,True,False,False,1.0,TP f=1.25
E2,D_tp_1.50,D,6101,6101,,91.1,91.1,0.0,10.26,10.26,0.0,21.26,13.76,10.26,10.26,10.26,2236.2,4.4,4.4,0.0,3.0,-2134.6,-2134.6,0.0,4e-06,5.53,14.52,True,True,False,1.0,TP f=1.50
E2,D_tp_2.00,D,6101,6101,,88.8,91.1,-2.3,16.75,10.26,6.48,27.75,20.25,16.75,16.75,16.75,3648.7,5.2,4.4,0.9,5.0,-2134.6,-2134.6,0.0,0.0,11.64,21.43,True,False,False,1.0,TP f=2.00
E2,D_tp_2.50,D,6101,6101,,86.3,91.1,-4.8,21.35,10.26,11.09,32.35,24.85,21.35,21.35,21.35,4652.3,6.7,4.4,2.3,7.5,-2134.6,-2134.6,0.0,0.0,15.8,26.56,True,False,False,1.0,TP f=2.50
E2,D_scale_1.0_1.5,D,6101,6101,,91.2,91.1,0.1,6.34,10.26,-3.92,17.34,9.84,6.34,6.34,6.34,1381.2,3.9,4.4,-0.5,3.0,-2134.6,-2134.6,0.0,0.001894,2.14,10.21,True,False,False,1.0,scale 50/50 f1=1.0 f2=1.5
E2,D_scale_1.0_2.0,D,6101,6101,,89.0,91.1,-2.1,9.58,10.26,-0.68,20.58,13.08,9.58,9.58,9.58,2087.4,4.2,4.4,-0.2,5.0,-2134.6,-2134.6,0.0,6e-06,5.23,13.51,True,False,False,1.0,scale 50/50 f1=1.0 f2=2.0
E2,D_scale_1.0_MFEp50,D,6101,6101,,86.8,91.1,-4.3,11.86,10.26,1.6,22.86,15.36,11.86,11.86,11.86,2584.8,4.9,4.4,0.5,7.5,-2134.6,-2134.6,0.0,0.0,7.36,16.06,True,False,False,1.0,scale 50/50 f1=1.0 f2=MFEp50=2.496
E2,E_time_TTF_P50,E,6101,6101,,54.0,91.1,-37.1,-11.24,10.26,-21.51,-0.24,-7.74,-11.24,-11.24,-11.24,-2449.8,12.8,4.4,8.5,2.0,-1328.6,-2134.6,806.0,0.0,-13.55,-9.01,True,False,False,1.0,K_hours=P50(win ttf)=2.0 -> K_bars=4
E2,E_time_TTF_P75,E,6101,6101,,70.8,91.1,-20.3,-6.46,10.26,-16.73,4.54,-2.96,-6.46,-6.46,-6.46,-1408.3,9.0,4.4,4.6,3.0,-1156.1,-2134.6,978.6,3.1e-05,-9.57,-3.48,True,False,False,1.0,K_hours=P75(win ttf)=9.0 -> K_bars=18
E2,F_act_loserMFEp50,F,6101,6101,,90.9,91.1,-0.2,7.06,10.26,-3.2,18.06,10.56,7.06,7.06,7.06,1538.2,2.1,4.4,-2.3,1.0,-2134.6,-2134.6,0.0,1.5e-05,3.94,10.12,True,False,False,1.0,"activation=bt+P50(MFE_loser)=0.875wg, BE=entry+15bps"
E2,F_act_1wick,F,6101,6101,,90.8,91.1,-0.3,7.02,10.26,-3.24,18.02,10.52,7.02,7.02,7.02,1530.0,2.3,4.4,-2.1,1.0,-2134.6,-2134.6,0.0,4.7e-05,3.63,10.2,True,False,False,1.0,"activation=bt+1.0wick, BE=entry+15bps"
E2,G_limit_skip,G,4392,6101,72.0,89.9,91.1,-1.2,15.76,10.26,5.5,26.76,19.26,15.76,15.76,11.35,2472.4,3.2,4.4,-1.2,4.0,-1819.0,-2134.6,315.6,0.0,9.96,21.03,True,False,False,0.7199,limit=body_bottom; unfilled -> no trade
E2,G_limit_mkt_fallback,G,6101,6101,,84.5,91.1,-6.6,10.33,10.26,0.07,21.33,13.83,10.33,10.33,10.33,2251.7,4.3,4.4,-0.1,3.0,-2139.4,-2134.6,-4.8,4e-06,5.64,14.71,True,False,False,1.0,limit=body_bottom; unfilled -> fill close[eb]
E3,BASELINE,BASE,2215,2215,,86.8,86.8,0.0,20.42,20.42,0.0,31.42,23.92,20.42,20.42,20.42,1615.5,3.8,3.8,0.0,7.0,-2671.2,-2671.2,0.0,0.000707,8.14,32.04,False,False,False,1.0,baseline reference (TP 1.5x / 4d time-stop / no SL)
E3,A_disaster_P99_9,A,2215,2215,,86.7,86.8,-0.1,16.73,20.42,-3.69,27.73,20.23,16.73,16.73,16.73,1323.7,4.1,3.8,0.3,7.0,-2662.0,-2671.2,9.3,0.007722,4.22,28.83,True,False,True,1.0,L_wick=30.601 (P99.9 winners' MAE)
E3,B_close_below_siglow,B,2215,2215,,48.6,86.8,-38.1,-9.36,20.42,-29.78,1.64,-5.86,6.96,-11.35,-9.36,-740.2,4.4,3.8,0.7,-13.3,-949.3,-2671.2,1721.9,0.001807,-15.25,-3.34,True,False,False,1.0,close<=low[sig]
E3,B_close_below_entry,B,2215,2215,,33.0,86.8,-53.7,-9.5,20.42,-29.92,1.5,-6.0,0.27,-13.95,-9.5,-751.6,4.3,3.8,0.6,-14.9,-716.4,-2671.2,1954.9,1.8e-05,-13.78,-5.24,True,False,False,1.0,close<=bt
E3,B_close_below_entry_1wick,B,2215,2215,,52.7,86.8,-34.0,-6.93,20.42,-27.35,4.07,-3.43,12.92,-10.7,-6.93,-548.1,3.8,3.8,0.0,70.4,-716.4,-2671.2,1954.9,0.019532,-12.72,-1.02,True,False,False,1.0,close<=bt-1wick
E3,C_flat_worst_6h,C,2215,2215,,68.7,86.8,-18.1,2.8,20.42,-17.62,13.8,6.3,2.8,2.8,2.8,221.4,2.3,3.8,-1.5,6.0,-2073.3,-2671.2,597.9,0.533172,-6.38,11.64,False,False,False,1.0,flatten worst tercile @ 6h checkpoint
E3,C_flat_worst_12h,C,2215,2215,,73.2,86.8,-13.5,8.12,20.42,-12.3,19.12,11.62,8.12,8.12,8.12,642.5,2.3,3.8,-1.4,7.0,-1920.7,-2671.2,750.5,0.074219,-0.84,16.88,False,False,False,1.0,flatten worst tercile @ 12h checkpoint
E3,C_flat_worst_24h,C,2215,2215,,77.7,86.8,-9.1,4.5,20.42,-15.92,15.5,8.0,4.5,4.5,4.5,356.2,3.4,3.8,-0.3,7.0,-2461.1,-2671.2,210.2,0.383443,-5.93,14.53,False,False,False,1.0,flatten worst tercile @ 24h checkpoint
E3,D_tp_1.00,D,2215,2215,,90.3,86.8,3.6,11.24,20.42,-9.18,22.24,14.74,11.24,11.24,11.24,889.0,2.8,3.8,-0.9,3.0,-2671.2,-2671.2,0.0,0.03162,0.48,21.46,True,False,False,1.0,TP f=1.00
E3,D_tp_1.25,D,2215,2215,,88.6,86.8,1.8,15.96,20.42,-4.46,26.96,19.46,15.96,15.96,15.96,1262.9,3.4,3.8,-0.4,5.0,-2671.2,-2671.2,0.0,0.004657,4.21,26.68,True,False,False,1.0,TP f=1.25
E3,D_tp_1.50,D,2215,2215,,86.8,86.8,0.0,20.42,20.42,0.0,31.42,23.92,20.42,20.42,20.42,1615.5,3.8,3.8,0.0,7.0,-2671.2,-2671.2,0.0,0.000707,8.14,32.04,True,True,False,1.0,TP f=1.50
E3,D_tp_2.00,D,2215,2215,,83.2,86.8,-3.6,27.34,20.42,6.92,38.34,30.84,27.34,27.34,27.34,2162.7,5.2,3.8,1.4,13.0,-2671.2,-2671.2,0.0,5.2e-05,13.09,40.54,True,False,False,1.0,TP f=2.00
E3,D_tp_2.50,D,2215,2215,,79.4,86.8,-7.4,34.68,20.42,14.26,45.68,38.18,34.68,34.68,34.68,2743.5,5.1,3.8,1.4,19.0,-2671.2,-2671.2,0.0,2e-06,19.47,48.19,True,False,False,1.0,TP f=2.50
E3,D_scale_1.0_1.5,D,2215,2215,,87.0,86.8,0.3,15.83,20.42,-4.59,26.83,19.33,15.83,15.83,15.83,1252.3,3.3,3.8,-0.5,7.0,-2671.2,-2671.2,0.0,0.003713,4.22,26.16,True,False,False,1.0,scale 50/50 f1=1.0 f2=1.5
E3,D_scale_1.0_2.0,D,2215,2215,,83.9,86.8,-2.8,19.29,20.42,-1.13,30.29,22.79,19.29,19.29,19.29,1525.9,4.0,3.8,0.2,13.0,-2671.2,-2671.2,0.0,0.000677,7.52,30.36,True,False,False,1.0,scale 50/50 f1=1.0 f2=2.0
E3,D_scale_1.0_MFEp50,D,2215,2215,,81.7,86.8,-5.1,22.68,20.42,2.25,33.68,26.18,22.68,22.68,22.68,1793.9,4.0,3.8,0.2,18.0,-2671.2,-2671.2,0.0,8.8e-05,10.5,33.74,True,False,False,1.0,scale 50/50 f1=1.0 f2=MFEp50=2.361
E3,E_time_TTF_P50,E,2215,2215,,54.9,86.8,-31.8,-6.74,20.42,-27.16,4.26,-3.24,-6.74,-6.74,-6.74,-533.3,3.7,3.8,-0.0,4.0,-1589.5,-2671.2,1081.8,0.032286,-12.8,-0.88,True,False,False,1.0,K_hours=P50(win ttf)=4.0 -> K_bars=4
E3,E_time_TTF_P75,E,2215,2215,,67.9,86.8,-18.8,1.21,20.42,-19.21,12.21,4.71,1.21,1.21,1.21,96.1,3.0,3.8,-0.7,7.0,-2290.2,-2671.2,381.1,0.774275,-7.1,9.53,False,False,False,1.0,K_hours=P75(win ttf)=17.0 -> K_bars=17
E3,F_act_loserMFEp50,F,2215,2215,,88.0,86.8,1.2,13.04,20.42,-7.38,24.04,16.54,13.04,13.04,13.04,1031.4,2.9,3.8,-0.8,2.0,-2671.2,-2671.2,0.0,0.005285,3.57,21.92,True,False,False,1.0,"activation=bt+P50(MFE_loser)=0.829wg, BE=entry+15bps"
E3,F_act_1wick,F,2215,2215,,88.1,86.8,1.3,15.76,20.42,-4.66,26.76,19.26,15.76,15.76,15.76,1246.9,2.9,3.8,-0.9,3.0,-2671.2,-2671.2,0.0,0.001754,5.06,25.68,True,False,False,1.0,"activation=bt+1.0wick, BE=entry+15bps"
E3,G_limit_skip,G,1549,2215,69.9,84.7,86.8,-2.1,26.02,20.42,5.59,37.02,29.52,26.02,26.02,18.19,1439.2,3.3,3.8,-0.4,10.0,-2138.7,-2671.2,532.6,0.000522,11.01,40.76,True,False,False,0.6993,limit=body_bottom; unfilled -> no trade
E3,G_limit_mkt_fallback,G,2215,2215,,82.4,86.8,-4.3,19.96,20.42,-0.46,30.96,23.46,19.96,19.96,19.96,1579.1,3.8,3.8,-0.0,7.0,-2656.3,-2671.2,14.9,0.000871,7.63,31.27,True,False,True,1.0,limit=body_bottom; unfilled -> fill close[eb]
E4,BASELINE,BASE,1470,1470,,79.0,79.0,0.0,48.72,48.72,0.0,59.72,52.22,48.72,48.72,48.72,2557.6,7.5,7.5,0.0,16.0,-6857.1,-6857.1,0.0,0.001345,18.03,78.86,False,False,False,1.0,baseline reference (TP 1.5x / 4d time-stop / no SL)
E4,A_disaster_P99_9,A,1470,1470,,78.8,79.0,-0.1,44.15,48.72,-4.57,55.15,47.65,44.15,44.15,44.15,2317.6,7.2,7.5,-0.3,16.0,-6857.1,-6857.1,0.0,0.003714,13.56,73.37,True,False,False,1.0,L_wick=20.481 (P99.9 winners' MAE)
E4,B_close_below_siglow,B,1470,1470,,51.2,79.0,-27.8,-1.49,48.72,-50.21,9.51,2.01,69.11,-6.89,-1.49,-78.4,3.6,7.5,-3.9,137.9,-2497.2,-6857.1,4359.9,0.872975,-19.69,16.59,False,False,False,1.0,close<=low[sig]
E4,B_close_below_entry,B,1470,1470,,38.4,79.0,-40.6,0.03,48.72,-48.69,11.03,3.53,38.44,-12.12,0.03,1.6,1.9,7.5,-5.6,-33.6,-1447.1,-6857.1,5410.0,0.996562,-13.47,13.59,False,False,False,1.0,close<=bt
E4,B_close_below_entry_1wick,B,1470,1470,,51.6,79.0,-27.4,-2.45,48.72,-51.17,8.55,1.05,52.92,-6.18,-2.45,-128.8,2.6,7.5,-4.9,139.5,-2002.7,-6857.1,4854.4,0.791663,-20.68,16.53,False,False,False,1.0,close<=bt-1wick
E4,C_flat_worst_6h,C,1470,1470,,63.6,79.0,-15.4,18.31,48.72,-30.41,29.31,21.81,18.31,18.31,18.31,961.2,4.9,7.5,-2.6,8.0,-6857.1,-6857.1,0.0,0.146599,-7.22,42.53,False,False,False,1.0,flatten worst tercile @ 6h checkpoint
E4,C_flat_worst_12h,C,1470,1470,,65.4,79.0,-13.5,19.61,48.72,-29.11,30.61,23.11,19.61,19.61,19.61,1029.3,5.8,7.5,-1.7,12.0,-6857.1,-6857.1,0.0,0.130058,-6.76,44.11,False,False,False,1.0,flatten worst tercile @ 12h checkpoint
E4,C_flat_worst_24h,C,1470,1470,,69.9,79.0,-9.1,24.06,48.72,-24.65,35.06,27.56,24.06,24.06,24.06,1263.3,4.6,7.5,-2.9,16.0,-4869.9,-6857.1,1987.2,0.059906,-0.8,48.69,False,False,False,1.0,flatten worst tercile @ 24h checkpoint
E4,D_tp_1.00,D,1470,1470,,84.1,79.0,5.1,36.18,48.72,-12.54,47.18,39.68,36.18,36.18,36.18,1899.2,5.7,7.5,-1.8,8.0,-6857.1,-6857.1,0.0,0.008775,9.63,63.29,True,False,False,1.0,TP f=1.00
E4,D_tp_1.25,D,1470,1470,,82.0,79.0,3.0,47.26,48.72,-1.46,58.26,50.76,47.26,47.26,47.26,2481.1,6.2,7.5,-1.3,12.0,-6857.1,-6857.1,0.0,0.001304,18.56,76.96,True,False,False,1.0,TP f=1.25
E4,D_tp_1.50,D,1470,1470,,79.0,79.0,0.0,48.72,48.72,0.0,59.72,52.22,48.72,48.72,48.72,2557.6,7.5,7.5,0.0,16.0,-6857.1,-6857.1,0.0,0.001345,18.03,78.86,True,True,False,1.0,TP f=1.50
E4,D_tp_2.00,D,1470,1470,,74.1,79.0,-4.9,57.83,48.72,9.11,68.83,61.33,57.83,57.83,57.83,3036.0,9.5,7.5,2.0,28.0,-6859.4,-6857.1,-2.3,0.000776,23.52,91.99,True,False,False,1.0,TP f=2.00
E4,D_tp_2.50,D,1470,1470,,70.6,79.0,-8.4,73.65,48.72,24.94,84.65,77.15,73.65,73.65,73.65,3866.7,9.5,7.5,2.0,40.0,-6859.4,-6857.1,-2.3,6e-05,37.5,109.86,True,False,False,1.0,TP f=2.50
E4,D_scale_1.0_1.5,D,1470,1470,,80.1,79.0,1.1,42.45,48.72,-6.27,53.45,45.95,42.45,42.45,42.45,2228.4,6.6,7.5,-0.9,16.0,-6857.1,-6857.1,0.0,0.002563,14.36,70.49,True,False,False,1.0,scale 50/50 f1=1.0 f2=1.5
E4,D_scale_1.0_2.0,D,1470,1470,,76.0,79.0,-3.0,47.0,48.72,-1.71,58.0,50.5,47.0,47.0,47.0,2467.6,7.6,7.5,0.1,28.0,-6857.1,-6857.1,0.0,0.001371,17.88,76.26,True,False,False,1.0,scale 50/50 f1=1.0 f2=2.0
E4,D_scale_1.0_MFEp50,D,1470,1470,,73.3,79.0,-5.7,54.37,48.72,5.65,65.37,57.87,54.37,54.37,54.37,2854.2,7.5,7.5,0.0,40.0,-6857.1,-6857.1,0.0,0.000311,24.86,84.13,True,False,False,1.0,scale 50/50 f1=1.0 f2=MFEp50=2.484
E4,E_time_TTF_P50,E,1470,1470,,56.9,79.0,-22.1,11.79,48.72,-36.93,22.79,15.29,11.79,11.79,11.79,618.8,3.2,7.5,-4.3,8.0,-2693.4,-6857.1,4163.7,0.166587,-4.43,28.72,False,False,False,1.0,K_hours=P50(win ttf)=8.0 -> K_bars=2
E4,E_time_TTF_P75,E,1470,1470,,65.0,79.0,-14.0,24.21,48.72,-24.51,35.21,27.71,24.21,24.21,24.21,1270.8,2.6,7.5,-4.9,16.0,-4869.9,-6857.1,1987.2,0.028971,3.19,45.91,True,False,False,1.0,K_hours=P75(win ttf)=24.0 -> K_bars=6
E4,F_act_loserMFEp50,F,1470,1470,,84.8,79.0,5.9,64.43,48.72,15.72,75.43,67.93,64.43,64.43,64.43,3382.7,5.1,7.5,-2.4,8.0,-6857.1,-6857.1,0.0,1e-06,37.71,89.81,True,True,True,1.0,"activation=bt+P50(MFE_loser)=0.971wg, BE=entry+15bps"
E4,F_act_1wick,F,1470,1470,,84.6,79.0,5.6,63.55,48.72,14.84,74.55,67.05,63.55,63.55,63.55,3336.5,5.3,7.5,-2.2,8.0,-6857.1,-6857.1,0.0,1e-06,36.27,88.51,True,True,True,1.0,"activation=bt+1.0wick, BE=entry+15bps"
E4,G_limit_skip,G,1085,1470,73.8,76.0,79.0,-2.9,47.81,48.72,-0.91,58.81,51.31,47.81,47.81,35.28,1852.5,7.0,7.5,-0.5,24.0,-6857.1,-6857.1,0.0,0.013883,10.33,86.32,True,False,False,0.7381,limit=body_bottom; unfilled -> no trade
E4,G_limit_mkt_fallback,G,1470,1470,,74.0,79.0,-5.0,46.61,48.72,-2.11,57.61,50.11,46.61,46.61,46.61,2446.9,7.2,7.5,-0.3,16.0,-6857.1,-6857.1,0.0,0.002149,16.26,76.37,True,False,False,1.0,limit=body_bottom; unfilled -> fill close[eb]
