row,feature,family,n0,n_defined,n_L,n_W,p_feat_L,p_feat_W,lift,delta_pp,p_two_prop,bh_sig,n_drop,n_keep,n_keep_pct,losers_dropped,winners_dropped,loser_cut_pct,winner_cut_pct,collateral,wr_keep,wr_delta_pp,net_keep,net_delta_bps,maxdd_keep,ci_lo_keep,ci_hi_keep,cut50,disc,notes
E1,event_red,color,6420,6420,307,2490,0.5016,0.4287,1.17,7.3,0.00054,True,2797,3623,56.4,307,2490,50.2,42.9,0.855,91.6,1.0,16.51,-4.25,8.8,2.35,30.33,False,False,
E1,event_green,color,6420,6420,303,3266,0.4951,0.5623,0.88,-6.7,0.001454,True,3569,2851,44.4,303,3266,49.5,56.2,1.136,89.2,-1.5,26.49,5.73,15.2,5.45,45.23,False,False,
E1,prev_red,color,6420,6420,270,2674,0.4412,0.4604,0.958,-1.9,0.364008,False,2944,3476,54.1,270,2674,44.1,46.0,1.044,90.2,-0.5,21.27,0.51,9.6,5.19,36.92,False,False,
E1,prev_green,color,6420,6420,340,3110,0.5556,0.5355,1.038,2.0,0.343151,False,3450,2970,46.3,340,3110,55.6,53.5,0.964,90.8,0.2,20.27,-0.49,13.8,1.37,37.88,False,False,
E1,rr,color,6420,6420,140,1151,0.2288,0.1982,1.154,3.1,0.07259,False,1291,5129,79.9,140,1151,22.9,19.8,0.866,90.8,0.2,20.53,-0.23,12.7,8.55,31.99,False,False,
E1,rg,color,6420,6420,166,1333,0.2712,0.2295,1.182,4.2,0.020284,True,1499,4921,76.7,166,1333,27.1,23.0,0.846,90.9,0.3,17.73,-3.03,18.0,3.21,31.13,False,False,
E1,gr,color,6420,6420,129,1500,0.2108,0.2583,0.816,-4.7,0.010246,True,1629,4791,74.6,129,1500,21.1,25.8,1.225,89.9,-0.7,21.51,0.75,19.4,5.89,35.65,False,False,
E1,gg,color,6420,6420,173,1748,0.2827,0.301,0.939,-1.8,0.347452,False,1921,4499,70.1,173,1748,28.3,30.1,1.065,90.2,-0.4,23.82,3.06,18.1,9.28,37.7,False,False,
E1,rvol_ge_1_3,volume,6420,6418,410,3194,0.6699,0.5501,1.218,12.0,0.0,True,3604,2816,43.9,410,3194,67.0,55.0,0.821,92.8,2.2,19.5,-1.26,10.8,2.06,36.98,False,False,
E1,rvol_ge_2_0,volume,6420,6418,270,1877,0.4412,0.3233,1.365,11.8,0.0,True,2147,4273,66.6,270,1877,44.1,32.3,0.733,92.0,1.4,22.56,1.8,13.5,8.13,35.39,False,False,
E1,rvol_top_q,volume,6420,6418,187,1097,0.3056,0.1889,1.617,11.7,0.0,True,1284,5136,80.0,187,1097,30.6,18.9,0.618,91.7,1.1,24.5,3.74,15.5,12.04,36.63,False,True,
E1,prev_rvol_ge_2_0,volume,6420,6418,214,1528,0.3497,0.2632,1.329,8.6,5e-06,True,1742,4678,72.9,214,1528,35.0,26.3,0.752,91.5,0.9,26.17,5.41,13.7,12.83,38.36,False,False,
E1,event_vol_gt_prev,volume,6420,6420,383,3280,0.6258,0.5647,1.108,6.1,0.003691,True,3663,2757,42.9,383,3280,62.6,56.5,0.902,91.7,1.1,20.29,-0.47,11.2,1.92,37.67,False,False,
E1,rr_and_rvol_ge_2_0,combo,6420,6418,46,313,0.0752,0.0539,1.394,2.1,0.02954,True,359,6061,94.4,46,313,7.5,5.4,0.717,90.7,0.0,20.09,-0.67,17.8,8.98,31.21,False,False,
E1,event_red_and_rvol_ge_2_0,combo,6420,6418,120,677,0.1961,0.1166,1.682,7.9,0.0,True,797,5623,87.6,120,677,19.6,11.7,0.594,91.3,0.6,21.62,0.86,15.5,9.35,33.84,False,True,
E1,event_red_and_rvol_ge_1_3,combo,6420,6418,198,1256,0.3235,0.2163,1.496,10.7,0.0,True,1454,4966,77.4,198,1256,32.4,21.6,0.668,91.7,1.0,18.57,-2.19,14.4,6.16,30.76,False,False,
E1,event_red_and_rvol_top_q,combo,6420,6418,80,369,0.1307,0.0636,2.057,6.7,0.0,True,449,5971,93.0,80,369,13.1,6.4,0.486,91.1,0.5,23.2,2.44,16.9,10.84,34.18,False,False,
E2,event_red,color,6101,6101,280,2334,0.5027,0.421,1.194,8.2,0.000204,True,2614,3487,57.2,280,2334,50.3,42.1,0.837,92.1,1.0,4.7,-5.56,3.3,-0.89,10.2,False,False,
E2,event_green,color,6101,6101,275,3205,0.4937,0.5781,0.854,-8.4,0.000125,True,3480,2621,43.0,275,3205,49.4,57.8,1.171,89.2,-1.9,17.56,7.3,2.2,10.35,24.54,False,False,
E2,prev_red,color,6101,6101,206,2422,0.3698,0.4369,0.847,-6.7,0.002324,True,2628,3473,56.9,206,2422,37.0,43.7,1.181,89.9,-1.2,7.13,-3.14,2.2,1.1,12.91,False,False,
E2,prev_green,color,6101,6101,350,3119,0.6284,0.5626,1.117,6.6,0.002809,True,3469,2632,43.1,350,3119,62.8,56.3,0.895,92.1,1.0,14.42,4.16,2.9,7.81,20.74,False,False,
E2,rr,color,6101,6101,112,1016,0.2011,0.1833,1.097,1.8,0.301842,False,1128,4973,81.5,112,1016,20.1,18.3,0.911,91.1,-0.0,7.23,-3.03,3.6,2.35,11.97,False,False,
E2,rg,color,6101,6101,167,1315,0.2998,0.2372,1.264,6.3,0.001018,True,1482,4619,75.7,167,1315,30.0,23.7,0.791,91.6,0.5,9.35,-0.92,3.8,4.27,14.27,False,False,
E2,gr,color,6101,6101,93,1403,0.167,0.2531,0.66,-8.6,7e-06,True,1496,4605,75.5,93,1403,16.7,25.3,1.516,89.9,-1.2,11.14,0.88,3.0,5.8,16.29,False,False,
E2,gg,color,6101,6101,182,1802,0.3268,0.325,1.005,0.2,0.93438,False,1984,4117,67.5,182,1802,32.7,32.5,0.995,90.9,-0.2,13.93,3.66,3.5,8.33,19.4,False,False,
E2,rvol_ge_1_3,volume,6101,6099,421,3503,0.7558,0.6321,1.196,12.4,0.0,True,3924,2177,35.7,421,3503,75.6,63.2,0.836,93.8,2.7,12.74,2.48,1.4,6.49,18.62,False,False,
E2,rvol_ge_2_0,volume,6101,6099,333,2472,0.5978,0.446,1.34,15.2,0.0,True,2805,3296,54.0,333,2472,59.8,44.6,0.746,93.2,2.1,13.15,2.88,1.9,8.11,18.16,False,False,
E2,rvol_top_q,volume,6101,6099,182,1038,0.3268,0.1873,1.745,13.9,0.0,True,1220,4881,80.0,182,1038,32.7,18.7,0.573,92.3,1.2,12.45,2.19,2.5,8.14,16.8,False,True,
E2,prev_rvol_ge_2_0,volume,6101,6099,235,2028,0.4219,0.3659,1.153,5.6,0.009146,True,2263,3838,62.9,235,2028,42.2,36.6,0.867,91.6,0.5,9.27,-0.99,2.5,4.13,14.46,False,False,
E2,event_vol_gt_prev,volume,6101,6101,353,3147,0.6338,0.5676,1.116,6.6,0.002634,True,3500,2601,42.6,353,3147,63.4,56.8,0.896,92.2,1.1,11.59,1.33,1.8,5.27,17.67,False,False,
E2,rr_and_rvol_ge_2_0,combo,6101,6099,61,416,0.1095,0.0751,1.459,3.4,0.003893,True,477,5624,92.2,61,416,11.0,7.5,0.685,91.2,0.1,9.06,-1.2,3.7,4.51,13.59,False,False,
E2,event_red_and_rvol_ge_2_0,combo,6101,6099,159,939,0.2855,0.1694,1.685,11.6,0.0,True,1098,5003,82.0,159,939,28.5,16.9,0.593,92.0,0.9,9.14,-1.12,3.1,4.5,13.57,False,True,
E2,event_red_and_rvol_ge_1_3,combo,6101,6099,201,1396,0.3609,0.2519,1.433,10.9,0.0,True,1597,4504,73.8,201,1396,36.1,25.2,0.698,92.1,1.0,7.53,-2.73,3.1,2.78,12.17,False,False,
E2,event_red_and_rvol_top_q,combo,6101,6099,84,362,0.1508,0.0653,2.309,8.5,0.0,True,446,5655,92.7,84,362,15.1,6.5,0.433,91.6,0.5,10.27,0.01,3.6,5.83,14.47,False,True,
E3,event_red,color,2215,2215,164,806,0.5256,0.4235,1.241,10.2,0.000754,True,970,1245,56.2,164,806,52.6,42.4,0.806,88.1,1.3,15.86,-4.56,2.3,-0.41,30.2,False,False,
E3,event_green,color,2215,2215,148,1096,0.4744,0.5759,0.824,-10.2,0.000804,True,1244,971,43.8,148,1096,47.4,57.6,1.214,83.1,-3.7,26.39,5.96,1.5,7.03,44.03,False,False,
E3,prev_red,color,2215,2215,134,792,0.4295,0.4162,1.032,1.3,0.658818,False,926,1289,58.2,134,792,42.9,41.6,0.969,86.2,-0.6,26.21,5.79,2.1,10.96,40.31,False,False,
E3,prev_green,color,2215,2215,177,1111,0.5673,0.5838,0.972,-1.7,0.583794,False,1288,927,41.9,177,1111,56.7,58.4,1.029,85.4,-1.3,11.91,-8.51,2.9,-8.64,32.01,False,False,
E3,rr,color,2215,2215,74,313,0.2372,0.1645,1.442,7.3,0.001721,True,387,1828,82.5,74,313,23.7,16.4,0.693,87.0,0.2,22.88,2.46,2.5,10.27,35.17,False,False,
E3,rg,color,2215,2215,89,493,0.2853,0.2591,1.101,2.6,0.329906,False,582,1633,73.7,89,493,28.5,25.9,0.908,86.3,-0.4,13.93,-6.49,3.7,-1.01,28.46,False,False,
E3,gr,color,2215,2215,60,479,0.1923,0.2517,0.764,-5.9,0.023426,True,539,1676,75.7,60,479,19.2,25.2,1.309,85.0,-1.8,22.2,1.77,2.4,7.68,35.76,False,False,
E3,gg,color,2215,2215,88,617,0.2821,0.3242,0.87,-4.2,0.138256,False,705,1510,68.2,88,617,28.2,32.4,1.15,85.2,-1.6,22.29,1.87,3.0,7.28,36.14,False,False,
E3,rvol_ge_1_3,volume,2215,2207,244,1300,0.7821,0.686,1.14,9.6,0.000606,True,1544,671,30.3,244,1300,78.2,68.3,0.874,89.9,3.1,20.72,0.3,1.5,-0.36,39.13,False,False,
E3,rvol_ge_2_0,volume,2215,2207,182,836,0.5833,0.4412,1.322,14.2,3e-06,True,1018,1197,54.0,182,836,58.3,43.9,0.753,89.1,2.4,19.13,-1.3,2.3,3.77,33.65,False,False,
E3,rvol_top_q,volume,2215,2207,97,345,0.3109,0.1821,1.708,12.9,0.0,True,442,1773,80.0,97,345,31.1,18.1,0.583,87.9,1.1,18.04,-2.38,3.4,5.02,30.67,False,True,
E3,prev_rvol_ge_2_0,volume,2215,2207,105,626,0.3365,0.3303,1.019,0.6,0.829413,False,731,1484,67.0,105,626,33.7,32.9,0.977,86.1,-0.7,17.8,-2.62,2.3,3.82,32.05,False,False,
E3,event_vol_gt_prev,volume,2215,2215,232,1170,0.7436,0.6148,1.209,12.9,1.2e-05,True,1402,813,36.7,232,1170,74.4,61.5,0.827,90.2,3.4,36.45,16.03,1.6,19.19,52.12,False,False,
E3,rr_and_rvol_ge_2_0,combo,2215,2207,38,128,0.1218,0.0675,1.803,5.4,0.000761,True,166,2049,92.5,38,128,12.2,6.7,0.552,86.6,-0.1,19.81,-0.61,3.2,8.14,31.3,False,False,
E3,event_red_and_rvol_ge_2_0,combo,2215,2207,87,317,0.2788,0.1673,1.667,11.2,2e-06,True,404,1811,81.8,87,317,27.9,16.7,0.597,87.6,0.8,15.95,-4.48,3.2,2.61,28.43,False,True,
E3,event_red_and_rvol_ge_1_3,combo,2215,2207,126,519,0.4038,0.2739,1.475,13.0,3e-06,True,645,1570,70.9,126,519,40.4,27.3,0.675,88.2,1.4,17.69,-2.74,3.1,4.16,30.67,False,False,
E3,event_red_and_rvol_top_q,combo,2215,2207,50,118,0.1603,0.0623,2.574,9.8,0.0,True,168,2047,92.4,50,118,16.0,6.2,0.387,87.2,0.4,19.78,-0.64,3.4,7.85,31.34,False,True,
E4,event_red,color,1470,1470,189,452,0.5642,0.3982,1.417,16.6,0.0,True,641,829,56.4,189,452,56.4,39.8,0.706,82.4,3.4,70.55,21.83,2.2,39.69,100.69,False,False,
E4,event_green,color,1470,1470,146,679,0.4358,0.5982,0.729,-16.2,0.0,True,825,645,43.9,146,679,43.6,59.8,1.373,70.7,-8.3,21.71,-27.01,5.9,-32.38,76.65,False,False,
E4,prev_red,color,1470,1470,149,507,0.4448,0.4467,0.996,-0.2,0.950471,False,656,814,55.4,149,507,44.5,44.7,1.004,77.1,-1.8,59.39,10.68,3.3,19.99,96.59,False,False,
E4,prev_green,color,1470,1470,186,626,0.5552,0.5515,1.007,0.4,0.905204,False,812,658,44.8,186,626,55.5,55.2,0.993,77.4,-1.6,37.82,-10.9,4.4,-12.74,85.66,False,False,
E4,rr,color,1470,1470,89,195,0.2657,0.1718,1.546,9.4,0.000131,True,284,1186,80.7,89,195,26.6,17.2,0.647,79.3,0.3,61.94,13.23,4.8,31.93,92.08,False,True,
E4,rg,color,1470,1470,100,256,0.2985,0.2256,1.323,7.3,0.006164,True,356,1114,75.8,100,256,29.9,22.6,0.756,78.9,-0.1,51.11,2.39,4.5,18.49,83.54,False,False,
E4,gr,color,1470,1470,60,310,0.1791,0.2731,0.656,-9.4,0.000493,True,370,1100,74.8,60,310,17.9,27.3,1.525,75.0,-4.0,42.69,-6.02,6.0,7.71,78.31,False,False,
E4,gg,color,1470,1470,86,368,0.2567,0.3242,0.792,-6.8,0.018768,True,454,1016,69.1,86,368,25.7,32.4,1.263,75.5,-3.5,39.34,-9.38,7.4,0.83,75.74,False,False,
E4,rvol_ge_1_3,volume,1470,1466,176,499,0.5269,0.4408,1.195,8.6,0.005517,True,675,795,54.1,176,499,52.5,44.0,0.837,80.0,1.0,42.5,-6.22,3.4,9.26,74.38,False,False,
E4,rvol_ge_2_0,volume,1470,1466,93,224,0.2784,0.1979,1.407,8.1,0.001674,True,317,1153,78.4,93,224,27.8,19.7,0.711,79.0,0.0,45.12,-3.59,4.5,17.11,72.91,False,False,
E4,rvol_top_q,volume,1470,1466,90,204,0.2695,0.1802,1.495,8.9,0.000344,True,294,1176,80.0,90,204,26.9,18.0,0.669,79.2,0.2,48.5,-0.22,4.1,22.33,76.65,False,False,
E4,prev_rvol_ge_2_0,volume,1470,1466,46,200,0.1377,0.1767,0.78,-3.9,0.094122,False,246,1224,83.3,46,200,13.7,17.6,1.283,76.4,-2.6,36.7,-12.01,5.3,7.59,65.61,False,False,
E4,event_vol_gt_prev,volume,1470,1470,222,616,0.6627,0.5427,1.221,12.0,9.7e-05,True,838,632,43.0,222,616,66.3,54.3,0.819,82.1,3.1,73.98,25.27,2.7,33.74,113.5,False,False,
E4,rr_and_rvol_ge_2_0,combo,1470,1466,23,38,0.0689,0.0336,2.051,3.5,0.004536,True,61,1409,95.9,23,38,6.9,3.3,0.488,77.9,-1.1,48.5,-0.22,6.8,19.95,76.32,False,False,
E4,event_red_and_rvol_ge_2_0,combo,1470,1466,48,80,0.1437,0.0707,2.034,7.3,3.2e-05,True,128,1342,91.3,48,80,14.3,7.0,0.492,78.6,-0.4,50.36,1.64,5.3,21.76,79.33,False,False,
E4,event_red_and_rvol_ge_1_3,combo,1470,1466,100,184,0.2994,0.1625,1.842,13.7,0.0,True,284,1186,80.7,100,184,29.9,16.2,0.543,80.2,1.2,57.91,9.19,4.2,30.8,83.74,False,True,
E4,event_red_and_rvol_top_q,combo,1470,1466,46,72,0.1377,0.0636,2.165,7.4,1.2e-05,True,118,1352,92.0,46,72,13.7,6.3,0.462,78.6,-0.4,51.34,2.63,5.3,24.05,77.91,False,False,
