row,feature,family,n0,n_defined,n_L,n_W,p_feat_L,p_feat_W,lift,delta_pp,p_two_prop,bh_sig,n_drop,n_keep,n_keep_pct,loser_cut_pct,winner_cut_pct,collateral,wr_keep,wr_delta_pp,net_keep,net_delta_bps,maxdd_keep,ci_lo_keep,ci_hi_keep,cut50,disc,notes
E1,event_red,color,6420,6420,307,2490,0.5016,0.4287,1.17,7.3,0.00054,TRUE,2797,3623,56.4,50.2,42.9,0.855,91.6,1,16.51,-4.25,8.8,2.35,30.33,FALSE,FALSE,
E1,event_green,color,6420,6420,303,3266,0.4951,0.5623,0.88,-6.7,0.001454,TRUE,3569,2851,44.4,49.5,56.2,1.136,89.2,-1.5,26.49,5.73,15.2,5.45,45.23,FALSE,FALSE,
E1,prev_red,color,6420,6420,270,2674,0.4412,0.4604,0.958,-1.9,0.364008,FALSE,2944,3476,54.1,44.1,46,1.044,90.2,-0.5,21.27,0.51,9.6,5.19,36.92,FALSE,FALSE,
E1,prev_green,color,6420,6420,340,3110,0.5556,0.5355,1.038,2,0.343151,FALSE,3450,2970,46.3,55.6,53.5,0.964,90.8,0.2,20.27,-0.49,13.8,1.37,37.88,FALSE,FALSE,
E1,rr,color,6420,6420,140,1151,0.2288,0.1982,1.154,3.1,0.07259,FALSE,1291,5129,79.9,22.9,19.8,0.866,90.8,0.2,20.53,-0.23,12.7,8.55,31.99,FALSE,FALSE,
E1,rg,color,6420,6420,166,1333,0.2712,0.2295,1.182,4.2,0.020284,TRUE,1499,4921,76.7,27.1,23,0.846,90.9,0.3,17.73,-3.03,18,3.21,31.13,FALSE,FALSE,
E1,gr,color,6420,6420,129,1500,0.2108,0.2583,0.816,-4.7,0.010246,TRUE,1629,4791,74.6,21.1,25.8,1.225,89.9,-0.7,21.51,0.75,19.4,5.89,35.65,FALSE,FALSE,
E1,gg,color,6420,6420,173,1748,0.2827,0.301,0.939,-1.8,0.347452,FALSE,1921,4499,70.1,28.3,30.1,1.065,90.2,-0.4,23.82,3.06,18.1,9.28,37.7,FALSE,FALSE,
E1,rvol_ge_1_3,volume,6420,6418,410,3194,0.6699,0.5501,1.218,12,0,TRUE,3604,2816,43.9,67,55,0.821,92.8,2.2,19.5,-1.26,10.8,2.06,36.98,FALSE,FALSE,
E1,rvol_ge_2_0,volume,6420,6418,270,1877,0.4412,0.3233,1.365,11.8,0,TRUE,2147,4273,66.6,44.1,32.3,0.733,92,1.4,22.56,1.8,13.5,8.13,35.39,FALSE,FALSE,
E1,rvol_top_q,volume,6420,6418,187,1097,0.3056,0.1889,1.617,11.7,0,TRUE,1284,5136,80,30.6,18.9,0.618,91.7,1.1,24.5,3.74,15.5,12.04,36.63,FALSE,TRUE,
E1,prev_rvol_ge_2_0,volume,6420,6418,214,1528,0.3497,0.2632,1.329,8.6,5.00E-06,TRUE,1742,4678,72.9,35,26.3,0.752,91.5,0.9,26.17,5.41,13.7,12.83,38.36,FALSE,FALSE,
E1,event_vol_gt_prev,volume,6420,6420,383,3280,0.6258,0.5647,1.108,6.1,0.003691,TRUE,3663,2757,42.9,62.6,56.5,0.902,91.7,1.1,20.29,-0.47,11.2,1.92,37.67,FALSE,FALSE,
E1,rr_and_rvol_ge_2_0,combo,6420,6418,46,313,0.0752,0.0539,1.394,2.1,0.02954,TRUE,359,6061,94.4,7.5,5.4,0.717,90.7,0,20.09,-0.67,17.8,8.98,31.21,FALSE,FALSE,
E1,event_red_and_rvol_ge_2_0,combo,6420,6418,120,677,0.1961,0.1166,1.682,7.9,0,TRUE,797,5623,87.6,19.6,11.7,0.594,91.3,0.6,21.62,0.86,15.5,9.35,33.84,FALSE,TRUE,
E1,event_red_and_rvol_ge_1_3,combo,6420,6418,198,1256,0.3235,0.2163,1.496,10.7,0,TRUE,1454,4966,77.4,32.4,21.6,0.668,91.7,1,18.57,-2.19,14.4,6.16,30.76,FALSE,FALSE,
E1,event_red_and_rvol_top_q,combo,6420,6418,80,369,0.1307,0.0636,2.057,6.7,0,TRUE,449,5971,93,13.1,6.4,0.486,91.1,0.5,23.2,2.44,16.9,10.84,34.18,FALSE,FALSE,
E4,event_red,color,1470,1470,189,452,0.5642,0.3982,1.417,16.6,0,TRUE,641,829,56.4,56.4,39.8,0.706,82.4,3.4,70.55,21.83,2.2,39.69,100.69,FALSE,FALSE,
E4,event_green,color,1470,1470,146,679,0.4358,0.5982,0.729,-16.2,0,TRUE,825,645,43.9,43.6,59.8,1.373,70.7,-8.3,21.71,-27.01,5.9,-32.38,76.65,FALSE,FALSE,
E4,prev_red,color,1470,1470,149,507,0.4448,0.4467,0.996,-0.2,0.950471,FALSE,656,814,55.4,44.5,44.7,1.004,77.1,-1.8,59.39,10.68,3.3,19.99,96.59,FALSE,FALSE,
E4,prev_green,color,1470,1470,186,626,0.5552,0.5515,1.007,0.4,0.905204,FALSE,812,658,44.8,55.5,55.2,0.993,77.4,-1.6,37.82,-10.9,4.4,-12.74,85.66,FALSE,FALSE,
E4,rr,color,1470,1470,89,195,0.2657,0.1718,1.546,9.4,0.000131,TRUE,284,1186,80.7,26.6,17.2,0.647,79.3,0.3,61.94,13.23,4.8,31.93,92.08,FALSE,TRUE,
E4,rg,color,1470,1470,100,256,0.2985,0.2256,1.323,7.3,0.006164,TRUE,356,1114,75.8,29.9,22.6,0.756,78.9,-0.1,51.11,2.39,4.5,18.49,83.54,FALSE,FALSE,
E4,gr,color,1470,1470,60,310,0.1791,0.2731,0.656,-9.4,0.000493,TRUE,370,1100,74.8,17.9,27.3,1.525,75,-4,42.69,-6.02,6,7.71,78.31,FALSE,FALSE,
E4,gg,color,1470,1470,86,368,0.2567,0.3242,0.792,-6.8,0.018768,TRUE,454,1016,69.1,25.7,32.4,1.263,75.5,-3.5,39.34,-9.38,7.4,0.83,75.74,FALSE,FALSE,
E4,rvol_ge_1_3,volume,1470,1466,176,499,0.5269,0.4408,1.195,8.6,0.005517,TRUE,675,795,54.1,52.5,44,0.837,80,1,42.5,-6.22,3.4,9.26,74.38,FALSE,FALSE,
E4,rvol_ge_2_0,volume,1470,1466,93,224,0.2784,0.1979,1.407,8.1,0.001674,TRUE,317,1153,78.4,27.8,19.7,0.711,79,0,45.12,-3.59,4.5,17.11,72.91,FALSE,FALSE,
E4,rvol_top_q,volume,1470,1466,90,204,0.2695,0.1802,1.495,8.9,0.000344,TRUE,294,1176,80,26.9,18,0.669,79.2,0.2,48.5,-0.22,4.1,22.33,76.65,FALSE,FALSE,
E4,prev_rvol_ge_2_0,volume,1470,1466,46,200,0.1377,0.1767,0.78,-3.9,0.094122,FALSE,246,1224,83.3,13.7,17.6,1.283,76.4,-2.6,36.7,-12.01,5.3,7.59,65.61,FALSE,FALSE,
E4,event_vol_gt_prev,volume,1470,1470,222,616,0.6627,0.5427,1.221,12,9.70E-05,TRUE,838,632,43,66.3,54.3,0.819,82.1,3.1,73.98,25.27,2.7,33.74,113.5,FALSE,FALSE,
E4,rr_and_rvol_ge_2_0,combo,1470,1466,23,38,0.0689,0.0336,2.051,3.5,0.004536,TRUE,61,1409,95.9,6.9,3.3,0.488,77.9,-1.1,48.5,-0.22,6.8,19.95,76.32,FALSE,FALSE,
E4,event_red_and_rvol_ge_2_0,combo,1470,1466,48,80,0.1437,0.0707,2.034,7.3,3.20E-05,TRUE,128,1342,91.3,14.3,7,0.492,78.6,-0.4,50.36,1.64,5.3,21.76,79.33,FALSE,FALSE,
E4,event_red_and_rvol_ge_1_3,combo,1470,1466,100,184,0.2994,0.1625,1.842,13.7,0,TRUE,284,1186,80.7,29.9,16.2,0.543,80.2,1.2,57.91,9.19,4.2,30.8,83.74,FALSE,TRUE,
E4,event_red_and_rvol_top_q,combo,1470,1466,46,72,0.1377,0.0636,2.165,7.4,1.20E-05,TRUE,118,1352,92,13.7,6.3,0.462,78.6,-0.4,51.34,2.63,5.3,24.05,77.91,FALSE,FALSE,
