time,open,high,low,close,volume
1782864000000,1571.21,1576.05,1565.5,1574.39,21952.3
1782867600000,1574.39,1586.49,1551.44,1577.2,91513.54
1782871200000,1577.2,1589.0,1573.69,1585.68,31811.26
1782874800000,1585.68,1598.73,1581.64,1594.15,86582.39
1782878400000,1594.15,1604.51,1590.14,1598.65,45107.66
1782882000000,1598.65,1600.3,1590.58,1592.01,37155.53
1782885600000,1592.01,1592.59,1570.29,1575.41,83675.81
1782889200000,1575.41,1580.45,1571.45,1577.57,25443.45
1782892800000,1577.57,1581.88,1567.44,1581.71,32388.47
1782896400000,1581.71,1584.64,1577.58,1580.41,34484.22
1782900000000,1580.41,1580.99,1571.18,1572.76,25864.86
1782903600000,1572.76,1575.3,1566.4,1569.02,24430.4
1782907200000,1569.02,1571.92,1564.42,1569.4,33689.02
1782910800000,1569.4,1598.43,1569.0,1596.61,121080.43
1782914400000,1596.61,1616.79,1590.03,1600.57,160965.44
1782918000000,1600.57,1630.66,1600.3,1619.27,129465.18
1782921600000,1619.27,1629.41,1611.82,1614.04,52581.85
1782925200000,1614.04,1624.55,1606.33,1622.35,60973.93
1782928800000,1622.35,1624.13,1610.97,1615.91,31761.56
1782932400000,1615.91,1623.64,1613.65,1617.16,31462.8
1782936000000,1617.16,1619.95,1609.25,1617.23,58433.56
1782939600000,1617.23,1638.97,1616.86,1631.32,43956.84
1782943200000,1631.32,1645.97,1619.77,1621.05,79509.3
1782946800000,1621.05,1621.05,1607.32,1608.73,55992.95
1782950400000,1608.73,1608.87,1596.0,1602.69,49466.82
1782954000000,1602.69,1624.64,1601.69,1619.95,41065.72
1782957600000,1619.95,1624.02,1613.91,1620.16,24882.1
1782961200000,1620.16,1642.01,1617.6,1638.76,58767.74
1782964800000,1638.76,1639.42,1629.71,1632.0,23661.15
1782968400000,1632.0,1634.31,1624.32,1625.95,25909.47
1782972000000,1625.95,1629.0,1616.39,1618.13,34074.91
1782975600000,1618.13,1619.26,1613.65,1615.39,30020.9
1782979200000,1615.39,1626.49,1614.3,1624.16,54087.92
1782982800000,1624.16,1651.0,1619.64,1642.48,103367.1
1782986400000,1642.48,1649.33,1640.43,1645.73,35955.28
1782990000000,1645.73,1654.68,1643.8,1649.59,47240.25
1782993600000,1649.59,1668.86,1646.81,1661.94,109974.28
1782997200000,1661.94,1713.54,1660.02,1710.14,282628.05
1783000800000,1710.14,1725.0,1692.2,1700.64,186691.81
1783004400000,1700.64,1703.27,1687.8,1696.06,72385.62
1783008000000,1696.06,1703.53,1685.56,1698.72,89314.73
1783011600000,1698.72,1704.92,1693.4,1694.84,37620.69
1783015200000,1694.84,1706.5,1694.37,1701.21,27681.66
1783018800000,1701.21,1705.0,1693.62,1699.23,29029.61
1783022400000,1699.23,1706.23,1695.16,1704.83,33465.0
1783026000000,1704.83,1705.36,1696.13,1699.26,24900.6
1783029600000,1699.26,1700.0,1693.12,1695.84,17224.9
1783033200000,1695.84,1701.24,1691.03,1699.82,17279.15
1783036800000,1699.82,1702.43,1693.75,1695.92,18488.99
1783040400000,1695.92,1718.65,1694.48,1711.6,84608.56
1783044000000,1711.6,1714.94,1695.19,1704.01,38773.76
1783047600000,1704.01,1711.51,1699.0,1705.82,30236.66
1783051200000,1705.82,1707.9,1701.3,1702.37,13473.66
1783054800000,1702.37,1721.29,1701.42,1714.23,27145.66
1783058400000,1714.23,1720.9,1711.8,1715.07,23689.5
1783062000000,1715.07,1721.97,1713.05,1717.33,24880.95
1783065600000,1717.33,1734.86,1714.89,1719.1,83881.6
1783069200000,1719.1,1730.74,1716.17,1725.65,40636.96
1783072800000,1725.65,1748.5,1725.59,1741.49,108176.04
1783076400000,1741.49,1747.6,1736.7,1741.7,47870.18
1783080000000,1741.7,1744.54,1730.67,1735.74,34477.11
1783083600000,1735.74,1753.48,1735.43,1747.51,51446.42
1783087200000,1747.51,1747.51,1727.87,1736.36,58663.13
1783090800000,1736.36,1745.53,1728.83,1730.32,56171.14
1783094400000,1730.32,1734.85,1726.2,1732.88,19691.96
1783098000000,1732.88,1741.57,1731.59,1737.66,25736.1
1783101600000,1737.66,1740.43,1735.09,1737.92,13590.03
1783105200000,1737.92,1752.46,1736.33,1744.67,49100.84
1783108800000,1744.67,1772.99,1742.7,1765.33,123089.87
1783112400000,1765.33,1775.74,1755.93,1762.75,46654.29
1783116000000,1762.75,1763.4,1754.91,1756.57,12646.8
1783119600000,1756.57,1761.7,1754.53,1757.29,10303.5
1783123200000,1757.29,1763.37,1755.34,1757.79,16523.97
1783126800000,1757.79,1757.79,1745.17,1747.13,32429.81
1783130400000,1747.13,1750.36,1743.08,1748.54,12905.4
1783134000000,1748.54,1755.87,1746.36,1752.88,16227.2
1783137600000,1752.88,1763.99,1751.25,1760.88,23800.05
1783141200000,1760.88,1761.09,1752.11,1755.3,15147.08
1783144800000,1755.3,1760.66,1750.52,1754.06,14147.23
1783148400000,1754.06,1758.97,1751.98,1757.42,14621.36
1783152000000,1757.42,1764.76,1756.32,1761.52,21111.54
1783155600000,1761.52,1762.37,1754.11,1757.31,12072.58
1783159200000,1757.31,1760.39,1756.06,1758.28,7388.34
1783162800000,1758.28,1759.53,1755.42,1757.13,9276.3
1783166400000,1757.13,1765.94,1757.13,1763.5,15466.9
1783170000000,1763.5,1778.26,1760.78,1763.1,47335.99
1783173600000,1763.1,1774.53,1762.98,1771.58,27616.19
1783177200000,1771.58,1798.96,1771.57,1790.42,138734.42
1783180800000,1790.42,1791.54,1782.54,1786.14,29490.38
1783184400000,1786.14,1809.7,1778.06,1798.75,87119.68
1783188000000,1798.75,1805.76,1790.81,1792.91,26889.61
1783191600000,1792.91,1797.0,1787.09,1791.68,21180.14
1783195200000,1791.68,1795.35,1782.76,1786.19,23497.42
1783198800000,1786.19,1793.6,1785.34,1788.36,14863.64
1783202400000,1788.36,1788.83,1781.19,1783.85,11917.94
1783206000000,1783.85,1784.76,1771.3,1779.79,38893.34
1783209600000,1779.79,1780.0,1768.04,1772.0,24140.55
1783213200000,1772.0,1774.0,1760.31,1765.79,49417.64
1783216800000,1765.79,1767.24,1755.25,1760.02,43070.23
1783220400000,1760.02,1763.0,1756.81,1760.66,15002.92
1783224000000,1760.66,1771.9,1759.18,1766.6,28739.81
1783227600000,1766.6,1766.91,1759.23,1765.21,17075.54
1783231200000,1765.21,1767.42,1761.12,1763.84,9741.55
1783234800000,1763.84,1771.9,1760.86,1769.21,22208.67
1783238400000,1769.21,1772.44,1765.63,1766.63,15175.65
1783242000000,1766.63,1766.94,1747.88,1757.27,54910.18
1783245600000,1757.27,1761.14,1754.05,1760.63,15318.2
1783249200000,1760.63,1764.26,1757.79,1759.32,14615.08
1783252800000,1759.32,1769.19,1755.2,1764.22,25079.32
1783256400000,1764.22,1766.95,1760.01,1765.58,11429.25
1783260000000,1765.58,1771.97,1764.01,1771.51,17434.53
1783263600000,1771.51,1782.92,1769.36,1773.85,65882.41
1783267200000,1773.85,1777.02,1769.4,1771.94,17192.23
1783270800000,1771.94,1786.95,1771.94,1778.51,52909.29
1783274400000,1778.51,1786.66,1776.85,1780.33,34485.15
1783278000000,1780.33,1784.05,1776.69,1780.67,13014.4
1783281600000,1780.67,1782.88,1775.27,1776.47,9662.83
1783285200000,1776.47,1795.02,1768.5,1786.04,73962.45
1783288800000,1786.04,1808.37,1783.26,1789.22,83906.1
1783292400000,1789.22,1802.53,1781.64,1785.02,31423.7
1783296000000,1785.02,1793.43,1773.09,1792.55,46450.89
1783299600000,1792.55,1798.69,1784.11,1785.38,27408.79
1783303200000,1785.38,1789.75,1778.04,1782.73,24281.13
1783306800000,1782.73,1784.5,1770.72,1778.94,26853.09
1783310400000,1778.94,1784.43,1775.34,1777.11,14929.13
1783314000000,1777.11,1777.52,1763.53,1773.2,38229.96
1783317600000,1773.2,1774.6,1768.5,1768.73,16677.57
1783321200000,1768.73,1774.93,1766.09,1771.51,19734.49
1783324800000,1771.51,1777.93,1761.58,1764.96,34429.2
1783328400000,1764.96,1765.32,1755.05,1758.02,42030.47
1783332000000,1758.02,1773.74,1757.34,1770.44,38670.93
1783335600000,1770.44,1774.93,1758.41,1758.41,36490.46
1783339200000,1758.41,1760.25,1734.2,1739.81,208010.73
1783342800000,1739.81,1752.84,1727.97,1743.69,122301.54
1783346400000,1743.69,1762.83,1740.83,1750.99,82343.3
1783350000000,1750.99,1788.56,1750.61,1787.99,142915.8
1783353600000,1787.99,1804.77,1781.61,1791.84,183075.38
1783357200000,1791.84,1799.85,1786.22,1787.44,33610.64
1783360800000,1787.44,1795.82,1785.77,1791.99,20470.62
1783364400000,1791.99,1798.16,1790.49,1791.81,19020.88
1783368000000,1791.81,1795.82,1786.44,1792.34,19433.37
1783371600000,1792.34,1834.54,1791.92,1814.4,188849.85
1783375200000,1814.4,1816.47,1803.24,1805.56,18889.05
1783378800000,1805.56,1809.42,1796.31,1799.01,34726.09
1783382400000,1799.01,1809.6,1792.66,1802.86,74352.73
1783386000000,1802.86,1802.86,1787.05,1791.9,40443.03
1783389600000,1791.9,1793.78,1775.92,1777.38,59087.69
1783393200000,1777.38,1780.5,1768.0,1770.61,35399.97
1783396800000,1770.61,1772.92,1761.67,1765.63,31468.02
1783400400000,1765.63,1772.84,1756.61,1769.6,42829.21
1783404000000,1769.6,1781.81,1763.65,1778.38,40579.79
1783407600000,1778.38,1781.89,1770.0,1770.49,28856.84
1783411200000,1770.49,1774.72,1767.17,1769.64,20801.38
1783414800000,1769.64,1782.06,1767.49,1777.28,23629.0
1783418400000,1777.28,1783.99,1773.01,1775.11,26851.47
1783422000000,1775.11,1784.41,1770.86,1779.96,20946.66
1783425600000,1779.96,1793.9,1779.41,1781.2,54235.11
1783429200000,1781.2,1782.49,1764.89,1768.1,88453.44
1783432800000,1768.1,1792.45,1760.01,1788.7,110568.17
1783436400000,1788.7,1802.65,1782.13,1796.75,73607.6
1783440000000,1796.75,1812.48,1791.86,1801.59,57285.61
1783443600000,1801.59,1809.95,1797.44,1809.87,30958.52
1783447200000,1809.87,1809.88,1784.79,1785.51,47952.86
1783450800000,1785.51,1791.43,1772.62,1789.66,57008.19
1783454400000,1789.66,1792.5,1780.41,1783.32,16925.28
1783458000000,1783.32,1788.77,1770.01,1772.84,33151.98
1783461600000,1772.84,1778.11,1764.03,1774.48,45079.06
1783465200000,1774.48,1780.03,1766.83,1770.55,25156.74
1783468800000,1770.55,1784.38,1768.93,1779.7,42449.54
1783472400000,1779.7,1780.09,1748.31,1755.07,89658.78
1783476000000,1755.07,1758.79,1740.42,1756.67,59911.03
1783479600000,1756.67,1763.37,1747.94,1750.68,62377.91
1783483200000,1750.68,1757.25,1748.42,1755.42,22488.81
1783486800000,1755.42,1758.85,1749.31,1753.2,19337.06
1783490400000,1753.2,1754.46,1745.28,1750.89,28255.19
1783494000000,1750.89,1757.03,1743.82,1755.74,49655.5
1783497600000,1755.74,1758.0,1723.66,1734.47,173755.93
1783501200000,1734.47,1739.94,1729.04,1735.25,39415.17
1783504800000,1735.25,1741.49,1731.49,1738.5,28269.8
1783508400000,1738.5,1750.77,1734.75,1747.35,47322.21
1783512000000,1747.35,1750.9,1737.05,1737.58,53111.65
1783515600000,1737.58,1743.79,1729.53,1736.95,75038.79
1783519200000,1736.95,1740.13,1721.07,1728.89,83478.02
1783522800000,1728.89,1729.78,1712.07,1721.98,72569.6
1783526400000,1721.98,1737.64,1721.92,1735.6,47190.67
1783530000000,1735.6,1745.94,1730.0,1732.46,48993.35
1783533600000,1732.46,1740.76,1729.01,1736.74,28852.43
1783537200000,1736.74,1740.97,1732.51,1740.22,26448.53
1783540800000,1740.22,1740.72,1733.86,1735.79,21974.48
1783544400000,1735.79,1739.4,1730.42,1737.23,17438.49
1783548000000,1737.23,1742.84,1735.66,1740.43,12617.19
1783551600000,1740.43,1745.22,1737.7,1742.53,13737.6
1783555200000,1742.53,1743.84,1735.82,1737.35,15601.17
1783558800000,1737.35,1755.31,1729.12,1730.71,66971.8
1783562400000,1730.71,1738.71,1722.19,1726.19,31022.77
1783566000000,1726.19,1733.72,1720.26,1729.75,26150.93
1783569600000,1729.75,1744.11,1729.15,1741.73,27637.34
1783573200000,1741.73,1749.24,1736.73,1748.73,37116.7
1783576800000,1748.73,1755.19,1745.13,1754.67,42931.64
1783580400000,1754.67,1761.94,1749.14,1752.4,52412.57
1783584000000,1752.4,1758.44,1749.72,1753.56,26140.52
1783587600000,1753.56,1755.65,1748.44,1754.83,20610.92
1783591200000,1754.83,1756.8,1743.13,1745.46,22035.75
1783594800000,1745.46,1747.66,1740.26,1743.3,26240.86
1783598400000,1743.3,1747.05,1734.0,1740.87,77264.45
1783602000000,1740.87,1751.72,1734.82,1746.22,49345.15
1783605600000,1746.22,1749.32,1732.68,1742.52,51004.52
1783609200000,1742.52,1748.72,1736.31,1738.45,35999.98
1783612800000,1738.45,1743.0,1730.84,1738.27,28927.16
1783616400000,1738.27,1752.61,1737.51,1747.74,34405.78
1783620000000,1747.74,1759.6,1746.7,1750.71,41658.23
1783623600000,1750.71,1752.28,1746.05,1747.83,13961.25
1783627200000,1747.83,1749.62,1744.1,1747.89,15608.71
1783630800000,1747.89,1750.41,1744.02,1747.37,7434.94
1783634400000,1747.37,1750.58,1745.31,1746.59,7032.07
1783638000000,1746.59,1748.58,1740.62,1744.26,14969.26
1783641600000,1744.26,1745.57,1736.48,1742.1,21676.55
1783645200000,1742.1,1777.82,1737.03,1766.93,108326.71
1783648800000,1766.93,1774.7,1764.0,1772.21,42724.19
1783652400000,1772.21,1779.81,1768.12,1775.54,38043.34
1783656000000,1775.54,1779.66,1771.13,1773.99,27156.68
1783659600000,1773.99,1779.28,1771.57,1778.27,21151.44
1783663200000,1778.27,1779.28,1768.28,1770.6,29152.68
1783666800000,1770.6,1776.99,1767.87,1772.68,20900.21
1783670400000,1772.68,1789.04,1771.79,1783.25,53148.21
1783674000000,1783.25,1794.51,1780.3,1792.01,47729.09
1783677600000,1792.01,1802.3,1788.57,1796.03,42892.87
1783681200000,1796.03,1801.94,1793.43,1800.49,28381.98
1783684800000,1800.49,1807.46,1792.11,1793.41,53164.73
1783688400000,1793.41,1812.38,1792.78,1803.14,49752.46
1783692000000,1803.14,1803.89,1773.44,1784.08,110880.21
1783695600000,1784.08,1796.0,1783.0,1790.37,33402.93
1783699200000,1790.37,1799.0,1784.99,1796.67,48491.55
1783702800000,1796.67,1798.0,1787.0,1787.22,36599.87
1783706400000,1787.22,1792.5,1780.03,1784.05,24930.7
1783710000000,1784.05,1797.57,1783.07,1791.97,40529.98
1783713600000,1791.97,1793.77,1788.54,1789.04,17361.11
1783717200000,1789.04,1796.0,1788.65,1793.71,13557.75
1783720800000,1793.71,1796.0,1791.91,1794.34,8253.44
1783724400000,1794.34,1797.42,1791.42,1796.0,14823.28
1783728000000,1796.0,1796.37,1789.13,1792.32,14304.69
1783731600000,1792.32,1798.48,1787.5,1788.44,16615.96
1783735200000,1788.44,1795.35,1785.0,1794.9,15418.07
1783738800000,1794.9,1797.47,1791.87,1795.66,11843.3
1783742400000,1795.66,1799.93,1795.0,1795.69,10093.98
1783746000000,1795.69,1801.71,1794.02,1798.5,10189.41
1783749600000,1798.5,1803.26,1793.43,1798.29,20533.26
1783753200000,1798.29,1801.28,1797.03,1799.17,9190.92
1783756800000,1799.17,1802.75,1798.61,1800.85,8694.54
1783760400000,1800.85,1801.97,1794.29,1794.69,10170.07
1783764000000,1794.69,1798.6,1794.42,1797.45,7042.53
1783767600000,1797.45,1800.23,1795.88,1799.6,6996.18
1783771200000,1799.6,1800.79,1797.41,1799.4,8984.33
1783774800000,1799.4,1807.99,1797.92,1801.96,25610.55
1783778400000,1801.96,1817.34,1801.7,1809.88,55266.93
1783782000000,1809.88,1827.91,1807.66,1814.01,110298.49
1783785600000,1814.01,1823.84,1809.72,1822.56,41789.17
1783789200000,1822.56,1829.98,1817.35,1823.86,21671.8
1783792800000,1823.86,1829.44,1822.69,1825.55,19485.2
1783796400000,1825.55,1827.17,1818.17,1823.77,18004.79
1783800000000,1823.77,1827.89,1823.09,1825.02,8470.87
1783803600000,1825.02,1828.46,1821.72,1823.01,9797.25
1783807200000,1823.01,1823.31,1807.99,1812.84,38628.66
1783810800000,1812.84,1814.88,1785.5,1786.81,87685.88
1783814400000,1786.81,1790.15,1777.84,1788.11,59815.95
1783818000000,1788.11,1807.86,1787.05,1805.72,56528.26
1783821600000,1805.72,1807.0,1801.55,1804.2,20526.84
1783825200000,1804.2,1814.28,1801.81,1810.77,20460.49
1783828800000,1810.77,1811.97,1803.22,1805.04,15068.12
1783832400000,1805.04,1806.39,1800.19,1802.18,11498.0
1783836000000,1802.18,1802.19,1787.81,1794.07,57259.42
1783839600000,1794.07,1798.47,1793.03,1798.13,16537.68
1783843200000,1798.13,1808.57,1797.79,1804.41,39031.79
1783846800000,1804.41,1805.0,1795.73,1801.59,19682.23
1783850400000,1801.59,1801.84,1798.02,1798.65,9694.61
1783854000000,1798.65,1806.12,1795.25,1802.89,15458.44
1783857600000,1802.89,1808.78,1802.0,1806.16,12023.96
1783861200000,1806.16,1808.9,1804.46,1805.08,10584.4
1783864800000,1805.08,1822.65,1803.0,1818.8,48206.78
1783868400000,1818.8,1826.2,1815.62,1820.13,51686.45
1783872000000,1820.13,1823.68,1816.38,1820.84,20323.67
1783875600000,1820.84,1821.8,1814.22,1817.5,17385.3
1783879200000,1817.5,1821.86,1813.95,1820.78,27020.47
1783882800000,1820.78,1822.85,1817.82,1820.61,8180.82
1783886400000,1820.61,1824.1,1817.82,1820.62,19007.07
1783890000000,1820.62,1822.99,1810.37,1811.82,30789.74
1783893600000,1811.82,1811.82,1796.15,1804.07,67752.73
1783897200000,1804.07,1808.37,1800.01,1806.21,18487.63
1783900800000,1806.21,1846.89,1803.42,1825.79,211064.99
1783904400000,1825.79,1829.54,1804.31,1805.85,70750.07
1783908000000,1805.85,1814.31,1797.81,1805.94,75246.43
1783911600000,1805.94,1805.94,1772.62,1779.74,159851.06
1783915200000,1779.74,1784.37,1775.0,1777.96,33541.43
1783918800000,1777.96,1785.84,1773.28,1780.74,53386.18
1783922400000,1780.74,1782.8,1774.63,1776.95,36594.19
1783926000000,1776.95,1790.49,1775.48,1786.54,33172.59
1783929600000,1786.54,1792.7,1782.55,1789.45,37648.31
1783933200000,1789.45,1789.78,1783.7,1785.0,15449.47
1783936800000,1785.0,1786.21,1775.69,1778.94,37578.49
1783940400000,1778.94,1784.5,1778.58,1779.87,28436.34
1783944000000,1779.87,1782.63,1766.42,1771.39,94671.27
1783947600000,1771.39,1775.97,1762.06,1770.56,82196.15
1783951200000,1770.56,1781.94,1760.61,1780.98,109115.77
1783954800000,1780.98,1786.98,1774.59,1775.85,50907.2
1783958400000,1775.85,1780.15,1766.01,1770.9,54888.01
1783962000000,1770.9,1775.58,1751.58,1752.53,81292.71
1783965600000,1752.53,1766.55,1748.14,1764.03,57811.46
1783969200000,1764.03,1774.99,1763.46,1774.07,42876.81
1783972800000,1774.07,1776.87,1760.34,1766.29,41390.68
1783976400000,1766.29,1766.4,1751.21,1760.93,40835.71
1783980000000,1760.93,1767.99,1755.18,1757.11,28716.54
1783983600000,1757.11,1777.76,1755.2,1776.0,33429.23
1783987200000,1776.0,1788.6,1772.43,1785.41,82704.17
1783990800000,1785.41,1793.94,1782.38,1784.1,48563.17
1783994400000,1784.1,1788.33,1773.92,1781.87,41248.23
1783998000000,1781.87,1783.45,1773.71,1782.86,20084.01
1784001600000,1782.86,1789.0,1781.29,1784.96,27123.95
1784005200000,1784.96,1792.63,1783.67,1786.27,26146.27
1784008800000,1786.27,1786.76,1781.0,1782.37,13778.73
1784012400000,1782.37,1785.49,1778.16,1779.86,26373.13
1784016000000,1779.86,1788.94,1777.63,1785.17,21626.0
1784019600000,1785.17,1788.94,1782.0,1785.33,17723.66
1784023200000,1785.33,1804.78,1785.11,1799.53,71009.78
1784026800000,1799.53,1802.42,1794.9,1797.4,36980.66
1784030400000,1797.4,1866.0,1793.5,1860.5,422339.63
1784034000000,1860.5,1882.58,1854.15,1870.94,272397.77
1784037600000,1870.94,1884.35,1858.63,1880.17,102607.66
1784041200000,1880.17,1888.0,1871.02,1874.49,116220.67
1784044800000,1874.49,1876.57,1867.77,1873.04,40444.84
1784048400000,1873.04,1873.05,1860.03,1870.82,51645.31
1784052000000,1870.82,1876.28,1867.32,1873.92,26793.54
1784055600000,1873.92,1881.24,1873.36,1875.98,29841.08
1784059200000,1875.98,1878.0,1872.95,1874.56,17617.35
1784062800000,1874.56,1879.42,1873.43,1875.56,16273.47
1784066400000,1875.56,1898.0,1871.01,1881.17,82104.64
1784070000000,1881.17,1892.74,1877.58,1891.08,32414.71
1784073600000,1891.08,1892.84,1877.22,1880.82,33233.48
1784077200000,1880.82,1881.37,1866.42,1869.67,38413.66
1784080800000,1869.67,1872.17,1863.29,1863.46,36829.18
1784084400000,1863.46,1878.59,1863.46,1875.53,34622.06
1784088000000,1875.53,1880.0,1873.0,1875.92,24033.43
1784091600000,1875.92,1882.89,1870.78,1882.1,38046.46
1784095200000,1882.1,1891.34,1874.01,1874.67,71436.93
1784098800000,1874.67,1876.44,1863.53,1869.03,92860.67
1784102400000,1869.03,1878.72,1868.86,1878.39,39540.91
1784106000000,1878.39,1886.02,1878.11,1878.99,46547.12
1784109600000,1878.99,1885.61,1874.08,1877.06,38560.6
1784113200000,1877.06,1885.0,1876.42,1883.82,26843.73
1784116800000,1883.82,1929.25,1878.27,1926.4,208573.04
1784120400000,1926.4,1945.91,1916.2,1924.75,230320.87
1784124000000,1924.75,1934.86,1918.17,1932.13,113167.27
1784127600000,1932.13,1936.67,1924.78,1930.86,48861.09
1784131200000,1930.86,1932.13,1903.01,1918.72,112395.22
1784134800000,1918.72,1931.46,1918.44,1927.26,49770.23
1784138400000,1927.26,1936.2,1921.76,1923.78,47040.78
1784142000000,1923.78,1928.6,1918.33,1923.13,38049.17
1784145600000,1923.13,1929.76,1918.54,1922.59,20081.91
1784149200000,1922.59,1924.91,1918.67,1921.18,14016.68
1784152800000,1921.18,1927.49,1917.17,1922.26,18703.16
1784156400000,1922.26,1926.4,1913.62,1916.95,33517.4
1784160000000,1916.95,1924.31,1910.48,1914.06,36196.01
1784163600000,1914.06,1925.56,1907.0,1922.01,38913.5
1784167200000,1922.01,1925.93,1918.16,1924.59,18602.34
1784170800000,1924.59,1928.49,1916.0,1917.71,33699.06
1784174400000,1917.71,1920.35,1913.0,1917.57,24140.99
1784178000000,1917.57,1927.0,1916.3,1924.77,30973.49
1784181600000,1924.77,1929.34,1914.34,1921.94,35011.88
1784185200000,1921.94,1921.94,1904.09,1909.71,56135.47
1784188800000,1909.71,1912.11,1874.52,1885.39,250635.43
1784192400000,1885.39,1888.52,1879.09,1883.82,41839.42
1784196000000,1883.82,1890.84,1882.97,1887.56,23833.92
1784199600000,1887.56,1887.71,1877.72,1884.2,36339.14
1784203200000,1884.2,1884.2,1866.41,1871.7,73296.42
1784206800000,1871.7,1889.7,1870.0,1881.83,69003.65
1784210400000,1881.83,1892.64,1872.72,1882.68,86373.16
1784214000000,1882.68,1895.0,1870.03,1881.1,94674.52
1784217600000,1881.1,1882.31,1873.44,1878.03,49762.48
1784221200000,1878.03,1878.62,1860.02,1868.14,102746.63
1784224800000,1868.14,1878.95,1867.06,1874.95,34748.1
1784228400000,1874.95,1877.04,1869.84,1874.82,15904.03
1784232000000,1874.82,1875.16,1870.6,1871.0,11590.77
1784235600000,1871.0,1880.95,1870.94,1877.9,14638.02
1784239200000,1877.9,1880.83,1866.55,1867.98,32728.33
1784242800000,1867.98,1869.86,1855.51,1863.6,66865.39
1784246400000,1863.6,1865.86,1846.6,1864.99,80478.67
1784250000000,1864.99,1870.0,1847.01,1850.32,52865.5
1784253600000,1850.32,1855.0,1842.38,1847.4,41788.25
1784257200000,1847.4,1858.99,1846.52,1851.74,39760.38
1784260800000,1851.74,1852.14,1843.0,1849.12,32150.41
1784264400000,1849.12,1849.12,1820.7,1823.12,97097.87
1784268000000,1823.12,1835.74,1819.67,1831.46,67909.82
1784271600000,1831.46,1832.57,1825.15,1827.21,33368.55
1784275200000,1827.21,1831.69,1819.7,1829.05,50135.84
1784278800000,1829.05,1835.3,1828.06,1834.15,25094.18
1784282400000,1834.15,1839.48,1832.89,1835.81,36993.24
1784286000000,1835.81,1842.35,1832.33,1838.1,33219.88
1784289600000,1838.1,1839.51,1826.21,1827.8,42380.76
1784293200000,1827.8,1828.43,1802.56,1824.83,149809.75
1784296800000,1824.83,1833.34,1816.09,1821.43,97634.38
1784300400000,1821.43,1830.83,1810.0,1830.23,76746.26
1784304000000,1830.23,1840.0,1825.35,1835.19,55895.95
1784307600000,1835.19,1855.96,1835.19,1842.99,79081.42
1784311200000,1842.99,1848.99,1834.15,1846.06,52686.64
1784314800000,1846.06,1846.45,1834.67,1842.49,22800.14
1784318400000,1842.49,1845.44,1836.21,1842.04,21917.24
1784322000000,1842.04,1845.99,1839.71,1840.79,11075.34
1784325600000,1840.79,1843.1,1836.6,1839.02,13827.35
1784329200000,1839.02,1843.66,1834.24,1841.16,11521.59
1784332800000,1841.16,1844.47,1839.16,1840.01,7868.57
1784336400000,1840.01,1842.59,1838.32,1841.72,5480.48
1784340000000,1841.72,1845.99,1840.28,1841.05,11028.18
1784343600000,1841.05,1845.51,1840.41,1845.2,6943.28
1784347200000,1845.2,1845.44,1841.57,1844.03,5215.57
1784350800000,1844.03,1849.03,1842.06,1845.14,10294.54
1784354400000,1845.14,1847.22,1842.02,1843.91,5368.85
1784358000000,1843.91,1845.18,1841.95,1843.36,8204.91
1784361600000,1843.36,1848.59,1841.34,1846.73,10311.89
1784365200000,1846.73,1847.24,1842.0,1844.0,8077.48
1784368800000,1844.0,1845.96,1842.74,1844.6,5681.49
1784372400000,1844.6,1845.91,1843.41,1844.67,3327.7
1784376000000,1844.67,1849.98,1839.11,1844.01,19513.99
1784379600000,1844.01,1844.01,1836.4,1840.76,16218.04
1784383200000,1840.76,1845.5,1839.7,1845.12,12574.72
1784386800000,1845.12,1845.37,1841.18,1843.12,8158.59
1784390400000,1843.12,1846.59,1840.65,1845.35,14374.62
1784394000000,1845.35,1852.73,1842.62,1851.95,35673.18
1784397600000,1851.95,1868.6,1849.1,1856.66,59652.29
1784401200000,1856.66,1860.91,1854.95,1857.67,21100.03
1784404800000,1857.67,1862.78,1854.25,1856.25,30267.22
1784408400000,1856.25,1863.0,1854.9,1860.17,28053.15
1784412000000,1860.17,1865.16,1858.98,1862.59,13132.55
1784415600000,1862.59,1863.49,1859.1,1861.88,6490.67
1784419200000,1861.88,1862.8,1858.15,1860.68,13283.81
1784422800000,1860.68,1860.84,1857.4,1858.19,17064.76
1784426400000,1858.19,1876.92,1857.43,1870.67,54924.05
1784430000000,1870.67,1872.15,1863.0,1866.56,14226.26
1784433600000,1866.56,1869.45,1863.43,1866.53,11694.96
1784437200000,1866.53,1869.75,1864.35,1867.66,8186.42
1784440800000,1867.66,1870.82,1867.56,1868.28,7748.37
1784444400000,1868.28,1871.29,1866.0,1869.4,10473.6
1784448000000,1869.4,1874.78,1866.48,1872.87,15311.76
1784451600000,1872.87,1873.39,1864.3,1865.47,30333.15
1784455200000,1865.47,1879.38,1862.03,1871.66,39763.28
1784458800000,1871.66,1877.87,1868.94,1870.42,18178.73
1784462400000,1870.42,1873.61,1863.35,1869.58,34637.63
1784466000000,1869.58,1873.56,1864.62,1871.11,18536.82
1784469600000,1871.11,1878.68,1867.63,1873.95,34815.07
1784473200000,1873.95,1875.37,1867.77,1870.19,27070.77
1784476800000,1870.19,1872.99,1864.7,1865.72,33930.27
1784480400000,1865.72,1873.93,1855.85,1866.29,43470.09
1784484000000,1866.29,1866.92,1850.0,1860.24,72804.3
1784487600000,1860.24,1862.08,1853.75,1861.45,12269.31
1784491200000,1861.45,1866.52,1861.28,1866.52,19189.72
1784494800000,1866.52,1867.55,1856.58,1861.16,28469.31
1784498400000,1861.16,1877.97,1855.86,1869.84,83497.09
1784502000000,1869.84,1874.26,1864.0,1871.37,32993.85
1784505600000,1871.37,1891.45,1861.51,1871.21,112809.69
1784509200000,1871.21,1889.47,1864.56,1868.47,79271.74
1784512800000,1868.47,1882.89,1866.56,1878.21,58700.71
1784516400000,1878.21,1881.49,1869.67,1878.98,34358.5
1784520000000,1878.98,1879.3,1867.05,1867.86,41040.26
1784523600000,1867.86,1868.95,1850.0,1854.53,88456.22
1784527200000,1854.53,1859.17,1841.67,1848.72,91689.09
1784530800000,1848.72,1864.71,1847.85,1863.08,52201.83
1784534400000,1863.08,1867.77,1852.66,1859.9,67132.71
1784538000000,1859.9,1866.86,1856.86,1863.37,31138.05
1784541600000,1863.37,1871.74,1861.8,1868.07,26070.06
1784545200000,1868.07,1896.75,1867.09,1892.93,161580.66
1784548800000,1892.93,1893.35,1870.76,1872.39,75077.89
1784552400000,1872.39,1879.96,1856.33,1861.68,117497.88
1784556000000,1861.68,1871.86,1852.2,1867.13,67929.35
1784559600000,1867.13,1904.77,1866.51,1901.75,128357.47
1784563200000,1901.75,1906.57,1892.94,1898.51,79866.63
1784566800000,1898.51,1909.23,1894.12,1907.09,57085.03
1784570400000,1907.09,1917.88,1896.63,1898.54,82292.1
1784574000000,1898.54,1900.22,1889.08,1897.55,49879.99
1784577600000,1897.55,1905.78,1895.16,1904.21,27594.15
1784581200000,1904.21,1907.55,1900.9,1901.64,28660.45
1784584800000,1901.64,1901.9,1893.3,1894.68,41150.76
1784588400000,1894.68,1904.45,1894.11,1903.67,14005.2
1784592000000,1903.67,1918.0,1899.55,1914.29,44503.58
1784595600000,1914.29,1917.75,1906.32,1906.88,38702.23
1784599200000,1906.88,1923.85,1903.6,1916.55,37342.62
1784602800000,1916.55,1929.5,1916.15,1926.03,46066.35
1784606400000,1926.03,1930.82,1921.69,1923.91,42259.83
1784610000000,1923.91,1935.32,1921.05,1929.73,36708.34
1784613600000,1929.73,1939.46,1927.0,1934.12,37019.5
1784617200000,1934.12,1939.99,1932.3,1933.15,30712.33
1784620800000,1933.15,1953.39,1930.78,1939.06,87606.6
1784624400000,1939.06,1943.0,1935.7,1941.19,25447.08
1784628000000,1941.19,1946.41,1931.0,1933.01,41201.79
1784631600000,1933.01,1936.57,1926.14,1934.83,47949.47
1784635200000,1934.83,1944.77,1931.81,1941.76,58344.97
1784638800000,1941.76,1943.0,1926.36,1939.44,59884.79
1784642400000,1939.44,1943.5,1926.78,1930.86,76611.3
1784646000000,1930.86,1931.87,1922.11,1931.01,49815.19
1784649600000,1931.01,1934.83,1920.64,1925.51,42838.56
1784653200000,1925.51,1927.5,1913.01,1917.83,46419.68
1784656800000,1917.83,1922.08,1914.14,1919.26,30218.93
1784660400000,1919.26,1925.51,1917.37,1922.7,44613.13
1784664000000,1922.7,1925.39,1920.42,1922.1,11070.42
1784667600000,1922.1,1925.93,1918.86,1923.13,13824.0
1784671200000,1923.13,1923.13,1916.95,1919.89,16169.63
1784674800000,1919.89,1931.9,1915.7,1929.32,30912.73
1784678400000,1929.32,1943.95,1928.16,1938.56,65006.81
1784682000000,1938.56,1939.97,1926.8,1932.68,30057.07
1784685600000,1932.68,1935.61,1925.84,1929.43,18423.81
1784689200000,1929.43,1935.0,1925.46,1927.39,19936.3
1784692800000,1927.39,1938.65,1926.87,1935.71,18515.15
1784696400000,1935.71,1935.98,1916.75,1918.65,42431.85
1784700000000,1918.65,1920.24,1912.13,1916.61,33068.81
1784703600000,1916.61,1918.15,1909.41,1913.44,38780.87
1784707200000,1913.44,1924.7,1913.0,1920.27,34532.43
1784710800000,1920.27,1926.04,1918.66,1924.08,33841.33
1784714400000,1924.08,1932.99,1922.62,1929.8,31254.21
1784718000000,1929.8,1930.88,1921.0,1926.4,26197.15
1784721600000,1926.4,1926.4,1912.41,1916.05,37481.5
1784725200000,1916.05,1942.21,1915.67,1939.01,92719.26
1784728800000,1939.01,1957.31,1921.72,1932.43,139743.95
1784732400000,1932.43,1951.87,1932.1,1942.02,90404.37
1784736000000,1942.02,1956.34,1934.6,1949.06,81834.3
1784739600000,1949.06,1949.77,1933.61,1937.62,41750.27
1784743200000,1937.62,1939.21,1922.09,1929.56,73580.64
1784746800000,1929.56,1931.16,1919.88,1923.94,36924.84
1784750400000,1923.94,1930.0,1921.84,1925.73,27560.32
1784754000000,1925.73,1938.86,1925.72,1937.97,30995.22
1784757600000,1937.97,1938.35,1929.14,1937.35,23983.17
1784761200000,1937.35,1937.79,1922.34,1933.3,32622.81
1784764800000,1933.3,1941.27,1931.3,1931.4,39602.95
1784768400000,1931.4,1935.93,1925.45,1927.36,33081.82
1784772000000,1927.36,1928.58,1920.51,1926.66,27517.21
1784775600000,1926.66,1927.01,1916.5,1919.55,30652.02
1784779200000,1919.55,1924.95,1917.54,1919.05,24407.56
1784782800000,1919.05,1928.0,1917.2,1921.82,22664.46
1784786400000,1921.82,1926.04,1920.0,1924.52,16706.5
1784790000000,1924.52,1924.52,1911.5,1914.78,49302.62
1784793600000,1914.78,1926.67,1913.45,1925.56,27528.48
1784797200000,1925.56,1930.88,1922.4,1923.1,38304.85
1784800800000,1923.1,1929.48,1921.0,1927.22,18743.83
1784804400000,1927.22,1928.29,1923.41,1924.74,18625.92
1784808000000,1924.74,1927.02,1892.21,1903.5,132964.91
1784811600000,1903.5,1908.4,1894.6,1897.79,73935.8
1784815200000,1897.79,1906.69,1890.69,1895.38,65849.33
1784818800000,1895.38,1897.19,1881.23,1894.51,128676.3
1784822400000,1894.51,1894.72,1883.6,1886.99,72021.95
1784826000000,1886.99,1891.94,1870.24,1877.6,47402.89
1784829600000,1877.6,1883.6,1874.52,1879.95,61300.63
1784833200000,1879.95,1882.51,1867.0,1874.77,51820.82
1784836800000,1874.77,1888.22,1873.53,1884.96,33761.49
1784840400000,1884.96,1887.93,1879.77,1881.78,18376.22
1784844000000,1881.78,1883.18,1873.19,1882.46,27976.27
1784847600000,1882.46,1883.99,1873.6,1877.44,24806.27
1784851200000,1877.44,1878.0,1858.12,1870.47,72757.76
1784854800000,1870.47,1876.68,1869.33,1871.88,34882.17
1784858400000,1871.88,1877.49,1863.51,1868.67,26235.98
1784862000000,1868.67,1880.88,1867.27,1879.69,25071.13
1784865600000,1879.69,1881.17,1873.8,1875.15,10672.44
1784869200000,1875.15,1881.34,1872.22,1880.03,42676.21
1784872800000,1880.03,1887.5,1878.02,1887.32,40074.65
1784876400000,1887.32,1909.3,1886.24,1895.22,153190.9
1784880000000,1895.22,1895.29,1884.68,1887.19,29254.19
1784883600000,1887.19,1888.28,1877.28,1887.04,45019.05
1784887200000,1887.04,1887.81,1879.19,1882.68,16591.99
1784890800000,1882.68,1883.81,1875.6,1882.93,26361.05
1784894400000,1882.93,1885.19,1870.89,1871.61,37795.85
1784898000000,1871.61,1874.65,1846.6,1856.97,144867.75
1784901600000,1856.97,1862.4,1846.83,1861.87,84691.17
1784905200000,1861.87,1868.67,1853.07,1861.21,73314.54
1784908800000,1861.21,1865.46,1852.29,1856.52,34557.78
1784912400000,1856.52,1866.11,1854.09,1865.71,26242.19
1784916000000,1865.71,1865.9,1857.6,1861.85,18017.3
1784919600000,1861.85,1863.75,1856.97,1862.83,11666.51
1784923200000,1862.83,1864.7,1857.32,1859.75,12972.4
1784926800000,1859.75,1860.7,1855.39,1856.84,13789.36
1784930400000,1856.84,1860.92,1855.85,1858.7,8768.14
1784934000000,1858.7,1861.12,1858.04,1860.52,6256.17
1784937600000,1860.52,1863.99,1855.71,1859.5,19229.92
1784941200000,1859.5,1863.0,1857.2,1859.31,10659.97
1784944800000,1859.31,1860.86,1857.06,1858.55,11288.08
1784948400000,1858.55,1859.58,1854.36,1857.77,8548.44
1784952000000,1857.77,1862.17,1857.6,1860.49,6480.91
1784955600000,1860.49,1862.11,1855.9,1857.6,10504.0
1784959200000,1857.6,1859.48,1853.68,1857.64,12671.19
1784962800000,1857.64,1857.94,1855.17,1855.17,7036.54
1784966400000,1855.17,1855.29,1850.04,1853.0,15180.42
1784970000000,1853.0,1858.43,1850.75,1857.61,8362.81
1784973600000,1857.61,1858.72,1855.78,1857.87,8158.95
1784977200000,1857.87,1859.43,1856.6,1857.14,5525.11
1784980800000,1857.14,1859.77,1856.13,1859.45,8248.02
1784984400000,1859.45,1871.58,1859.01,1866.45,49358.04
1784988000000,1866.45,1868.45,1864.41,1867.79,12301.58
1784991600000,1867.79,1870.51,1866.22,1867.18,14068.47
1784995200000,1867.18,1870.35,1863.63,1867.29,14958.89
1784998800000,1867.29,1874.3,1867.12,1872.23,15842.81
1785002400000,1872.23,1876.0,1871.41,1874.42,16676.49
1785006000000,1874.42,1875.75,1873.44,1873.88,8325.39
1785009600000,1873.88,1874.1,1869.31,1871.39,11807.69
1785013200000,1871.39,1874.8,1866.51,1871.76,12588.75
1785016800000,1871.76,1876.47,1871.42,1874.95,8376.24
1785020400000,1874.95,1875.49,1872.52,1873.74,5103.69
1785024000000,1873.74,1880.99,1872.78,1880.26,18093.88
1785027600000,1880.26,1880.94,1876.88,1877.81,11003.37
1785031200000,1877.81,1880.67,1876.0,1879.85,5360.53
1785034800000,1879.85,1883.25,1877.8,1881.3,12021.16
1785038400000,1881.3,1888.75,1879.43,1885.47,18114.72
1785042000000,1885.47,1886.64,1882.04,1882.71,10290.97
1785045600000,1882.71,1884.61,1877.4,1884.06,16219.27
1785049200000,1884.06,1885.66,1879.73,1880.98,13165.5
1785052800000,1880.98,1882.08,1878.25,1880.68,8463.29
1785056400000,1880.68,1885.14,1880.6,1883.18,7446.11
1785060000000,1883.18,1886.99,1881.49,1885.37,12018.27
1785063600000,1885.37,1887.0,1883.81,1885.22,8257.51
1785067200000,1885.22,1893.56,1884.74,1885.43,23349.2
1785070800000,1885.43,1888.0,1880.86,1885.82,20661.29
1785074400000,1885.82,1899.51,1885.65,1897.98,45490.87
1785078000000,1897.98,1916.7,1897.03,1913.82,96299.8
1785081600000,1913.82,1927.9,1907.83,1915.31,63752.15
1785085200000,1915.31,1917.12,1909.55,1910.35,21710.95
1785088800000,1910.35,1915.75,1909.69,1913.58,12284.84
1785092400000,1913.58,1915.18,1910.99,1913.4,8976.82
1785096000000,1913.4,1913.95,1910.52,1912.85,7519.22
1785099600000,1912.85,1929.99,1912.67,1925.37,36981.84
1785103200000,1925.37,1953.09,1925.37,1949.19,108546.71
1785106800000,1949.19,1966.8,1945.59,1953.82,92907.42
1785110400000,1953.82,1954.71,1938.59,1941.6,50481.01
1785114000000,1941.6,1947.88,1935.02,1947.54,29175.39
1785117600000,1947.54,1948.5,1940.76,1942.47,19972.5
1785121200000,1942.47,1949.7,1941.48,1948.93,12606.14
1785124800000,1948.93,1962.0,1947.7,1952.61,45999.39
1785128400000,1952.61,1969.94,1951.62,1964.47,44987.48
1785132000000,1964.47,1981.29,1962.67,1967.44,74743.6
1785135600000,1967.44,1970.83,1959.63,1963.82,41390.23
1785139200000,1963.82,1968.29,1960.96,1963.38,26934.74
1785142800000,1963.38,1967.94,1955.84,1964.23,42610.55
1785146400000,1964.23,1971.0,1962.7,1966.69,21004.85
1785150000000,1966.69,1966.69,1957.0,1958.73,24203.13
1785153600000,1958.73,1964.01,1942.0,1956.64,86833.82
1785157200000,1956.64,1977.43,1949.89,1959.99,137971.64
1785160800000,1959.99,1965.9,1917.67,1931.44,194750.56
1785164400000,1931.44,1936.88,1923.17,1926.69,56607.81
1785168000000,1926.69,1946.0,1921.53,1939.86,69772.89
1785171600000,1939.86,1945.49,1934.07,1942.86,25831.53
1785175200000,1942.86,1943.82,1928.14,1938.21,47193.18
1785178800000,1938.21,1954.97,1936.72,1947.78,57030.73
1785182400000,1947.78,1950.22,1942.55,1946.0,22284.74
1785186000000,1946.0,1949.35,1939.72,1941.24,18891.36
1785189600000,1941.24,1941.24,1890.59,1892.29,138677.62
1785193200000,1892.29,1894.9,1880.52,1891.53,95106.55
1785196800000,1891.53,1893.52,1875.79,1877.89,66585.16
1785200400000,1877.89,1881.87,1864.17,1874.97,92024.04
1785204000000,1874.97,1879.6,1871.3,1874.89,25088.65
1785207600000,1874.89,1882.45,1871.27,1880.3,31677.43
1785211200000,1880.3,1881.92,1875.54,1878.34,23783.39
1785214800000,1878.34,1888.73,1877.58,1882.09,41778.33
1785218400000,1882.09,1887.88,1877.45,1887.68,22069.46
1785222000000,1887.68,1888.19,1879.7,1882.86,23871.3
1785225600000,1882.86,1884.82,1878.8,1883.52,47766.93
1785229200000,1883.52,1884.07,1873.37,1875.24,27975.3
1785232800000,1875.24,1879.99,1872.27,1877.71,27319.17
1785236400000,1877.71,1881.87,1870.78,1875.98,39921.32
1785240000000,1875.98,1892.65,1873.69,1891.48,63421.95
1785243600000,1891.48,1895.7,1855.08,1872.97,157201.0
1785247200000,1872.97,1893.71,1866.3,1887.88,130619.51
1785250800000,1887.88,1923.68,1883.5,1919.09,199021.36
1785254400000,1919.09,1929.41,1913.45,1924.88,60838.35
1785258000000,1924.88,1924.88,1892.0,1900.92,121151.37
1785261600000,1900.92,1914.17,1900.59,1910.39,38731.62
1785265200000,1910.39,1921.35,1910.37,1921.35,30312.0
1785268800000,1921.35,1923.0,1915.34,1917.49,23110.31
1785272400000,1917.49,1929.94,1917.27,1922.88,21334.75
1785276000000,1922.88,1926.33,1908.7,1910.82,44757.65
1785279600000,1910.82,1922.6,1903.05,1921.26,55136.62
1785283200000,1921.26,1928.3,1915.85,1916.3,40144.41
1785286800000,1916.3,1917.47,1904.01,1904.47,36077.28
1785290400000,1904.47,1918.84,1900.0,1910.0,47294.55
1785294000000,1910.0,1912.24,1889.44,1891.81,54123.63
1785297600000,1891.81,1905.59,1883.23,1904.52,62438.81
1785301200000,1904.52,1914.32,1902.67,1911.62,37714.0
1785304800000,1911.62,1920.97,1908.0,1919.32,52707.62
1785308400000,1919.32,1924.58,1913.22,1923.76,40968.65
1785312000000,1923.76,1924.39,1910.83,1914.23,33089.48
1785315600000,1914.23,1923.94,1913.94,1921.47,34681.81
1785319200000,1921.47,1921.75,1908.2,1911.24,36393.2
1785322800000,1911.24,1916.2,1909.09,1914.43,27999.35
1785326400000,1914.43,1914.43,1901.88,1904.44,35897.53
1785330000000,1904.44,1910.9,1895.02,1908.68,81193.94
1785333600000,1908.68,1910.5,1889.95,1894.5,111229.97
1785337200000,1894.5,1898.27,1886.17,1891.13,59491.09
1785340800000,1891.13,1898.94,1885.64,1894.42,46132.56
1785344400000,1894.42,1916.4,1893.53,1915.37,63307.53
1785348000000,1915.37,1938.31,1892.4,1919.94,311226.79
1785351600000,1919.94,1922.0,1882.2,1887.72,176162.86
1785355200000,1887.72,1890.93,1876.75,1883.1,133324.07
1785358800000,1883.1,1898.02,1873.01,1897.7,80097.25
1785362400000,1897.7,1910.89,1897.69,1906.62,43192.85
1785366000000,1906.62,1912.69,1901.17,1909.76,39972.31
1785369600000,1909.76,1914.41,1892.99,1897.57,36688.57
1785373200000,1897.57,1920.91,1896.64,1916.26,68927.81
1785376800000,1916.26,1919.4,1909.56,1910.49,22646.46
1785380400000,1910.49,1914.52,1906.7,1909.4,14675.7
1785384000000,1909.4,1910.11,1900.69,1901.2,15400.42
1785387600000,1901.2,1908.75,1899.2,1905.32,19790.19
1785391200000,1905.32,1905.96,1898.11,1900.34,11327.29
1785394800000,1900.34,1907.28,1899.24,1902.33,24482.28
1785398400000,1902.33,1917.78,1899.46,1914.29,33584.94
1785402000000,1914.29,1924.23,1913.11,1917.41,40226.33
1785405600000,1917.41,1921.19,1915.55,1917.49,30607.55
1785409200000,1917.49,1925.71,1915.74,1922.31,28161.98
1785412800000,1922.31,1926.79,1919.0,1924.3,30645.36
1785416400000,1924.3,1936.72,1916.4,1929.0,80024.38
1785420000000,1929.0,1929.59,1912.49,1916.49,65483.68
1785423600000,1916.49,1923.48,1913.07,1918.13,34013.31
1785427200000,1918.13,1925.3,1914.93,1918.45,31527.85
1785430800000,1918.45,1924.97,1915.05,1919.98,17753.35
1785434400000,1919.98,1921.99,1913.45,1915.09,15227.11
1785438000000,1915.09,1928.69,1914.8,1923.0,30972.18
1785441600000,1923.0,1926.8,1919.02,1920.96,28669.25
1785445200000,1920.96,1924.05,1916.58,1917.73,15899.31
1785448800000,1917.73,1933.7,1915.22,1924.93,68570.04
1785452400000,1924.93,1936.0,1916.53,1917.28,101951.32
1785456000000,1917.28,1921.4,1914.02,1916.03,34739.2
1785459600000,1916.03,1935.68,1906.0,1909.3,98881.66
1785463200000,1909.3,1911.3,1900.35,1903.19,45427.77
1785466800000,1903.19,1910.77,1897.03,1907.78,47506.2
1785470400000,1907.78,1908.5,1902.04,1904.78,20385.23
1785474000000,1904.78,1908.25,1900.44,1905.3,23132.93
1785477600000,1905.3,1910.37,1899.06,1901.53,34029.0
1785481200000,1901.53,1901.66,1883.43,1888.77,80720.79
1785484800000,1888.77,1892.29,1887.01,1889.54,32450.43
1785488400000,1889.54,1890.3,1879.65,1882.68,37033.24
1785492000000,1882.68,1889.07,1876.05,1886.03,40929.66
1785495600000,1886.03,1888.79,1881.42,1883.5,21456.89
1785499200000,1883.5,1883.84,1872.2,1881.71,66939.3
1785502800000,1881.71,1889.5,1863.51,1866.12,115531.0
1785506400000,1866.12,1869.66,1847.07,1859.09,247463.98
1785510000000,1859.09,1865.0,1853.15,1861.84,53525.44
1785513600000,1861.84,1866.22,1859.31,1863.52,33531.57
1785517200000,1863.52,1877.49,1862.45,1873.98,39451.21
1785520800000,1873.98,1875.84,1864.0,1870.96,30076.33
1785524400000,1870.96,1873.45,1864.61,1867.41,25133.47
1785528000000,1867.41,1870.0,1860.4,1861.38,37492.43
1785531600000,1861.38,1864.0,1858.46,1860.92,21024.87
1785535200000,1860.92,1864.62,1857.29,1860.42,16552.08
1785538800000,1860.42,1863.87,1859.7,1861.59,7360.9
1785542400000,1861.59,1866.75,1861.35,1863.95,13893.06
1785546000000,1863.95,1866.69,1863.95,1865.99,8325.2
1785549600000,1865.99,1869.19,1865.65,1867.15,7775.99
1785553200000,1867.15,1869.0,1865.54,1868.99,7024.32
1785556800000,1868.99,1869.99,1866.97,1868.72,9501.67
1785560400000,1868.72,1870.45,1864.43,1866.68,9191.16
1785564000000,1866.68,1870.07,1865.43,1869.58,5883.28
1785567600000,1869.58,1871.05,1867.31,1868.9,6962.55
1785571200000,1868.9,1869.39,1866.48,1868.34,7531.96
1785574800000,1868.34,1869.84,1866.71,1867.04,7426.61
1785578400000,1867.04,1868.06,1861.99,1866.32,21126.83
1785582000000,1866.32,1866.87,1865.0,1866.0,4997.28
1785585600000,1866.0,1869.05,1865.99,1868.09,8065.23
1785589200000,1868.09,1868.72,1866.84,1868.3,3959.06
1785592800000,1868.3,1874.67,1868.28,1874.45,21773.65
1785596400000,1874.45,1874.89,1869.36,1869.36,17306.6
1785600000000,1869.36,1872.83,1865.58,1868.11,10672.12
1785603600000,1868.11,1869.49,1856.01,1860.93,37951.87
1785607200000,1860.93,1862.0,1820.58,1835.64,185598.26
1785610800000,1835.64,1839.5,1832.75,1836.33,37115.82
1785614400000,1836.33,1839.5,1831.68,1837.5,22918.3
1785618000000,1837.5,1844.86,1835.48,1844.74,23019.18
1785621600000,1844.74,1848.59,1843.72,1846.43,12225.01
1785625200000,1846.43,1848.17,1842.44,1843.92,8768.04
1785628800000,1843.92,1849.85,1841.97,1845.75,31244.05
1785632400000,1845.75,1858.99,1845.75,1856.19,53876.99
1785636000000,1856.19,1884.0,1855.5,1876.21,107983.01
1785639600000,1876.21,1879.78,1873.48,1876.67,24052.25
1785643200000,1876.67,1882.55,1876.67,1880.15,25389.85
1785646800000,1880.15,1882.0,1874.04,1875.39,21078.63
1785650400000,1875.39,1878.9,1874.08,1876.78,12944.72
1785654000000,1876.78,1878.0,1874.35,1875.26,8805.14
1785657600000,1875.26,1878.26,1866.15,1867.34,28720.28
1785661200000,1867.34,1871.98,1861.08,1870.06,19046.14
1785664800000,1870.06,1870.1,1864.68,1867.62,8892.52
1785668400000,1867.62,1868.83,1848.4,1851.6,57360.54
1785672000000,1851.6,1859.85,1851.25,1855.91,25069.33
1785675600000,1855.91,1857.3,1851.11,1854.07,14125.93
1785679200000,1854.07,1858.48,1851.31,1853.93,17366.38
1785682800000,1853.93,1862.64,1852.78,1857.78,22716.24
1785686400000,1857.78,1865.08,1855.0,1862.18,17449.03
1785690000000,1862.18,1869.84,1861.27,1867.74,14775.45
1785693600000,1867.74,1887.87,1867.49,1875.04,63010.51
1785697200000,1875.04,1883.12,1873.93,1881.33,16615.31
1785700800000,1881.33,1884.88,1878.89,1882.7,13877.92
1785704400000,1882.7,1898.0,1881.23,1889.7,54696.6
1785708000000,1889.7,1897.57,1879.69,1881.15,50526.22
1785711600000,1881.15,1884.8,1875.05,1884.48,25015.89
1785715200000,1884.48,1885.0,1870.62,1872.97,33370.2
1785718800000,1872.97,1874.82,1865.01,1866.13,28793.46
1785722400000,1866.13,1871.44,1861.66,1863.24,26333.19
1785726000000,1863.24,1864.86,1850.12,1856.18,36636.43
1785729600000,1856.18,1862.0,1853.52,1853.91,39775.26
1785733200000,1853.91,1859.81,1852.19,1858.74,22382.74
1785736800000,1858.74,1860.0,1845.36,1848.43,38600.56
1785740400000,1848.43,1849.27,1838.87,1843.12,49613.74
1785744000000,1843.12,1844.7,1827.32,1839.2,69636.75
1785747600000,1839.2,1853.1,1838.18,1851.5,52180.81
1785751200000,1851.5,1853.74,1840.37,1845.49,39273.85
1785754800000,1845.49,1847.44,1837.04,1838.96,31862.69
1785758400000,1838.96,1844.62,1835.55,1842.6,27260.2
1785762000000,1842.6,1860.0,1837.44,1858.18,75121.33
1785765600000,1858.18,1873.61,1850.38,1873.0,132775.17
1785769200000,1873.0,1873.31,1858.89,1862.68,53677.8
1785772800000,1862.68,1871.63,1860.5,1865.46,44288.23
1785776400000,1865.46,1874.21,1862.27,1868.09,32409.9
1785780000000,1868.09,1873.3,1865.39,1868.07,22519.28
1785783600000,1868.07,1875.96,1867.01,1869.17,20891.02
1785787200000,1869.17,1875.21,1865.52,1868.36,29801.19
1785790800000,1868.36,1868.61,1862.39,1862.78,23977.5
1785794400000,1862.78,1865.52,1850.54,1859.59,49046.26
1785798000000,1859.59,1859.66,1855.26,1859.63,13019.0
1785801600000,1859.63,1862.28,1847.06,1850.33,52374.56
1785805200000,1850.33,1869.0,1848.01,1866.91,51340.24
1785808800000,1866.91,1871.1,1861.11,1865.36,22392.58
1785812400000,1865.36,1866.88,1857.33,1863.47,29863.99
1785816000000,1863.47,1873.99,1861.0,1867.21,30437.37
1785819600000,1867.21,1869.82,1863.21,1863.53,23887.59
1785823200000,1863.53,1868.08,1853.5,1855.99,35812.51
1785826800000,1855.99,1864.35,1852.4,1863.0,30901.3
1785830400000,1863.0,1865.4,1856.0,1856.87,20468.01
1785834000000,1856.87,1858.0,1852.32,1857.75,22723.57
1785837600000,1857.75,1872.0,1852.9,1865.98,44159.29
1785841200000,1865.98,1874.0,1865.26,1871.97,27884.44
1785844800000,1871.97,1881.0,1867.02,1874.16,48918.45
1785848400000,1874.16,1876.77,1858.81,1860.93,87860.45
1785852000000,1860.93,1875.0,1857.42,1872.19,76440.14
1785855600000,1872.19,1877.0,1860.75,1872.26,59083.77
1785859200000,1872.26,1874.87,1864.54,1868.82,29349.48
1785862800000,1868.82,1877.0,1865.69,1868.57,48436.83
1785866400000,1868.57,1880.22,1868.21,1874.35,50868.55
1785870000000,1874.35,1882.96,1872.74,1874.42,28305.4
1785873600000,1874.42,1879.0,1865.18,1875.78,44628.31
1785877200000,1875.78,1875.92,1871.0,1871.48,15697.69
1785880800000,1871.48,1876.0,1867.46,1874.61,9254.52
1785884400000,1874.61,1880.52,1867.98,1868.78,25645.43
1785888000000,1868.78,1872.84,1862.08,1863.02,37167.57
1785891600000,1863.02,1873.58,1860.22,1872.54,20538.61
1785895200000,1872.54,1877.57,1871.64,1873.76,38853.01
1785898800000,1873.76,1876.03,1862.8,1866.76,64955.87
1785902400000,1866.76,1868.89,1864.0,1866.29,11097.54
1785906000000,1866.29,1876.99,1865.99,1872.44,34921.02
1785909600000,1872.44,1872.96,1867.24,1869.04,26969.91
1785913200000,1869.04,1871.75,1862.34,1871.74,30899.73
1785916800000,1871.74,1873.8,1866.74,1869.05,21940.22
1785920400000,1869.05,1873.99,1868.04,1870.99,12940.99
1785924000000,1870.99,1875.0,1865.03,1867.2,19810.67
1785927600000,1867.2,1870.92,1866.12,1867.92,16598.98
1785931200000,1867.92,1884.5,1866.53,1875.18,82591.71
1785934800000,1875.18,1878.86,1853.55,1877.99,170465.33
1785938400000,1877.99,1882.0,1868.01,1874.86,88904.73
1785942000000,1874.86,1882.0,1871.71,1872.72,51961.39
1785945600000,1872.72,1897.33,1872.2,1894.9,107024.78
1785949200000,1894.9,1917.13,1890.05,1916.03,101836.76
1785952800000,1916.03,1927.74,1913.0,1917.26,84350.01
1785956400000,1917.26,1920.24,1914.76,1916.07,26197.49
1785960000000,1916.07,1924.0,1915.44,1916.23,33059.06
1785963600000,1916.23,1916.64,1906.24,1907.98,43456.55
1785967200000,1907.98,1912.67,1905.64,1906.05,20259.78
1785970800000,1906.05,1911.38,1903.04,1908.1,13014.3
1785974400000,1908.1,1913.18,1906.22,1909.58,17531.72
1785978000000,1909.58,1910.48,1902.36,1905.96,16082.05
1785981600000,1905.96,1910.19,1893.76,1898.38,47649.9
1785985200000,1898.38,1898.85,1894.43,1898.03,13419.73
1785988800000,1898.03,1907.76,1894.69,1906.93,23600.81
1785992400000,1906.93,1918.26,1906.36,1913.73,46237.26
1785996000000,1913.73,1914.12,1908.7,1912.91,9733.25
1785999600000,1912.91,1914.7,1906.51,1908.5,16224.33
1786003200000,1908.5,1920.58,1907.61,1915.51,25538.47
1786006800000,1915.51,1916.1,1903.59,1906.77,69971.69
1786010400000,1906.77,1906.78,1900.45,1901.5,24790.85
1786014000000,1901.5,1908.51,1895.37,1906.86,36464.64
1786017600000,1906.86,1907.26,1897.6,1898.24,39964.7
1786021200000,1898.24,1910.55,1891.33,1906.36,69181.1
1786024800000,1906.36,1917.79,1902.13,1914.16,69135.95
1786028400000,1914.16,1919.0,1908.87,1910.06,65904.03
1786032000000,1910.06,1916.2,1907.72,1914.91,30883.88
1786035600000,1914.91,1917.84,1909.52,1913.26,15868.14
1786039200000,1913.26,1913.41,1903.02,1905.25,34070.57
1786042800000,1905.25,1910.38,1905.04,1908.73,20554.59
1786046400000,1908.73,1909.92,1904.77,1906.01,10487.54
1786050000000,1906.01,1908.89,1904.83,1905.25,11284.08
1786053600000,1905.25,1907.01,1901.03,1904.04,16036.06
1786057200000,1904.04,1904.94,1897.66,1903.02,24112.01
1786060800000,1903.02,1904.59,1898.52,1902.88,20333.02
1786064400000,1902.88,1906.84,1897.6,1902.37,26439.42
1786068000000,1902.37,1907.94,1896.2,1901.7,27148.13
1786071600000,1901.7,1902.88,1894.83,1896.64,16585.06
1786075200000,1896.64,1899.91,1893.27,1896.38,14840.28
1786078800000,1896.38,1901.74,1894.56,1900.55,12856.65
1786082400000,1900.55,1907.18,1899.31,1903.84,25296.37
1786086000000,1903.84,1906.52,1901.51,1901.52,21658.95
1786089600000,1901.52,1913.9,1900.9,1909.91,36060.35
1786093200000,1909.91,1917.0,1909.5,1912.42,59795.05
1786096800000,1912.42,1915.28,1911.69,1912.1,15925.41
1786100400000,1912.1,1920.34,1911.78,1915.56,50609.71
1786104000000,1915.56,1943.65,1915.56,1931.29,175200.22
1786107600000,1931.29,1934.44,1920.33,1922.62,59595.69
1786111200000,1922.62,1925.94,1909.54,1912.99,112166.93
1786114800000,1912.99,1920.55,1912.03,1917.23,38587.33
1786118400000,1917.23,1924.58,1908.45,1908.8,43833.62
1786122000000,1908.8,1912.6,1904.09,1911.4,69724.61
1786125600000,1911.4,1914.53,1904.9,1908.91,25812.02
1786129200000,1908.91,1919.38,1908.91,1917.81,23377.53
1786132800000,1917.81,1919.57,1913.12,1913.79,12933.05
1786136400000,1913.79,1921.0,1911.57,1915.61,27425.48
1786140000000,1915.61,1915.75,1912.91,1913.96,6277.81
1786143600000,1913.96,1915.57,1913.03,1913.03,5742.26
1786147200000,1913.03,1913.95,1911.29,1913.39,7941.63
1786150800000,1913.39,1915.27,1913.03,1913.6,6112.0
1786154400000,1913.6,1913.61,1911.19,1912.3,5345.53
1786158000000,1912.3,1918.47,1912.27,1917.06,8321.22
1786161600000,1917.06,1918.58,1915.39,1916.14,4408.09
1786165200000,1916.14,1918.01,1914.84,1916.78,5369.74
1786168800000,1916.78,1917.33,1915.22,1915.59,5163.07
1786172400000,1915.59,1915.83,1912.9,1914.35,11646.41
1786176000000,1914.35,1917.05,1913.72,1916.05,4462.09
1786179600000,1916.05,1922.47,1915.23,1917.85,15676.88
1786183200000,1917.85,1921.93,1917.85,1920.19,8425.91
1786186800000,1920.19,1923.19,1918.27,1919.71,8992.4
1786190400000,1919.71,1921.57,1917.68,1918.36,8171.47
1786194000000,1918.36,1919.86,1917.44,1919.23,4326.3
1786197600000,1919.23,1925.84,1919.23,1923.1,34615.83
1786201200000,1923.1,1923.82,1920.28,1921.72,8612.01
1786204800000,1921.72,1924.01,1920.78,1921.79,4779.39
1786208400000,1921.79,1925.56,1921.18,1923.02,8303.7
1786212000000,1923.02,1923.02,1918.29,1920.43,9718.84
1786215600000,1920.43,1920.9,1918.79,1919.68,5335.52
1786219200000,1919.68,1920.41,1918.7,1919.21,3452.08
1786222800000,1919.21,1921.98,1919.2,1919.84,4645.74
1786226400000,1919.84,1920.78,1915.29,1915.94,7382.85
1786230000000,1915.94,1918.17,1913.65,1916.07,14431.2
1786233600000,1916.07,1917.83,1915.48,1917.24,5845.21
1786237200000,1917.24,1919.91,1912.29,1915.22,14461.69
1786240800000,1915.22,1916.09,1912.76,1914.06,7608.13
1786244400000,1914.06,1914.06,1911.52,1913.21,7994.15
1786248000000,1913.21,1915.3,1912.11,1912.37,6920.76
1786251600000,1912.37,1914.4,1912.15,1913.87,5205.07
1786255200000,1913.87,1918.74,1912.95,1918.45,14072.34
1786258800000,1918.45,1918.67,1916.23,1918.29,7677.4
1786262400000,1918.29,1924.46,1913.17,1915.06,20299.31
1786266000000,1915.06,1921.08,1912.59,1920.7,14417.19
1786269600000,1920.7,1922.26,1918.89,1919.4,12002.82
1786273200000,1919.4,1920.82,1917.72,1918.42,6101.21
1786276800000,1918.42,1918.43,1915.43,1916.75,8757.33
1786280400000,1916.75,1925.0,1916.71,1922.62,29103.08
1786284000000,1922.62,1925.79,1921.5,1924.13,26767.63
1786287600000,1924.13,1926.73,1923.2,1925.51,19446.39
1786291200000,1925.51,1926.27,1920.34,1923.26,10331.46
1786294800000,1923.26,1924.17,1922.0,1922.18,5101.13
1786298400000,1922.18,1923.13,1919.35,1920.55,7587.25
1786302000000,1920.55,1921.79,1920.22,1921.05,3520.71
1786305600000,1921.05,1921.61,1916.72,1920.0,7516.55
1786309200000,1920.0,1926.23,1918.81,1923.87,9007.86
1786312800000,1923.87,1937.56,1913.92,1918.78,73238.32
1786316400000,1918.78,1919.71,1905.99,1909.67,58358.79
1786320000000,1909.67,1927.63,1904.8,1911.98,63050.15
1786323600000,1911.98,1931.0,1906.86,1924.57,49755.16
1786327200000,1924.57,1926.16,1911.7,1922.61,34490.06
1786330800000,1922.61,1924.0,1912.38,1916.4,39842.31
1786334400000,1916.4,1920.16,1911.44,1914.67,21315.35
1786338000000,1914.67,1924.45,1914.23,1922.6,22961.27
1786341600000,1922.6,1929.5,1922.27,1927.12,26908.13
1786345200000,1927.12,1930.0,1923.9,1924.47,19955.33
1786348800000,1924.47,1929.0,1922.27,1925.84,13865.44
1786352400000,1925.84,1926.48,1915.21,1915.57,25754.96
1786356000000,1915.57,1920.14,1915.0,1916.75,13617.11
1786359600000,1916.75,1920.38,1913.6,1919.69,16795.96
1786363200000,1919.69,1922.52,1903.78,1905.1,58476.39
1786366800000,1905.1,1909.67,1893.15,1896.65,114576.98
1786370400000,1896.65,1901.99,1890.38,1892.56,66203.74
1786374000000,1892.56,1892.56,1870.28,1875.86,184030.41
1786377600000,1875.86,1877.67,1867.0,1871.41,75999.31
1786381200000,1871.41,1876.72,1867.6,1872.99,31590.96
1786384800000,1872.99,1874.42,1866.25,1871.61,29459.19
1786388400000,1871.61,1879.79,1871.03,1877.56,19740.63
1786392000000,1877.56,1880.5,1876.62,1878.85,13249.4
1786395600000,1878.85,1878.85,1872.51,1873.51,13797.82
1786399200000,1873.51,1877.26,1871.12,1875.43,12754.44
1786402800000,1875.43,1875.43,1868.62,1872.26,14677.7
1786406400000,1872.26,1875.15,1869.96,1874.2,13411.16
1786410000000,1874.2,1877.94,1872.27,1877.05,12102.29
1786413600000,1877.05,1878.99,1876.15,1877.66,8964.42
1786417200000,1877.66,1880.8,1877.65,1880.12,10044.41
1786420800000,1880.12,1881.14,1875.08,1875.23,8693.69
1786424400000,1875.23,1876.08,1870.62,1873.09,20768.89
1786428000000,1873.09,1874.2,1870.3,1873.49,15690.29
1786431600000,1873.49,1878.65,1869.67,1876.97,26708.36
1786435200000,1876.97,1879.68,1874.53,1878.42,12634.25
1786438800000,1878.42,1884.99,1876.17,1884.63,29606.5
1786442400000,1884.63,1888.49,1882.0,1885.39,37647.67
1786446000000,1885.39,1895.32,1885.38,1892.13,48488.17
1786449600000,1892.13,1897.65,1886.33,1886.87,53259.79
1786453200000,1886.87,1892.0,1882.61,1889.18,48248.98
1786456800000,1889.18,1890.9,1869.1,1872.58,108460.81
1786460400000,1872.58,1877.01,1852.0,1861.92,172738.45
1786464000000,1861.92,1866.33,1858.76,1863.97,35609.27
1786467600000,1863.97,1867.26,1862.02,1863.73,15545.4
1786471200000,1863.73,1866.2,1858.76,1865.23,32316.87
1786474800000,1865.23,1884.37,1861.76,1881.14,76599.05
1786478400000,1881.14,1884.72,1878.2,1881.61,47576.53
1786482000000,1881.61,1884.99,1879.53,1883.78,30592.95
1786485600000,1883.78,1886.85,1878.54,1881.48,18384.57
1786489200000,1881.48,1883.74,1878.0,1881.65,9342.27
1786492800000,1881.65,1883.0,1880.0,1881.8,9519.24
1786496400000,1881.8,1885.95,1880.16,1884.1,15314.8
1786500000000,1884.1,1887.71,1882.63,1883.68,11522.66
1786503600000,1883.68,1886.87,1882.0,1885.78,8732.09
1786507200000,1885.78,1892.99,1884.59,1888.73,21934.31
1786510800000,1888.73,1891.73,1885.81,1890.72,11619.67
1786514400000,1890.72,1890.73,1884.51,1887.0,20625.07
1786518000000,1887.0,1891.17,1885.14,1890.99,19332.38
1786521600000,1890.99,1896.06,1889.81,1890.12,28923.29
1786525200000,1890.12,1909.0,1889.01,1905.05,69654.39
1786528800000,1905.05,1914.88,1904.95,1908.5,61567.2
1786532400000,1908.5,1915.0,1906.39,1914.82,30044.73
1786536000000,1914.82,1926.0,1904.65,1910.69,165911.66
1786539600000,1910.69,1911.83,1898.77,1900.27,72315.15
1786543200000,1900.27,1902.77,1883.55,1886.88,126357.86
1786546800000,1886.88,1895.66,1883.34,1891.76,45466.67
1786550400000,1891.76,1895.16,1888.21,1889.79,25512.54
1786554000000,1889.79,1891.17,1884.03,1887.21,26734.84
1786557600000,1887.21,1890.89,1884.48,1884.69,24972.46
1786561200000,1884.69,1886.25,1876.7,1878.46,38373.79
1786564800000,1878.46,1887.12,1876.86,1885.91,22627.73
1786568400000,1885.91,1888.8,1871.71,1877.05,36155.84
1786572000000,1877.05,1880.53,1874.55,1877.87,13184.49
1786575600000,1877.87,1879.54,1873.8,1878.81,16648.98
1786579200000,1878.81,1884.77,1876.48,1879.46,32657.8
1786582800000,1879.46,1882.1,1874.01,1877.25,18910.34
1786586400000,1877.25,1882.39,1872.0,1881.01,19375.4
1786590000000,1881.01,1888.01,1880.62,1886.8,56378.69
1786593600000,1886.8,1894.77,1884.7,1891.56,26965.14
1786597200000,1891.56,1899.71,1890.84,1895.01,56405.28
1786600800000,1895.01,1898.0,1891.23,1898.0,17881.68
1786604400000,1898.0,1898.24,1894.33,1894.76,10948.03
1786608000000,1894.76,1896.31,1887.63,1889.28,23521.98
1786611600000,1889.28,1890.0,1880.46,1888.89,24218.35
1786615200000,1888.89,1889.0,1881.0,1882.27,61942.8
1786618800000,1882.27,1882.7,1874.39,1879.68,39642.92
1786622400000,1879.68,1889.86,1878.2,1888.04,41508.41
1786626000000,1888.04,1894.99,1885.6,1889.63,46246.94
1786629600000,1889.63,1896.85,1887.66,1892.56,32944.25
1786633200000,1892.56,1895.45,1878.73,1879.15,46150.04
1786636800000,1879.15,1884.38,1862.52,1874.11,157776.1
1786640400000,1874.11,1880.35,1872.7,1876.1,36505.0
1786644000000,1876.1,1886.48,1875.54,1884.52,20576.73
1786647600000,1884.52,1892.47,1884.24,1886.62,46796.3
1786651200000,1886.62,1888.85,1884.44,1885.45,13946.49
1786654800000,1885.45,1888.74,1885.09,1887.96,8956.58
1786658400000,1887.96,1893.5,1887.63,1888.63,21403.37
1786662000000,1888.63,1888.74,1883.71,1885.52,8094.2
1786665600000,1885.52,1888.84,1882.88,1888.67,10869.5
1786669200000,1888.67,1889.56,1883.84,1888.8,12789.38
1786672800000,1888.8,1890.91,1885.01,1885.9,15221.19
1786676400000,1885.9,1888.49,1881.33,1882.17,16117.79
1786680000000,1882.17,1887.32,1881.03,1884.02,16929.18
1786683600000,1884.02,1884.84,1879.19,1883.06,14325.84
1786687200000,1883.06,1883.15,1871.75,1871.81,32248.67
1786690800000,1871.81,1877.37,1871.09,1872.34,36000.76
1786694400000,1872.34,1877.92,1868.28,1877.91,52304.7
1786698000000,1877.91,1877.97,1870.23,1872.3,14873.35
1786701600000,1872.3,1877.38,1871.58,1875.12,14712.37
1786705200000,1875.12,1880.33,1874.08,1877.26,14642.88
1786708800000,1877.26,1878.78,1872.06,1872.46,17803.11
1786712400000,1872.46,1873.06,1865.07,1869.29,66870.22
1786716000000,1869.29,1872.81,1863.24,1865.86,49023.59
1786719600000,1865.86,1883.83,1865.13,1880.67,44752.23
1786723200000,1880.67,1887.65,1878.5,1884.82,29888.21
1786726800000,1884.82,1887.0,1875.24,1877.76,38371.7
1786730400000,1877.76,1878.04,1872.62,1874.66,28999.69
1786734000000,1874.66,1881.12,1872.73,1879.76,15451.95
1786737600000,1879.76,1880.98,1877.73,1879.66,9466.74
1786741200000,1879.66,1880.53,1876.0,1878.41,13854.44
1786744800000,1878.41,1880.3,1875.14,1878.67,10835.18
1786748400000,1878.67,1881.88,1877.66,1881.42,7114.59
1786752000000,1881.42,1882.75,1880.73,1881.68,6435.42
1786755600000,1881.68,1883.89,1880.22,1883.26,6355.71
1786759200000,1883.26,1884.94,1883.19,1884.06,5694.22
1786762800000,1884.06,1885.98,1881.61,1881.95,14858.44
1786766400000,1881.95,1884.89,1881.95,1883.48,3871.19
1786770000000,1883.48,1884.37,1878.69,1879.97,8720.25
1786773600000,1879.97,1883.07,1879.1,1881.52,13177.97
1786777200000,1881.52,1881.92,1879.29,1879.53,6885.28
1786780800000,1879.53,1880.85,1875.7,1876.26,10564.09
1786784400000,1876.26,1880.53,1875.2,1879.63,9525.77
1786788000000,1879.63,1880.78,1877.09,1880.25,10940.59
1786791600000,1880.25,1880.62,1878.22,1878.51,3358.16
1786795200000,1878.51,1883.75,1877.01,1883.11,24351.29
1786798800000,1883.11,1884.4,1881.54,1882.8,11039.11
1786802400000,1882.8,1884.0,1880.49,1882.65,8617.27
1786806000000,1882.65,1884.94,1882.21,1884.15,6026.7
1786809600000,1884.15,1884.98,1882.94,1883.99,6082.75
1786813200000,1883.99,1885.58,1882.14,1883.74,13661.45
1786816800000,1883.74,1884.95,1881.42,1881.9,6155.97
1786820400000,1881.9,1884.12,1881.81,1883.58,2806.76
1786824000000,1883.58,1883.59,1881.79,1882.39,2144.51
1786827600000,1882.39,1884.78,1882.38,1884.19,5607.79
1786831200000,1884.19,1884.98,1883.48,1883.64,4705.9
1786834800000,1883.64,1883.74,1881.1,1881.94,5928.91
1786838400000,1881.94,1882.61,1880.64,1881.68,4611.5
1786842000000,1881.68,1881.68,1876.17,1879.68,24435.42
1786845600000,1879.68,1884.88,1878.32,1882.84,24909.17
1786849200000,1882.84,1883.42,1881.94,1882.29,2977.84
1786852800000,1882.29,1883.85,1879.71,1880.76,3892.03
1786856400000,1880.76,1881.46,1878.58,1879.06,5209.05
1786860000000,1879.06,1880.99,1878.17,1880.01,5488.07
1786863600000,1880.01,1881.1,1879.11,1880.69,3039.61
1786867200000,1880.69,1880.75,1879.62,1880.27,3613.87
1786870800000,1880.27,1881.8,1878.32,1879.45,7776.51
1786874400000,1879.45,1880.51,1878.75,1880.13,8276.51
1786878000000,1880.13,1880.54,1879.24,1880.1,2416.23
1786881600000,1880.1,1880.1,1878.48,1879.05,3765.31
1786885200000,1879.05,1881.25,1879.05,1881.17,6997.71
1786888800000,1881.17,1883.83,1880.89,1882.5,10121.93
1786892400000,1882.5,1884.17,1881.4,1883.05,8345.68
1786896000000,1883.05,1891.62,1883.05,1888.74,44210.48
1786899600000,1888.74,1890.41,1883.2,1884.29,12268.76
1786903200000,1884.29,1885.73,1881.51,1884.72,9039.01
1786906800000,1884.72,1888.0,1883.15,1884.91,23959.86
1786910400000,1884.91,1886.64,1880.38,1880.85,11431.83
1786914000000,1880.85,1882.12,1867.89,1874.56,50588.87
1786917600000,1874.56,1877.44,1868.06,1875.48,37987.33
1786921200000,1875.48,1876.97,1872.59,1875.31,16140.46
1786924800000,1875.31,1879.57,1871.49,1878.13,14713.01
1786928400000,1878.13,1896.99,1877.36,1890.63,79811.17
1786932000000,1890.63,1907.76,1887.8,1901.64,75592.22
1786935600000,1901.64,1903.66,1897.18,1900.13,30942.99
1786939200000,1900.13,1904.0,1900.13,1902.67,27549.32
1786942800000,1902.67,1903.44,1897.12,1898.89,19098.27
1786946400000,1898.89,1911.77,1897.09,1906.29,54509.76
1786950000000,1906.29,1907.14,1900.0,1900.04,23612.33
1786953600000,1900.04,1901.01,1890.59,1893.61,64046.17
1786957200000,1893.61,1896.89,1892.36,1893.17,15932.73
1786960800000,1893.17,1908.95,1891.37,1906.28,58255.65
1786964400000,1906.28,1907.97,1903.01,1903.73,25833.75
1786968000000,1903.73,1905.86,1895.7,1898.28,38628.13
1786971600000,1898.28,1908.56,1895.05,1904.23,52190.11
1786975200000,1904.23,1910.0,1897.41,1908.79,36343.27
1786978800000,1908.79,1914.96,1903.46,1912.4,78395.93
1786982400000,1912.4,1913.11,1904.29,1906.11,29100.48
1786986000000,1906.11,1913.78,1903.42,1908.06,46579.06
1786989600000,1908.06,1912.05,1906.31,1909.4,24667.33
1786993200000,1909.4,1910.29,1905.78,1906.56,24104.81
1786996800000,1906.56,1910.0,1904.09,1905.9,15497.1
1787000400000,1905.9,1908.29,1905.22,1905.63,9705.47
1787004000000,1905.63,1907.32,1902.45,1903.61,18060.4
1787007600000,1903.61,1918.0,1903.0,1912.75,41693.04
1787011200000,1912.75,1913.73,1907.8,1909.11,13325.34
1787014800000,1909.11,1909.44,1898.64,1900.67,42858.41
1787018400000,1900.67,1902.91,1888.45,1892.4,62126.17
1787022000000,1892.4,1894.72,1884.12,1893.69,55749.1
1787025600000,1893.69,1896.5,1890.51,1895.62,20755.85
1787029200000,1895.62,1897.76,1891.62,1894.44,18836.71
1787032800000,1894.44,1906.0,1892.47,1901.88,32513.95
1787036400000,1901.88,1902.45,1896.09,1897.58,14339.84
1787040000000,1897.58,1901.18,1892.53,1899.32,19217.34
1787043600000,1899.32,1899.32,1894.47,1895.8,11023.7
1787047200000,1895.8,1898.27,1894.18,1897.17,8654.88
1787050800000,1897.17,1905.19,1896.73,1902.39,27836.29
1787054400000,1902.39,1903.39,1897.94,1898.53,12593.25
1787058000000,1898.53,1899.28,1892.89,1896.94,35432.25
1787061600000,1896.94,1922.9,1896.26,1910.44,146846.99
1787065200000,1910.44,1918.93,1907.41,1916.95,66863.9
1787068800000,1916.95,1921.71,1911.76,1917.7,37150.73
1787072400000,1917.7,1917.97,1910.27,1910.47,25730.98
1787076000000,1910.47,1916.7,1909.81,1915.77,11104.43
1787079600000,1915.77,1917.15,1912.01,1912.71,18194.78
1787083200000,1912.71,1915.32,1910.73,1911.97,26415.0
1787086800000,1911.97,1914.36,1910.15,1911.3,9206.9
1787090400000,1911.3,1914.7,1910.72,1912.64,12074.62
1787094000000,1912.64,1919.96,1912.18,1917.15,20481.68
1787097600000,1917.15,1918.5,1911.09,1912.49,21124.36
1787101200000,1912.49,1917.5,1911.38,1912.7,26016.69
1787104800000,1912.7,1913.0,1906.5,1906.92,39946.03
1787108400000,1906.92,1915.21,1905.0,1911.18,45480.96
1787112000000,1911.18,1914.22,1909.26,1909.84,10645.56
1787115600000,1909.84,1913.33,1908.69,1909.46,14793.3
1787119200000,1909.46,1916.99,1905.37,1916.99,35149.43
1787122800000,1916.99,1920.78,1914.56,1915.13,41241.9
1787126400000,1915.13,1929.09,1914.35,1920.72,63327.02
1787130000000,1920.72,1923.3,1917.23,1918.4,13624.77
1787133600000,1918.4,1919.85,1916.34,1919.52,25105.13
1787137200000,1919.52,1925.56,1919.21,1922.24,30136.93
1787140800000,1922.24,1942.53,1921.5,1936.29,111757.06
1787144400000,1936.29,1940.71,1927.06,1931.8,91929.6
1787148000000,1931.8,1979.88,1931.79,1969.85,234084.13
1787151600000,1969.85,2117.55,1966.56,2084.94,800259.57
1787155200000,2084.94,2107.82,2081.56,2088.61,158107.82
1787158800000,2088.61,2092.22,2065.81,2090.07,96544.05
1787162400000,2090.07,2091.95,2078.16,2090.69,39083.57
1787166000000,2090.69,2104.85,2087.91,2101.05,71387.02
1787169600000,2101.05,2246.27,2100.97,2217.44,411241.42
1787173200000,2217.44,2338.21,2215.16,2285.98,516961.18
1787176800000,2285.98,2289.99,2240.59,2249.79,159906.28
1787180400000,2249.79,2262.59,2243.0,2252.29,64630.36
1787184000000,2252.29,2273.66,2251.32,2261.79,92911.57
1787187600000,2261.79,2270.51,2249.18,2265.87,86784.32
1787191200000,2265.87,2270.25,2249.28,2251.25,42904.85
1787194800000,2251.25,2258.37,2219.87,2250.92,98447.49
1787198400000,2250.92,2258.09,2247.95,2249.8,31103.25
1787202000000,2249.8,2256.66,2243.27,2248.08,20140.08
1787205600000,2248.08,2267.0,2238.08,2262.09,73000.21
1787209200000,2262.09,2263.5,2243.98,2252.11,51417.43
1787212800000,2252.11,2287.42,2249.0,2281.8,136686.12
1787216400000,2281.8,2297.84,2274.25,2278.31,106321.37
1787220000000,2278.31,2294.67,2275.0,2285.98,51084.15
1787223600000,2285.98,2318.36,2281.05,2295.26,124449.3
1787227200000,2295.26,2299.88,2266.11,2289.46,146909.78
1787230800000,2289.46,2298.28,2252.19,2275.78,152599.8
1787234400000,2275.78,2289.07,2270.4,2280.33,76782.09
1787238000000,2280.33,2337.66,2280.33,2325.01,231029.06
1787241600000,2325.01,2359.2,2313.03,2343.98,157333.22
1787245200000,2343.98,2353.35,2331.65,2343.13,64262.99
1787248800000,2343.13,2346.95,2309.44,2315.5,105933.58
1787252400000,2315.5,2332.04,2310.4,2322.98,55643.66
1787256000000,2322.98,2330.71,2312.7,2317.34,37472.84
1787259600000,2317.34,2325.16,2312.16,2317.77,20587.21
1787263200000,2317.77,2318.1,2304.63,2313.29,38087.16
1787266800000,2313.29,2340.3,2312.07,2326.24,37814.74
1787270400000,2326.24,2351.15,2324.05,2340.0,85269.82
1787274000000,2340.0,2381.58,2336.9,2358.5,149129.51
1787277600000,2358.5,2364.69,2341.54,2344.64,62546.77
1787281200000,2344.64,2354.0,2336.14,2340.09,41200.13
1787284800000,2340.09,2355.4,2340.09,2353.7,30672.6
1787288400000,2353.7,2368.73,2348.66,2367.48,52432.93
1787292000000,2367.48,2384.54,2353.85,2371.64,108593.47
1787295600000,2371.64,2398.9,2367.38,2371.87,157770.31
1787299200000,2371.87,2449.48,2370.1,2444.9,265178.81
1787302800000,2444.9,2447.22,2375.29,2403.78,225104.23
1787306400000,2403.78,2411.89,2390.2,2394.87,53304.21
1787310000000,2394.87,2398.8,2355.64,2370.38,128779.92
1787313600000,2370.38,2397.37,2364.92,2387.88,69628.46
1787317200000,2387.88,2406.34,2367.0,2386.94,119870.44
1787320800000,2386.94,2397.33,2368.01,2393.06,104481.33
1787324400000,2393.06,2408.2,2390.8,2392.88,52832.92
1787328000000,2392.88,2413.09,2382.84,2405.35,65365.07
1787331600000,2405.35,2427.1,2401.17,2422.9,78281.81
1787335200000,2422.9,2431.72,2394.54,2419.76,93663.75
1787338800000,2419.76,2420.19,2406.17,2412.42,31494.13
1787342400000,2412.42,2447.87,2407.55,2440.15,94281.74
1787346000000,2440.15,2522.5,2433.55,2513.51,191378.63
1787349600000,2513.51,2549.15,2506.84,2521.65,147361.4
1787353200000,2521.65,2547.55,2509.19,2515.9,96445.88
1787356800000,2515.9,2522.92,2491.11,2521.81,101288.84
1787360400000,2521.81,2528.77,2505.58,2506.15,46539.94
1787364000000,2506.15,2522.78,2494.55,2515.34,51002.22
1787367600000,2515.34,2526.58,2511.91,2514.27,36427.63
1787371200000,2514.27,2530.0,2505.04,2513.59,55941.39
1787374800000,2513.59,2517.75,2379.45,2439.08,336753.01
1787378400000,2439.08,2442.75,2410.0,2436.87,68405.98
1787382000000,2436.87,2446.94,2425.57,2432.05,53997.6
1787385600000,2432.05,2442.2,2411.0,2425.11,83699.44
1787389200000,2425.11,2429.06,2411.57,2421.5,32881.8
1787392800000,2421.5,2422.19,2387.67,2412.54,101088.85
1787396400000,2412.54,2427.06,2404.31,2424.0,39078.85
1787400000000,2424.0,2437.84,2419.1,2427.8,45461.31
1787403600000,2427.8,2433.33,2420.65,2429.86,23348.04
1787407200000,2429.86,2431.33,2408.46,2413.51,38111.84
1787410800000,2413.51,2416.48,2405.43,2410.52,23416.71
1787414400000,2410.52,2429.65,2408.54,2422.55,35997.97
1787418000000,2422.55,2431.78,2417.22,2426.33,20984.42
1787421600000,2426.33,2434.39,2420.51,2426.78,16601.94
1787425200000,2426.78,2444.52,2423.61,2438.61,29956.05
1787428800000,2438.61,2443.69,2426.8,2431.11,19948.23
1787432400000,2431.11,2431.33,2401.45,2406.68,50880.98
1787436000000,2406.68,2425.18,2403.53,2413.69,32758.36
1787439600000,2413.69,2426.85,2410.24,2422.0,12903.56
1787443200000,2422.0,2435.0,2419.03,2430.31,34937.37
1787446800000,2430.31,2432.58,2418.23,2422.36,36057.46
1787450400000,2422.36,2423.83,2406.38,2416.19,26490.83
1787454000000,2416.19,2418.62,2407.89,2413.44,16416.87
1787457600000,2413.44,2416.7,2370.7,2378.15,113100.92
1787461200000,2378.15,2387.55,2355.16,2372.99,99879.13
1787464800000,2372.99,2397.42,2370.0,2389.34,60407.05
1787468400000,2389.34,2397.7,2385.26,2388.12,27535.41
1787472000000,2388.12,2427.38,2385.94,2412.5,88982.25
1787475600000,2412.5,2416.13,2404.65,2410.92,22177.88
1787479200000,2410.92,2420.44,2410.51,2414.99,22226.61
1787482800000,2414.99,2438.32,2414.37,2433.37,45507.96
1787486400000,2433.37,2433.47,2418.36,2426.9,28368.05
1787490000000,2426.9,2485.43,2426.89,2459.53,128644.68
1787493600000,2459.53,2469.66,2385.09,2438.5,173800.85
1787497200000,2438.5,2452.92,2420.82,2437.87,75263.06
1787500800000,2437.87,2459.01,2437.87,2450.01,27202.92
1787504400000,2450.01,2453.76,2431.22,2439.34,72262.0
1787508000000,2439.34,2448.77,2433.13,2447.71,29151.39
1787511600000,2447.71,2453.87,2436.4,2443.77,16481.52
1787515200000,2443.77,2449.73,2435.0,2449.44,18287.37
1787518800000,2449.44,2484.95,2449.44,2469.14,70354.61
1787522400000,2469.14,2474.52,2450.66,2454.28,31326.8
1787526000000,2454.28,2471.69,2440.23,2462.5,48168.4
1787529600000,2462.5,2465.6,2440.19,2464.77,43052.38
1787533200000,2464.77,2466.28,2425.55,2428.35,63319.41
1787536800000,2428.35,2451.12,2422.2,2443.03,47932.62
1787540400000,2443.03,2444.82,2423.63,2429.78,28930.62
1787544000000,2429.78,2445.93,2427.19,2437.35,25191.7
1787547600000,2437.35,2460.0,2433.06,2448.2,69712.62
1787551200000,2448.2,2463.66,2443.26,2455.66,41547.37
1787554800000,2455.66,2474.37,2450.76,2453.84,44019.53
1787558400000,2453.84,2458.66,2434.58,2453.75,46508.83
1787562000000,2453.75,2464.6,2452.58,2462.22,26829.42
1787565600000,2462.22,2491.91,2460.62,2464.15,105472.02
1787569200000,2464.15,2509.26,2452.99,2493.6,117692.09
1787572800000,2493.6,2519.74,2472.82,2511.92,112451.49
1787576400000,2511.92,2519.65,2474.48,2492.65,122375.75
1787580000000,2492.65,2532.11,2490.12,2514.82,136914.29
1787583600000,2514.82,2533.91,2477.43,2486.24,153040.22
1787587200000,2486.24,2505.26,2463.48,2476.81,99802.96
1787590800000,2476.81,2483.82,2453.33,2467.74,148916.97
1787594400000,2467.74,2483.0,2465.08,2472.99,53174.39
1787598000000,2472.99,2476.73,2459.27,2470.66,58227.0
1787601600000,2470.66,2479.08,2464.4,2474.55,34141.3
1787605200000,2474.55,2488.92,2474.1,2483.01,24137.72
1787608800000,2483.01,2484.59,2470.93,2473.23,34425.72
1787612400000,2473.23,2486.67,2469.35,2480.86,33074.04
1787616000000,2480.86,2504.0,2470.77,2492.28,51653.74
1787619600000,2492.28,2503.94,2483.6,2494.96,41266.96
1787623200000,2494.96,2533.06,2491.0,2506.77,88157.65
1787626800000,2506.77,2513.51,2487.26,2497.97,52931.03
1787630400000,2497.97,2502.69,2487.87,2493.76,35170.22
1787634000000,2493.76,2510.95,2492.67,2507.98,32084.06
1787637600000,2507.98,2515.4,2494.03,2499.87,38393.65
1787641200000,2499.87,2512.33,2463.05,2477.99,86811.92
1787644800000,2477.99,2497.52,2474.01,2483.64,48029.21
1787648400000,2483.64,2491.45,2461.0,2473.77,42087.03
1787652000000,2473.77,2486.32,2468.7,2481.0,23876.18
1787655600000,2481.0,2485.0,2473.3,2477.13,21964.15
1787659200000,2477.13,2480.72,2455.92,2472.71,55807.55
1787662800000,2472.71,2476.11,2438.16,2459.77,107506.43
1787666400000,2459.77,2483.53,2452.43,2475.61,76200.54
1787670000000,2475.61,2482.89,2463.99,2481.5,58564.36
1787673600000,2481.5,2485.8,2464.99,2469.53,35543.52
1787677200000,2469.53,2470.2,2453.82,2469.89,50521.48
1787680800000,2469.89,2474.08,2462.64,2466.22,23075.81
1787684400000,2466.22,2469.28,2453.74,2461.93,23896.0
1787688000000,2461.93,2463.17,2446.11,2454.75,14809.68
