trade_id,row,symbol,tf,name,signal_time_ms,entry_time_ms,entry_price,tp_price,sl_price,exit_time_ms,exit_price,exit_reason,hold_hours,gross_bps,stake,pnl_cash,exit_equity,skipped,signal_time_utc,entry_time_utc,exit_time_utc
1,E1,SOLUSDT,30m,W2_NODIP,1733016600000,1733018400000,237.09,240.69,,1733169600000,224.86,TIMEOUT,42.0,-530.8378674764853,250.0,-13.270946686912131,659.9006292902418,False,2024-12-01 01:30:00,2024-12-01 02:00:00,2024-12-02 20:00:00
2,E1,SOLUSDT,30m,W2_NODIP,1733112000000,1733113800000,228.52,231.335,,1733207400000,231.335,TP,26.0,108.1839663924382,187.5,2.028449369858216,791.0139282079231,False,2024-12-02 04:00:00,2024-12-02 04:30:00,2024-12-03 06:30:00
3,E1,SOLUSDT,30m,W2_NODIP,1733149800000,1733151600000,225.86,228.98,,1733153400000,228.98,TP,0.5,123.13866997254831,140.62,1.7315759771539745,564.231575977154,False,2024-12-02 14:30:00,2024-12-02 15:00:00,2024-12-02 15:30:00
4,E1,SOLUSDT,30m,W2_NODIP,1733157000000,1733158800000,226.46,228.445,,1733193000000,228.445,TP,9.5,72.65344873266736,141.06,1.0248495478230057,801.9854788380649,False,2024-12-02 16:30:00,2024-12-02 17:00:00,2024-12-03 02:30:00
5,E1,SOLUSDT,30m,W2_NODIP,1733193000000,1733194800000,228.5,230.34499999999997,,1733207400000,230.34499999999997,TP,3.5,65.74398249452825,200.5,1.3181668490152914,992.8320950569383,False,2024-12-03 02:30:00,2024-12-03 03:00:00,2024-12-03 06:30:00
6,E1,SOLUSDT,30m,W2_NODIP,1733207400000,1733209200000,227.43,232.59,,1733259600000,232.59,TP,14.0,211.8829969660993,248.21,5.2591478676955505,673.8489159289257,False,2024-12-03 06:30:00,2024-12-03 07:00:00,2024-12-03 21:00:00
7,E1,SOLUSDT,30m,W2_NODIP,1733212800000,1733214600000,227.53,229.495,,1733256000000,229.495,TP,11.5,71.36223794664454,186.16,1.3284794216147346,861.3373953505404,False,2024-12-03 08:00:00,2024-12-03 08:30:00,2024-12-03 20:00:00
8,E1,SOLUSDT,30m,W2_NODIP,1733234400000,1733236200000,219.02,222.54500000000002,,1733236200000,222.54500000000002,TP,0.0,145.94420600858396,139.62,2.0376730042918494,560.4997680612302,False,2024-12-03 14:00:00,2024-12-03 14:30:00,2024-12-03 14:30:00
9,E1,SOLUSDT,30m,W2_NODIP,1733238000000,1733239800000,222.84,227.64000000000001,,1733250600000,227.64000000000001,TP,3.0,200.4011847065164,140.12,2.808021400107708,1004.2654167506481,False,2024-12-03 15:00:00,2024-12-03 15:30:00,2024-12-03 18:30:00
10,E1,SOLUSDT,30m,W2_NODIP,1733239800000,1733241600000,223.47,225.06,,1733241600000,225.06,SKIPPED_MAXOPEN,0.0,56.15048999865769,0.0,0.0,420.37976806123015,True,2024-12-03 15:30:00,2024-12-03 16:00:00,2024-12-03 16:00:00
11,E1,SOLUSDT,30m,W2_NODIP,1733241600000,1733243400000,224.48,226.01,,1733250600000,226.01,SKIPPED_MAXOPEN,2.0,53.157519600855366,0.0,0.0,420.37976806123015,True,2024-12-03 16:00:00,2024-12-03 16:30:00,2024-12-03 18:30:00
12,E1,SOLUSDT,30m,W2_NODIP,1733259600000,1733261400000,235.65,238.62,,1733261400000,238.62,TP,0.0,111.03437301082107,251.07,2.7877400031826847,1007.0531567538308,False,2024-12-03 21:00:00,2024-12-03 21:30:00,2024-12-03 21:30:00
13,E1,SOLUSDT,30m,W2_NODIP,1733261400000,1733263200000,237.77,241.10000000000002,,1733288400000,241.10000000000002,TP,7.0,125.0513100895829,251.76,3.148291782815339,824.2985421127731,False,2024-12-03 21:30:00,2024-12-03 22:00:00,2024-12-04 05:00:00
14,E1,SOLUSDT,30m,W2_NODIP,1733268600000,1733270400000,234.19,236.95,,1733270400000,236.95,TP,0.0,102.8530253213199,188.82,1.9420708241171625,757.235227577948,False,2024-12-03 23:30:00,2024-12-04 00:00:00,2024-12-04 00:00:00
15,E1,SOLUSDT,30m,W2_NODIP,1733274000000,1733275800000,237.59,240.40000000000003,,1733277600000,240.40000000000003,TP,0.5,103.27097100046427,189.31,1.955022752009789,759.1902503299577,False,2024-12-04 01:00:00,2024-12-04 01:30:00,2024-12-04 02:00:00
16,E1,SOLUSDT,30m,W2_NODIP,1733277600000,1733279400000,237.0,241.72000000000003,,1733398200000,241.72000000000003,TP,33.0,184.15611814346107,189.8,3.495283122362891,660.41874981265,False,2024-12-04 02:00:00,2024-12-04 02:30:00,2024-12-05 11:30:00
17,E1,SOLUSDT,30m,W2_NODIP,1733288400000,1733290200000,239.99,241.84999999999997,,1733398200000,241.84999999999997,TP,30.0,62.50322930121908,206.07,1.2880040462102216,867.7767538588603,False,2024-12-04 05:00:00,2024-12-04 05:30:00,2024-12-05 11:30:00
18,E1,SOLUSDT,30m,W2_NODIP,1733308200000,1733310000000,236.99,238.88,,1733367600000,238.88,TP,16.0,64.75020043039733,154.56,1.000779097852221,619.2293212106254,False,2024-12-04 10:30:00,2024-12-04 11:00:00,2024-12-05 03:00:00
19,E1,SOLUSDT,30m,W2_NODIP,1733322600000,1733324400000,232.54,234.73000000000002,,1733324400000,234.73000000000002,SKIPPED_MAXOPEN,0.0,79.1773458329761,0.0,0.0,463.6685421127731,True,2024-12-04 14:30:00,2024-12-04 15:00:00,2024-12-04 15:00:00
20,E1,SOLUSDT,30m,W2_NODIP,1733335200000,1733337000000,229.75,232.09,,1733338800000,232.09,SKIPPED_MAXOPEN,0.5,86.84983677910787,0.0,0.0,463.6685421127731,True,2024-12-04 18:00:00,2024-12-04 18:30:00,2024-12-04 19:00:00
21,E1,SOLUSDT,30m,W2_NODIP,1733342400000,1733344200000,234.14,237.74,,1733367600000,237.74,SKIPPED_MAXOPEN,6.5,138.75416417528072,0.0,0.0,463.6685421127731,True,2024-12-04 20:00:00,2024-12-04 20:30:00,2024-12-05 03:00:00
22,E1,SOLUSDT,30m,W2_NODIP,1733346000000,1733347800000,233.47,235.35999999999999,,1733365800000,235.35999999999999,SKIPPED_MAXOPEN,5.0,65.95258491454948,0.0,0.0,463.6685421127731,True,2024-12-04 21:00:00,2024-12-04 21:30:00,2024-12-05 02:30:00
23,E1,SOLUSDT,30m,W2_NODIP,1733362200000,1733364000000,225.96,227.48999999999998,,1733364000000,227.48999999999998,SKIPPED_MAXOPEN,0.0,52.711099309611114,0.0,0.0,463.6685421127731,True,2024-12-05 01:30:00,2024-12-05 02:00:00,2024-12-05 02:00:00
24,E1,SOLUSDT,30m,W2_NODIP,1733365800000,1733367600000,231.83,237.575,,1733367600000,237.575,TP,0.0,232.81089591510917,154.81,3.6041454796618053,622.8334666902872,False,2024-12-05 02:30:00,2024-12-05 03:00:00,2024-12-05 03:00:00
25,E1,SOLUSDT,30m,W2_NODIP,1733367600000,1733369400000,236.45,240.14,,1733396400000,240.14,TP,7.5,141.05836329033613,155.71,2.196419774793824,1025.6831736336542,False,2024-12-05 03:00:00,2024-12-05 03:30:00,2024-12-05 11:00:00
26,E1,SOLUSDT,30m,W2_NODIP,1733371200000,1733373000000,236.62,239.53,,1733392800000,239.53,SKIPPED_MAXOPEN,5.5,107.98199645000408,0.0,0.0,467.12346669028716,True,2024-12-05 04:00:00,2024-12-05 04:30:00,2024-12-05 10:00:00
27,E1,SOLUSDT,30m,W2_NODIP,1733407200000,1733409000000,239.6,242.28999999999996,,1733414400000,242.28999999999996,TP,1.5,97.2704507512508,256.42,2.4942088981635733,1028.1773825318178,False,2024-12-05 14:00:00,2024-12-05 14:30:00,2024-12-05 16:00:00
28,E1,SOLUSDT,30m,W2_NODIP,1733414400000,1733416200000,239.64,245.43,,1733446800000,245.43,TP,8.5,226.61241862794276,257.04,5.824845608412641,1034.0022281402305,False,2024-12-05 16:00:00,2024-12-05 16:30:00,2024-12-06 01:00:00
29,E1,SOLUSDT,30m,W2_NODIP,1733477400000,1733479200000,235.81,237.71999999999997,,1733495400000,237.71999999999997,TP,4.5,65.99741317161987,258.5,1.7060331304863736,841.8282612707169,False,2024-12-06 09:30:00,2024-12-06 10:00:00,2024-12-06 14:30:00
30,E1,SOLUSDT,30m,W2_NODIP,1733486400000,1733488200000,233.72,236.225,,1733493600000,236.225,TP,1.5,92.17953106281,193.88,1.7871767482457603,1037.4954380189627,False,2024-12-06 12:00:00,2024-12-06 12:30:00,2024-12-06 14:00:00
31,E1,SOLUSDT,30m,W2_NODIP,1733499000000,1733500800000,238.24,240.88,,1733515200000,240.88,TP,4.0,95.81262592343796,259.37,2.4850920785762103,845.4505300975388,False,2024-12-06 15:30:00,2024-12-06 16:00:00,2024-12-06 20:00:00
32,E1,SOLUSDT,30m,W2_NODIP,1733506200000,1733508000000,239.31,241.63500000000002,,1733581800000,241.63500000000002,TP,20.5,82.15431866616595,194.53,1.598147961012926,1041.5786780585518,False,2024-12-06 17:30:00,2024-12-06 18:00:00,2024-12-07 14:30:00
33,E1,SOLUSDT,30m,W2_NODIP,1733601600000,1733603400000,241.1,244.17000000000002,,1733754600000,230.85,TIMEOUT,42.0,-440.1347988386562,260.39,-11.460670026959768,688.3480080315919,False,2024-12-07 20:00:00,2024-12-07 20:30:00,2024-12-09 14:30:00
34,E1,SOLUSDT,30m,W2_NODIP,1733605200000,1733607000000,242.09,243.935,,1733758200000,224.43,TIMEOUT,42.0,-744.4807716138625,195.3,-14.539709469618735,697.0182985619731,False,2024-12-07 21:00:00,2024-12-07 21:30:00,2024-12-09 15:30:00
35,E1,SOLUSDT,30m,W2_NODIP,1733608800000,1733610600000,240.29,244.97499999999997,,1733761800000,224.68,TIMEOUT,42.0,-664.6316950351652,146.47,-9.734860437180066,659.5034381247931,False,2024-12-07 22:00:00,2024-12-07 22:30:00,2024-12-09 16:30:00
36,E1,SOLUSDT,30m,W2_NODIP,1733734800000,1733736600000,226.42,228.95999999999998,,1733749200000,228.95999999999998,SKIPPED_MAXOPEN,3.5,97.1809027471068,0.0,0.0,439.4186780585517,True,2024-12-09 09:00:00,2024-12-09 09:30:00,2024-12-09 13:00:00
37,E1,SOLUSDT,30m,W2_NODIP,1733738400000,1733740200000,226.93,228.93,,1733749200000,228.93,SKIPPED_MAXOPEN,2.5,73.13290441986514,0.0,0.0,439.4186780585517,True,2024-12-09 10:00:00,2024-12-09 10:30:00,2024-12-09 13:00:00
38,E1,SOLUSDT,30m,W2_NODIP,1733743800000,1733745600000,226.16,228.12,,1733749200000,228.12,SKIPPED_MAXOPEN,1.0,71.66430845419208,0.0,0.0,439.4186780585517,True,2024-12-09 11:30:00,2024-12-09 12:00:00,2024-12-09 13:00:00
39,E1,SOLUSDT,30m,W2_NODIP,1733754600000,1733756400000,230.85,232.44,,1733907600000,221.11,TIMEOUT,42.0,-436.9189950184094,172.09,-7.5189389852718085,659.1944991395213,False,2024-12-09 14:30:00,2024-12-09 15:00:00,2024-12-11 09:00:00
40,E1,SOLUSDT,30m,W2_NODIP,1733758200000,1733760000000,224.43,228.15999999999997,,1733911200000,223.5,TIMEOUT,42.0,-56.43831038631229,174.25,-0.9834375584814916,667.6610615810398,False,2024-12-09 15:30:00,2024-12-09 16:00:00,2024-12-11 10:00:00
41,E1,SOLUSDT,30m,W2_NODIP,1733763600000,1733765400000,224.67,226.32999999999998,,1733916600000,224.72,TIMEOUT,42.0,-12.774513731249773,164.88,-0.21062618240084624,832.3304353986389,False,2024-12-09 17:00:00,2024-12-09 17:30:00,2024-12-11 11:30:00
42,E1,SOLUSDT,30m,W2_NODIP,1733774400000,1733776200000,221.9,227.555,,1733927400000,227.555,SKIPPED_MAXOPEN,42.0,239.84452456061294,0.0,0.0,494.6234381247931,True,2024-12-09 20:00:00,2024-12-09 20:30:00,2024-12-11 14:30:00
43,E1,SOLUSDT,30m,W2_NODIP,1733776200000,1733778000000,219.56,225.17000000000002,,1733916600000,225.17000000000002,SKIPPED_MAXOPEN,38.5,240.51102204408878,0.0,0.0,494.6234381247931,True,2024-12-09 20:30:00,2024-12-09 21:00:00,2024-12-11 11:30:00
44,E1,SOLUSDT,30m,W2_NODIP,1733778000000,1733779800000,219.15,221.3,,1733905800000,221.3,SKIPPED_MAXOPEN,35.0,83.10631987223388,0.0,0.0,494.6234381247931,True,2024-12-09 21:00:00,2024-12-09 21:30:00,2024-12-11 08:30:00
45,E1,SOLUSDT,30m,W2_NODIP,1733779800000,1733781600000,217.97,221.49,,1733905800000,221.49,SKIPPED_MAXOPEN,34.5,146.49011331834703,0.0,0.0,494.6234381247931,True,2024-12-09 21:30:00,2024-12-09 22:00:00,2024-12-11 08:30:00
46,E1,SOLUSDT,30m,W2_NODIP,1733790600000,1733792400000,217.8,222.09000000000003,,1733905800000,222.09000000000003,SKIPPED_MAXOPEN,31.5,181.96969696969788,0.0,0.0,494.6234381247931,True,2024-12-10 00:30:00,2024-12-10 01:00:00,2024-12-11 08:30:00
47,E1,SOLUSDT,30m,W2_NODIP,1733821200000,1733823000000,217.05,219.39000000000001,,1733889600000,219.39000000000001,SKIPPED_MAXOPEN,18.5,92.80926053904646,0.0,0.0,494.6234381247931,True,2024-12-10 09:00:00,2024-12-10 09:30:00,2024-12-11 04:00:00
48,E1,SOLUSDT,30m,W2_NODIP,1733824800000,1733826600000,217.21,219.14499999999998,,1733887800000,219.14499999999998,SKIPPED_MAXOPEN,17.0,74.0842963031156,0.0,0.0,494.6234381247931,True,2024-12-10 10:00:00,2024-12-10 10:30:00,2024-12-11 03:30:00
49,E1,SOLUSDT,30m,W2_NODIP,1733826600000,1733828400000,217.27,218.82999999999998,,1733887800000,218.82999999999998,SKIPPED_MAXOPEN,16.5,56.800064435954056,0.0,0.0,494.6234381247931,True,2024-12-10 10:30:00,2024-12-10 11:00:00,2024-12-11 03:30:00
50,E1,SOLUSDT,30m,W2_NODIP,1733835600000,1733837400000,211.95,215.88,,1733839200000,215.88,SKIPPED_MAXOPEN,0.5,170.42108987968894,0.0,0.0,494.6234381247931,True,2024-12-10 13:00:00,2024-12-10 13:30:00,2024-12-10 14:00:00
51,E1,SOLUSDT,30m,W2_NODIP,1733837400000,1733839200000,214.43,216.065,,1733839200000,216.065,SKIPPED_MAXOPEN,0.0,61.24865923611392,0.0,0.0,494.6234381247931,True,2024-12-10 13:30:00,2024-12-10 14:00:00,2024-12-10 14:00:00
52,E1,SOLUSDT,30m,W2_NODIP,1733842800000,1733844600000,211.65,218.46499999999997,,1733887800000,218.46499999999997,SKIPPED_MAXOPEN,12.0,306.993857784076,0.0,0.0,494.6234381247931,True,2024-12-10 15:00:00,2024-12-10 15:30:00,2024-12-11 03:30:00
53,E1,SOLUSDT,30m,W2_NODIP,1733844600000,1733846400000,206.47,214.935,,1733864400000,214.935,SKIPPED_MAXOPEN,5.0,394.986923039667,0.0,0.0,494.6234381247931,True,2024-12-10 15:30:00,2024-12-10 16:00:00,2024-12-10 21:00:00
54,E1,SOLUSDT,30m,W2_NODIP,1733846400000,1733848200000,208.87,212.01999999999998,,1733857200000,212.01999999999998,SKIPPED_MAXOPEN,2.5,135.81150955139452,0.0,0.0,494.6234381247931,True,2024-12-10 16:00:00,2024-12-10 16:30:00,2024-12-10 19:00:00
55,E1,SOLUSDT,30m,W2_NODIP,1733851800000,1733853600000,203.67,211.325,,1733857200000,211.325,SKIPPED_MAXOPEN,1.0,360.8530956940149,0.0,0.0,494.6234381247931,True,2024-12-10 17:30:00,2024-12-10 18:00:00,2024-12-10 19:00:00
56,E1,SOLUSDT,30m,W2_NODIP,1733855400000,1733857200000,209.28,211.84500000000003,,1733857200000,211.84500000000003,SKIPPED_MAXOPEN,0.0,107.56307339449666,0.0,0.0,494.6234381247931,True,2024-12-10 18:30:00,2024-12-10 19:00:00,2024-12-10 19:00:00
57,E1,SOLUSDT,30m,W2_NODIP,1733875200000,1733877000000,212.99,215.21499999999997,,1733877000000,215.21499999999997,SKIPPED_MAXOPEN,0.0,89.46499835672876,0.0,0.0,494.6234381247931,True,2024-12-11 00:00:00,2024-12-11 00:30:00,2024-12-11 00:30:00
58,E1,SOLUSDT,30m,W2_NODIP,1733878800000,1733880600000,212.41,217.14999999999998,,1733886000000,217.14999999999998,SKIPPED_MAXOPEN,1.5,208.15333553034137,0.0,0.0,494.6234381247931,True,2024-12-11 01:00:00,2024-12-11 01:30:00,2024-12-11 03:00:00
59,E1,SOLUSDT,30m,W2_NODIP,1733880600000,1733882400000,211.99,217.27,,1733886000000,217.27,SKIPPED_MAXOPEN,1.0,234.06835228076798,0.0,0.0,494.6234381247931,True,2024-12-11 01:30:00,2024-12-11 02:00:00,2024-12-11 03:00:00
60,E1,SOLUSDT,30m,W2_NODIP,1733884200000,1733886000000,215.91,217.62,,1733886000000,217.62,SKIPPED_MAXOPEN,0.0,64.19966652772027,0.0,0.0,494.6234381247931,True,2024-12-11 02:30:00,2024-12-11 03:00:00,2024-12-11 03:00:00
61,E1,SOLUSDT,30m,W2_NODIP,1733905800000,1733907600000,221.93,223.505,,1733911200000,223.505,TP,1.0,55.96832334519843,164.8,0.9223579687288701,998.0527933673677,False,2024-12-11 08:30:00,2024-12-11 09:00:00,2024-12-11 10:00:00
62,E1,SOLUSDT,30m,W2_NODIP,1733920200000,1733922000000,224.79,227.385,,1733923800000,227.385,TP,0.5,100.44107833978376,249.51,2.5061053456559446,1000.5588987130236,False,2024-12-11 12:30:00,2024-12-11 13:00:00,2024-12-11 13:30:00
63,E1,SOLUSDT,30m,W2_NODIP,1733929200000,1733931000000,229.0,230.95000000000002,,1733972400000,230.95000000000002,TP,11.5,70.15283842794834,250.14,1.7548031004366995,1002.3137018134603,False,2024-12-11 15:00:00,2024-12-11 15:30:00,2024-12-12 03:00:00
64,E1,SOLUSDT,30m,W2_NODIP,1733981400000,1733983200000,231.4,233.85999999999999,,1734024600000,233.85999999999999,TP,11.5,91.3094209161616,250.58,2.2880314693171777,675.7217332827774,False,2024-12-12 05:30:00,2024-12-12 06:00:00,2024-12-12 17:30:00
65,E1,SOLUSDT,30m,W2_NODIP,1734012000000,1734013800000,232.26,233.97000000000003,,1734024600000,233.97000000000003,TP,3.0,58.624386463447706,187.93,1.1017280948075727,864.753461377585,False,2024-12-12 14:00:00,2024-12-12 14:30:00,2024-12-12 17:30:00
66,E1,SOLUSDT,30m,W2_NODIP,1734019200000,1734021000000,231.92,234.35,,1734024600000,234.35,TP,1.0,89.77750948602996,140.95,1.2654139962055921,1006.9688753737906,False,2024-12-12 16:00:00,2024-12-12 16:30:00,2024-12-12 17:30:00
67,E1,SOLUSDT,30m,W2_NODIP,1734035400000,1734037200000,228.76,230.305,,1734188400000,222.49,TIMEOUT,42.0,-289.08637873754077,251.74,-7.277460498338852,669.2814148754517,False,2024-12-12 20:30:00,2024-12-12 21:00:00,2024-12-14 15:00:00
68,E1,SOLUSDT,30m,W2_NODIP,1734057000000,1734058800000,227.39,228.98,,1734210000000,217.48,TIMEOUT,42.0,-450.81511939839027,188.81,-8.511840269361006,849.5795746060907,False,2024-12-13 02:30:00,2024-12-13 03:00:00,2024-12-14 21:00:00
69,E1,SOLUSDT,30m,W2_NODIP,1734102000000,1734103800000,224.85,227.1,,1734156000000,227.1,TP,14.5,85.0667111407605,141.6,1.2045446297531688,992.3841192358439,False,2024-12-13 15:00:00,2024-12-13 15:30:00,2024-12-14 06:00:00
70,E1,SOLUSDT,30m,W2_NODIP,1734105600000,1734107400000,220.68,222.935,,1734107400000,222.935,SKIPPED_MAXOPEN,0.0,87.18415805691478,0.0,0.0,424.81887537379055,True,2024-12-13 16:00:00,2024-12-13 16:30:00,2024-12-13 16:30:00
71,E1,SOLUSDT,30m,W2_NODIP,1734107400000,1734109200000,220.96,223.945,,1734120000000,223.945,SKIPPED_MAXOPEN,3.0,120.09232440260615,0.0,0.0,424.81887537379055,True,2024-12-13 16:30:00,2024-12-13 17:00:00,2024-12-13 20:00:00
72,E1,SOLUSDT,30m,W2_NODIP,1734305400000,1734307200000,224.24,226.115,,1734309000000,226.115,TP,0.5,68.61576881912237,248.1,1.7023572244024259,994.0864764602462,False,2024-12-15 23:30:00,2024-12-16 00:00:00,2024-12-16 00:30:00
73,E1,SOLUSDT,30m,W2_NODIP,1734309000000,1734310800000,225.92,228.245,,1734454800000,228.245,TP,40.0,87.91253541076564,248.52,2.1848023300283477,670.8424822841773,False,2024-12-16 00:30:00,2024-12-16 01:00:00,2024-12-17 17:00:00
74,E1,SOLUSDT,30m,W2_NODIP,1734310800000,1734312600000,225.91,227.64499999999998,,1734454800000,227.64499999999998,TP,39.5,61.80049577265217,186.39,1.1518994407064638,858.3843817248837,False,2024-12-16 01:00:00,2024-12-16 01:30:00,2024-12-17 17:00:00
75,E1,SOLUSDT,30m,W2_NODIP,1734316200000,1734318000000,222.23,224.15500000000003,,1734438600000,224.15500000000003,TP,33.5,71.62196823111371,139.79,1.0012034939027386,560.177679954149,False,2024-12-16 02:30:00,2024-12-16 03:00:00,2024-12-17 12:30:00
76,E1,SOLUSDT,30m,W2_NODIP,1734328800000,1734330600000,222.39,224.02499999999998,,1734436800000,224.02499999999998,SKIPPED_MAXOPEN,29.5,58.519492782948475,0.0,0.0,419.3864764602463,True,2024-12-16 06:00:00,2024-12-16 06:30:00,2024-12-17 12:00:00
77,E1,SOLUSDT,30m,W2_NODIP,1734359400000,1734361200000,216.54,218.745,,1734366600000,218.745,SKIPPED_MAXOPEN,1.5,86.82876142975951,0.0,0.0,419.3864764602463,True,2024-12-16 14:30:00,2024-12-16 15:00:00,2024-12-16 16:30:00
78,E1,SOLUSDT,30m,W2_NODIP,1734366600000,1734368400000,218.54,220.13,,1734370200000,220.13,SKIPPED_MAXOPEN,0.5,57.755559622952475,0.0,0.0,419.3864764602463,True,2024-12-16 16:30:00,2024-12-16 17:00:00,2024-12-16 17:30:00
79,E1,SOLUSDT,30m,W2_NODIP,1734370200000,1734372000000,219.45,221.71499999999997,,1734373800000,221.71499999999997,SKIPPED_MAXOPEN,0.5,88.21257689678681,0.0,0.0,419.3864764602463,True,2024-12-16 17:30:00,2024-12-16 18:00:00,2024-12-16 18:30:00
80,E1,SOLUSDT,30m,W2_NODIP,1734451200000,1734453000000,224.38,228.94,,1734460200000,228.94,TP,2.0,188.2266690435869,140.04,2.635926273286391,786.46030799817,False,2024-12-17 16:00:00,2024-12-17 16:30:00,2024-12-17 18:30:00
81,E1,SOLUSDT,30m,W2_NODIP,1734454800000,1734456600000,225.66,229.13,,1734607800000,210.41,TIMEOUT,42.0,-690.7954444739875,214.6,-14.824470238411772,642.1558377597582,False,2024-12-17 17:00:00,2024-12-17 17:30:00,2024-12-19 11:30:00
82,E1,SOLUSDT,30m,W2_NODIP,1734460200000,1734462000000,227.9,229.60999999999999,,1734613200000,208.88,TIMEOUT,42.0,-849.5765686704699,196.62,-16.70437449319878,822.0714632665595,False,2024-12-17 18:30:00,2024-12-17 19:00:00,2024-12-19 13:00:00
83,E1,SOLUSDT,30m,W2_NODIP,1734465600000,1734467400000,226.79,229.16000000000003,,1734618600000,206.25,TIMEOUT,42.0,-920.6836721195817,147.46,-13.576401429075352,955.9550618374841,False,2024-12-17 20:00:00,2024-12-17 20:30:00,2024-12-19 14:30:00
84,E1,SOLUSDT,30m,W2_NODIP,1734480000000,1734481800000,223.78,227.21499999999997,,1734633000000,194.66,SKIPPED_MAXOPEN,42.0,-1316.2780409330594,0.0,0.0,442.38030799817,True,2024-12-18 00:00:00,2024-12-18 00:30:00,2024-12-19 18:30:00
85,E1,SOLUSDT,30m,W2_NODIP,1734481800000,1734483600000,224.2,225.73000000000002,,1734634800000,193.0,SKIPPED_MAXOPEN,42.0,-1406.6146297948255,0.0,0.0,442.38030799817,True,2024-12-18 00:30:00,2024-12-18 01:00:00,2024-12-19 19:00:00
86,E1,SOLUSDT,30m,W2_NODIP,1734519600000,1734521400000,217.67,219.62,,1734672600000,192.61,SKIPPED_MAXOPEN,42.0,-1166.2840538429723,0.0,0.0,442.38030799817,True,2024-12-18 11:00:00,2024-12-18 11:30:00,2024-12-20 05:30:00
87,E1,SOLUSDT,30m,W2_NODIP,1734550200000,1734552000000,211.51,218.53500000000003,,1734703200000,188.2,SKIPPED_MAXOPEN,42.0,-1117.0755519833579,0.0,0.0,442.38030799817,True,2024-12-18 19:30:00,2024-12-18 20:00:00,2024-12-20 14:00:00
88,E1,SOLUSDT,30m,W2_NODIP,1734552000000,1734553800000,210.3,213.22000000000003,,1734705000000,188.19,SKIPPED_MAXOPEN,42.0,-1066.3552068473616,0.0,0.0,442.38030799817,True,2024-12-18 20:00:00,2024-12-18 20:30:00,2024-12-20 14:30:00
89,E1,SOLUSDT,30m,W2_NODIP,1734555600000,1734557400000,208.61,210.52999999999997,,1734589800000,210.52999999999997,SKIPPED_MAXOPEN,9.0,77.03777383634336,0.0,0.0,442.38030799817,True,2024-12-18 21:00:00,2024-12-18 21:30:00,2024-12-19 06:30:00
90,E1,SOLUSDT,30m,W2_NODIP,1734557400000,1734559200000,208.87,211.135,,1734589800000,211.135,SKIPPED_MAXOPEN,8.5,93.44065686790762,0.0,0.0,442.38030799817,True,2024-12-18 21:30:00,2024-12-18 22:00:00,2024-12-19 06:30:00
91,E1,SOLUSDT,30m,W2_NODIP,1734573600000,1734575400000,201.0,205.32,,1734575400000,205.32,SKIPPED_MAXOPEN,0.0,199.92537313432803,0.0,0.0,442.38030799817,True,2024-12-19 02:00:00,2024-12-19 02:30:00,2024-12-19 02:30:00
92,E1,SOLUSDT,30m,W2_NODIP,1734589800000,1734591600000,210.25,211.81,,1734593400000,211.81,SKIPPED_MAXOPEN,0.5,59.1973840665875,0.0,0.0,442.38030799817,True,2024-12-19 06:30:00,2024-12-19 07:00:00,2024-12-19 07:30:00
93,E1,SOLUSDT,30m,W2_NODIP,1734598800000,1734600600000,208.61,210.05,,1734600600000,210.05,SKIPPED_MAXOPEN,0.0,54.0283303772589,0.0,0.0,442.38030799817,True,2024-12-19 09:00:00,2024-12-19 09:30:00,2024-12-19 09:30:00
94,E1,SOLUSDT,30m,W2_NODIP,1734604200000,1734606000000,210.3,211.84500000000003,,1734757200000,196.66,SKIPPED_MAXOPEN,42.0,-663.5972420351885,0.0,0.0,442.38030799817,True,2024-12-19 10:30:00,2024-12-19 11:00:00,2024-12-21 05:00:00
95,E1,SOLUSDT,30m,W2_NODIP,1734618600000,1734620400000,206.25,210.99,,1734771600000,195.21,TIMEOUT,42.0,-550.2727272727269,238.99,-13.1509679090909,776.5173924866838,False,2024-12-19 14:30:00,2024-12-19 15:00:00,2024-12-21 09:00:00
96,E1,SOLUSDT,30m,W2_NODIP,1734634800000,1734636600000,193.0,196.88,,1734642000000,196.88,TP,1.5,186.0362694300516,179.24,3.3345140932642447,585.8695759307483,False,2024-12-19 19:00:00,2024-12-19 19:30:00,2024-12-19 21:00:00
97,E1,SOLUSDT,30m,W2_NODIP,1734638400000,1734640200000,191.52,194.46500000000003,,1734640200000,194.46500000000003,TP,0.0,138.7698412698424,134.43,1.8654829761904916,722.1650589069388,False,2024-12-19 20:00:00,2024-12-19 20:30:00,2024-12-19 20:30:00
98,E1,SOLUSDT,30m,W2_NODIP,1734640200000,1734642000000,193.31,195.245,,1734642000000,195.245,TP,0.0,85.09828772438065,180.54,1.5363644865759682,723.7014233935148,False,2024-12-19 20:30:00,2024-12-19 21:00:00,2024-12-19 21:00:00
99,E1,SOLUSDT,30m,W2_NODIP,1734642000000,1734643800000,196.38,198.81,,1734661800000,198.81,TP,5.0,108.73968835930374,180.93,1.9674271814848827,589.9788505749998,False,2024-12-19 21:00:00,2024-12-19 21:30:00,2024-12-20 02:30:00
100,E1,SOLUSDT,30m,W2_NODIP,1734643800000,1734645600000,194.56,198.435,,1734661800000,198.435,TP,4.5,184.16735197368422,135.69,2.4989667989309208,728.1678173739307,False,2024-12-19 21:30:00,2024-12-19 22:00:00,2024-12-20 02:30:00
101,E1,SOLUSDT,30m,W2_NODIP,1734654600000,1734656400000,195.16,197.26,,1734660000000,197.26,SKIPPED_MAXOPEN,1.0,92.60401721664246,0.0,0.0,407.08142339351485,True,2024-12-20 00:30:00,2024-12-20 01:00:00,2024-12-20 02:00:00
102,E1,SOLUSDT,30m,W2_NODIP,1734656400000,1734658200000,195.12,196.84,,1734660000000,196.84,SKIPPED_MAXOPEN,0.5,73.15088150881502,0.0,0.0,407.08142339351485,True,2024-12-20 01:00:00,2024-12-20 01:30:00,2024-12-20 02:00:00
103,E1,SOLUSDT,30m,W2_NODIP,1734658200000,1734660000000,194.08,196.725,,1734660000000,196.725,SKIPPED_MAXOPEN,0.0,121.28400659521753,0.0,0.0,407.08142339351485,True,2024-12-20 01:30:00,2024-12-20 02:00:00,2024-12-20 02:00:00
104,E1,SOLUSDT,30m,W2_NODIP,1734661800000,1734663600000,198.56,200.3,,1734766200000,200.3,TP,28.5,72.63094278807459,182.04,1.3221736825141097,595.7901351603431,False,2024-12-20 02:30:00,2024-12-20 03:00:00,2024-12-21 07:30:00
105,E1,SOLUSDT,30m,W2_NODIP,1734674400000,1734676200000,191.33,195.25,,1734742800000,195.25,TP,18.5,189.88161814665693,136.53,2.592453732556307,548.7202711064871,False,2024-12-20 06:00:00,2024-12-20 06:30:00,2024-12-21 01:00:00
106,E1,SOLUSDT,30m,W2_NODIP,1734678000000,1734679800000,193.57,194.89,,1734742800000,194.89,SKIPPED_MAXOPEN,17.5,53.19238518365414,0.0,0.0,409.59781737393075,True,2024-12-20 07:00:00,2024-12-20 07:30:00,2024-12-21 01:00:00
107,E1,SOLUSDT,30m,W2_NODIP,1734687000000,1734688800000,182.72,187.525,,1734701400000,187.525,SKIPPED_MAXOPEN,3.5,247.97066549912472,0.0,0.0,409.59781737393075,True,2024-12-20 09:30:00,2024-12-20 10:00:00,2024-12-20 13:30:00
108,E1,SOLUSDT,30m,W2_NODIP,1734688800000,1734690600000,182.05,184.805,,1734697800000,184.805,SKIPPED_MAXOPEN,2.0,136.33205163416616,0.0,0.0,409.59781737393075,True,2024-12-20 10:00:00,2024-12-20 10:30:00,2024-12-20 12:30:00
109,E1,SOLUSDT,30m,W2_NODIP,1734690600000,1734692400000,182.65,185.17000000000002,,1734697800000,185.17000000000002,SKIPPED_MAXOPEN,1.5,122.9687927730638,0.0,0.0,409.59781737393075,True,2024-12-20 10:30:00,2024-12-20 11:00:00,2024-12-20 12:30:00
110,E1,SOLUSDT,30m,W2_NODIP,1734692400000,1734694200000,180.3,185.10999999999999,,1734697800000,185.10999999999999,SKIPPED_MAXOPEN,1.0,251.77759290071953,0.0,0.0,409.59781737393075,True,2024-12-20 11:00:00,2024-12-20 11:30:00,2024-12-20 12:30:00
111,E1,SOLUSDT,30m,W2_NODIP,1734697800000,1734699600000,183.65,186.425,,1734701400000,186.425,SKIPPED_MAXOPEN,0.5,136.1026408930033,0.0,0.0,409.59781737393075,True,2024-12-20 12:30:00,2024-12-20 13:00:00,2024-12-20 13:30:00
112,E1,SOLUSDT,30m,W2_NODIP,1734699600000,1734701400000,182.61,185.84000000000003,,1734701400000,185.84000000000003,SKIPPED_MAXOPEN,0.0,161.87968895460367,0.0,0.0,409.59781737393075,True,2024-12-20 13:00:00,2024-12-20 13:30:00,2024-12-20 13:30:00
113,E1,SOLUSDT,30m,W2_NODIP,1734705000000,1734706800000,188.19,190.28500000000003,,1734706800000,190.28500000000003,SKIPPED_MAXOPEN,0.0,96.32366225623186,0.0,0.0,409.59781737393075,True,2024-12-20 14:30:00,2024-12-20 15:00:00,2024-12-20 15:00:00
114,E1,SOLUSDT,30m,W2_NODIP,1734706800000,1734708600000,190.1,191.81,,1734712200000,191.81,SKIPPED_MAXOPEN,1.0,74.95265649658116,0.0,0.0,409.59781737393075,True,2024-12-20 15:00:00,2024-12-20 15:30:00,2024-12-20 16:30:00
115,E1,SOLUSDT,30m,W2_NODIP,1734712200000,1734714000000,190.64,193.995,,1734735600000,193.995,SKIPPED_MAXOPEN,6.0,160.98615190935894,0.0,0.0,409.59781737393075,True,2024-12-20 16:30:00,2024-12-20 17:00:00,2024-12-20 23:00:00
116,E1,SOLUSDT,30m,W2_NODIP,1734748200000,1734750000000,194.43,196.40499999999997,,1734757200000,196.40499999999997,TP,2.0,86.57897443809935,137.18,1.187690371341847,549.907961477829,False,2024-12-21 02:30:00,2024-12-21 03:00:00,2024-12-21 05:00:00
117,E1,SOLUSDT,30m,W2_NODIP,1734757200000,1734759000000,196.66,198.34,,1734759000000,198.34,TP,0.0,70.42662463134377,137.48,0.9682252354317141,734.2383603957747,False,2024-12-21 05:00:00,2024-12-21 05:30:00,2024-12-21 05:30:00
118,E1,SOLUSDT,30m,W2_NODIP,1734766200000,1734768000000,198.7,202.885,,1734919200000,178.05,TIMEOUT,42.0,-1054.2551585304468,183.56,-19.35190768998488,601.6756959677147,False,2024-12-21 07:30:00,2024-12-21 08:00:00,2024-12-23 02:00:00
119,E1,SOLUSDT,30m,W2_NODIP,1734786000000,1734787800000,184.28,189.385,,1734939000000,182.17,TIMEOUT,42.0,-129.49967440850952,194.13,-2.5139771792923953,645.9481629788932,False,2024-12-21 13:00:00,2024-12-21 13:30:00,2024-12-23 07:30:00
120,E1,SOLUSDT,30m,W2_NODIP,1734787800000,1734789600000,185.48,186.90500000000003,,1734789600000,186.90500000000003,TP,0.0,61.827690317017456,145.6,0.9002111710157741,583.2876036576995,False,2024-12-21 13:30:00,2024-12-21 14:00:00,2024-12-21 14:00:00
121,E1,SOLUSDT,30m,W2_NODIP,1734789600000,1734791400000,186.11,187.85000000000002,,1734942600000,184.24,TIMEOUT,42.0,-115.47821181022,145.82,-1.6839032846166282,790.0842596942765,False,2024-12-21 14:00:00,2024-12-21 14:30:00,2024-12-23 08:30:00
122,E1,SOLUSDT,30m,W2_NODIP,1734791400000,1734793200000,184.23,187.61,,1734870600000,187.61,SKIPPED_MAXOPEN,21.5,168.46631927482082,0.0,0.0,437.4676036576995,True,2024-12-21 14:30:00,2024-12-21 15:00:00,2024-12-22 12:30:00
123,E1,SOLUSDT,30m,W2_NODIP,1734796800000,1734798600000,186.36,188.09499999999997,,1734949800000,185.23,SKIPPED_MAXOPEN,42.0,-75.63532946984458,0.0,0.0,437.4676036576995,True,2024-12-21 16:00:00,2024-12-21 16:30:00,2024-12-23 10:30:00
124,E1,SOLUSDT,30m,W2_NODIP,1734800400000,1734802200000,183.76,185.53500000000003,,1734854400000,185.53500000000003,SKIPPED_MAXOPEN,14.5,81.59338267305367,0.0,0.0,437.4676036576995,True,2024-12-21 17:00:00,2024-12-21 17:30:00,2024-12-22 08:00:00
125,E1,SOLUSDT,30m,W2_NODIP,1734802200000,1734804000000,183.92,185.36,,1734854400000,185.36,SKIPPED_MAXOPEN,14.0,63.29491083079742,0.0,0.0,437.4676036576995,True,2024-12-21 17:30:00,2024-12-21 18:00:00,2024-12-22 08:00:00
126,E1,SOLUSDT,30m,W2_NODIP,1734804000000,1734805800000,182.58,185.75,,1734859800000,185.75,SKIPPED_MAXOPEN,15.0,158.62252163435136,0.0,0.0,437.4676036576995,True,2024-12-21 18:00:00,2024-12-21 18:30:00,2024-12-22 09:30:00
127,E1,SOLUSDT,30m,W2_NODIP,1734827400000,1734829200000,181.8,183.95999999999998,,1734852600000,183.95999999999998,SKIPPED_MAXOPEN,6.5,103.81188118811706,0.0,0.0,437.4676036576995,True,2024-12-22 00:30:00,2024-12-22 01:00:00,2024-12-22 07:30:00
128,E1,SOLUSDT,30m,W2_NODIP,1734829200000,1734831000000,182.8,184.36,,1734852600000,184.36,SKIPPED_MAXOPEN,6.0,70.3391684901533,0.0,0.0,437.4676036576995,True,2024-12-22 01:00:00,2024-12-22 01:30:00,2024-12-22 07:30:00
129,E1,SOLUSDT,30m,W2_NODIP,1734836400000,1734838200000,182.92,184.21,,1734852600000,184.21,SKIPPED_MAXOPEN,4.0,55.52263284496067,0.0,0.0,437.4676036576995,True,2024-12-22 03:00:00,2024-12-22 03:30:00,2024-12-22 07:30:00
130,E1,SOLUSDT,30m,W2_NODIP,1734859800000,1734861600000,185.42,187.46,,1734870600000,187.46,SKIPPED_MAXOPEN,2.5,95.02049401359187,0.0,0.0,437.4676036576995,True,2024-12-22 09:30:00,2024-12-22 10:00:00,2024-12-22 12:30:00
131,E1,SOLUSDT,30m,W2_NODIP,1734870600000,1734872400000,185.81,188.20000000000002,,1734980400000,188.20000000000002,SKIPPED_MAXOPEN,30.0,113.62601582261527,0.0,0.0,437.4676036576995,True,2024-12-22 12:30:00,2024-12-22 13:00:00,2024-12-23 19:00:00
132,E1,SOLUSDT,30m,W2_NODIP,1734908400000,1734910200000,180.99,182.59999999999997,,1734922800000,182.59999999999997,SKIPPED_MAXOPEN,3.5,73.95519089452218,0.0,0.0,437.4676036576995,True,2024-12-22 23:00:00,2024-12-22 23:30:00,2024-12-23 03:00:00
133,E1,SOLUSDT,30m,W2_NODIP,1734917400000,1734919200000,178.19,183.31,,1734922800000,183.31,TP,1.0,272.33374487906195,150.42,4.09644419047085,605.7721401581855,False,2024-12-23 01:30:00,2024-12-23 02:00:00,2024-12-23 03:00:00
134,E1,SOLUSDT,30m,W2_NODIP,1734919200000,1734921000000,178.05,179.85500000000002,,1734921000000,179.85500000000002,SKIPPED_MAXOPEN,0.0,86.37601797248001,0.0,0.0,451.2556959677147,True,2024-12-23 02:00:00,2024-12-23 02:30:00,2024-12-23 02:30:00
135,E1,SOLUSDT,30m,W2_NODIP,1734924600000,1734926400000,186.12,187.875,,1734980400000,187.875,TP,15.0,79.2940038684717,151.44,1.2008283945841354,597.9034586515837,False,2024-12-23 03:30:00,2024-12-23 04:00:00,2024-12-23 19:00:00
136,E1,SOLUSDT,30m,W2_NODIP,1734926400000,1734928200000,186.25,188.35000000000002,,1734980400000,188.35000000000002,SKIPPED_MAXOPEN,14.5,97.75167785235023,0.0,0.0,454.3321401581855,True,2024-12-23 04:00:00,2024-12-23 04:30:00,2024-12-23 19:00:00
137,E1,SOLUSDT,30m,W2_NODIP,1734940800000,1734942600000,182.15,183.805,,1734942600000,183.805,TP,0.0,75.85918199286309,197.52,1.4983705627230317,791.5826302569996,False,2024-12-23 08:00:00,2024-12-23 08:30:00,2024-12-23 08:30:00
138,E1,SOLUSDT,30m,W2_NODIP,1734944400000,1734946200000,184.83,187.30499999999998,,1734980400000,187.30499999999998,TP,9.5,118.9068333062796,197.9,2.3531662311312735,798.156624882715,False,2024-12-23 09:00:00,2024-12-23 09:30:00,2024-12-23 19:00:00
139,E1,SOLUSDT,30m,W2_NODIP,1734966000000,1734967800000,184.41,186.32999999999998,,1734980400000,186.32999999999998,TP,3.5,89.11582885960564,148.42,1.3226571319342668,947.8992820146493,False,2024-12-23 15:00:00,2024-12-23 15:30:00,2024-12-23 19:00:00
140,E1,SOLUSDT,30m,W2_NODIP,1734987600000,1734989400000,192.46,193.87,,1735032600000,193.87,TP,12.0,58.26197651460025,236.97,1.3806340574664822,949.2799160721158,False,2024-12-23 21:00:00,2024-12-23 21:30:00,2024-12-24 09:30:00
141,E1,SOLUSDT,30m,W2_NODIP,1735032600000,1735034400000,192.47,194.675,,1735047000000,194.675,TP,3.5,99.56330856756963,237.32,2.3628364389255623,951.6427525110414,False,2024-12-24 09:30:00,2024-12-24 10:00:00,2024-12-24 13:30:00
142,E1,SOLUSDT,30m,W2_NODIP,1735054200000,1735056000000,197.75,199.61,,1735088400000,199.61,TP,9.0,79.05815423514606,237.91,1.88087254740836,641.2636250584499,False,2024-12-24 15:30:00,2024-12-24 16:00:00,2024-12-25 01:00:00
143,E1,SOLUSDT,30m,W2_NODIP,1735056000000,1735057800000,197.04,199.13,,1735088400000,199.13,TP,8.5,91.06983353633798,178.43,1.6249590397888787,821.3185840982387,False,2024-12-24 16:00:00,2024-12-24 16:30:00,2024-12-25 01:00:00
144,E1,SOLUSDT,30m,W2_NODIP,1735063200000,1735065000000,195.93,199.56,,1735088400000,199.56,TP,6.5,170.27024957893101,133.83,2.2787267501148336,957.4273108483535,False,2024-12-24 18:00:00,2024-12-24 18:30:00,2024-12-25 01:00:00
145,E1,SOLUSDT,30m,W2_NODIP,1735077600000,1735079400000,196.59,198.13,,1735088400000,198.13,SKIPPED_MAXOPEN,2.5,63.33562236125907,0.0,0.0,401.47275251104145,True,2024-12-24 22:00:00,2024-12-24 22:30:00,2024-12-25 01:00:00
146,E1,SOLUSDT,30m,W2_NODIP,1735088400000,1735090200000,198.84,200.265,,1735090200000,200.265,TP,0.0,56.66566083282956,239.36,1.3563492576946083,958.783660106048,False,2024-12-25 01:00:00,2024-12-25 01:30:00,2024-12-25 01:30:00
147,E1,SOLUSDT,30m,W2_NODIP,1735090200000,1735092000000,199.12,200.86,,1735092000000,200.86,TP,0.0,72.384491763761,239.7,1.735056267577351,960.5187163736254,False,2024-12-25 01:30:00,2024-12-25 02:00:00,2024-12-25 02:00:00
148,E1,SOLUSDT,30m,W2_NODIP,1735092000000,1735093800000,200.06,201.85999999999999,,1735245000000,188.31,TIMEOUT,42.0,-602.3238028591422,240.13,-14.463601478056583,631.5580795827697,False,2024-12-25 02:00:00,2024-12-25 02:30:00,2024-12-26 20:30:00
149,E1,SOLUSDT,30m,W2_NODIP,1735106400000,1735108200000,199.05,201.115,,1735259400000,189.02,TIMEOUT,42.0,-518.8934940969607,180.1,-9.345271828686261,802.3128077540835,False,2024-12-25 06:00:00,2024-12-25 06:30:00,2024-12-27 00:30:00
150,E1,SOLUSDT,30m,W2_NODIP,1735110000000,1735111800000,198.53,200.15499999999997,,1735120800000,200.15499999999997,TP,2.5,66.85160932856351,135.07,0.9029646872009073,541.1916810608262,False,2024-12-25 07:00:00,2024-12-25 07:30:00,2024-12-25 10:00:00
151,E1,SOLUSDT,30m,W2_NODIP,1735120800000,1735122600000,199.14,201.135,,1735273800000,189.67,TIMEOUT,42.0,-490.54484282414376,135.3,-6.637071723410666,730.3957360306728,False,2024-12-25 10:00:00,2024-12-25 10:30:00,2024-12-27 04:30:00
152,E1,SOLUSDT,30m,W2_NODIP,1735171200000,1735173000000,197.71,200.62,,1735324200000,186.93,SKIPPED_MAXOPEN,42.0,-560.2430327246979,0.0,0.0,405.8916810608262,True,2024-12-26 00:00:00,2024-12-26 00:30:00,2024-12-27 18:30:00
153,E1,SOLUSDT,30m,W2_NODIP,1735174800000,1735176600000,197.0,198.59,,1735178400000,198.59,SKIPPED_MAXOPEN,0.5,65.71065989847733,0.0,0.0,405.8916810608262,True,2024-12-26 01:00:00,2024-12-26 01:30:00,2024-12-26 02:00:00
154,E1,SOLUSDT,30m,W2_NODIP,1735203600000,1735205400000,189.43,190.735,,1735212600000,190.735,SKIPPED_MAXOPEN,2.0,53.89088317584367,0.0,0.0,405.8916810608262,True,2024-12-26 09:00:00,2024-12-26 09:30:00,2024-12-26 11:30:00
155,E1,SOLUSDT,30m,W2_NODIP,1735212600000,1735214400000,189.71,191.47999999999996,,1735290000000,191.47999999999996,SKIPPED_MAXOPEN,21.0,78.30030045859225,0.0,0.0,405.8916810608262,True,2024-12-26 11:30:00,2024-12-26 12:00:00,2024-12-27 09:00:00
156,E1,SOLUSDT,30m,W2_NODIP,1735221600000,1735223400000,189.15,190.635,,1735228800000,190.635,SKIPPED_MAXOPEN,1.5,63.50911974623237,0.0,0.0,405.8916810608262,True,2024-12-26 14:00:00,2024-12-26 14:30:00,2024-12-26 16:00:00
157,E1,SOLUSDT,30m,W2_NODIP,1735228800000,1735230600000,188.91,191.565,,1735290000000,191.565,SKIPPED_MAXOPEN,16.5,125.54311576941407,0.0,0.0,405.8916810608262,True,2024-12-26 16:00:00,2024-12-26 16:30:00,2024-12-27 09:00:00
158,E1,SOLUSDT,30m,W2_NODIP,1735234200000,1735236000000,188.22,189.765,,1735248600000,189.765,SKIPPED_MAXOPEN,3.5,67.08479438954348,0.0,0.0,405.8916810608262,True,2024-12-26 17:30:00,2024-12-26 18:00:00,2024-12-26 21:30:00
159,E1,SOLUSDT,30m,W2_NODIP,1735263000000,1735264800000,188.92,190.39000000000001,,1735272000000,190.39000000000001,TP,2.0,62.810713529537765,200.58,1.2598572919754685,932.2355933226482,False,2024-12-27 01:30:00,2024-12-27 02:00:00,2024-12-27 04:00:00
160,E1,SOLUSDT,30m,W2_NODIP,1735286400000,1735288200000,189.32,191.03000000000003,,1735290000000,191.03000000000003,TP,0.5,75.32326220156541,233.06,1.7554839488696836,933.9910772715178,False,2024-12-27 08:00:00,2024-12-27 08:30:00,2024-12-27 09:00:00
161,E1,SOLUSDT,30m,W2_NODIP,1735290000000,1735291800000,193.32,194.865,,1735407000000,194.865,TP,32.0,64.9193047796408,233.5,1.5158657666046127,760.3869430381225,False,2024-12-27 09:00:00,2024-12-27 09:30:00,2024-12-28 17:30:00
162,E1,SOLUSDT,30m,W2_NODIP,1735394400000,1735396200000,188.96,190.745,,1735398000000,190.745,TP,0.5,79.46443691786602,175.12,1.39158121930567,936.8985242574281,False,2024-12-28 14:00:00,2024-12-28 14:30:00,2024-12-28 15:00:00
163,E1,SOLUSDT,30m,W2_NODIP,1735425000000,1735426800000,195.12,196.48000000000002,,1735455600000,196.48000000000002,TP,8.0,54.70069700697077,234.22,1.2811997252972693,938.1797239827254,False,2024-12-28 22:30:00,2024-12-28 23:00:00,2024-12-29 07:00:00
164,E1,SOLUSDT,30m,W2_NODIP,1735455600000,1735457400000,195.97,197.765,,1735608600000,189.11,TIMEOUT,42.0,-365.0535796295344,234.54,-8.5619666566311,626.2502675536754,False,2024-12-29 07:00:00,2024-12-29 07:30:00,2024-12-31 01:30:00
165,E1,SOLUSDT,30m,W2_NODIP,1735480800000,1735482600000,194.42,198.35500000000002,,1735633800000,192.02,TIMEOUT,42.0,-138.44409011418463,175.91,-2.435369989198622,743.7708189783584,False,2024-12-29 14:00:00,2024-12-29 14:30:00,2024-12-31 08:30:00
166,E1,SOLUSDT,30m,W2_NODIP,1735511400000,1735513200000,189.39,191.21,,1735516800000,191.21,TP,1.0,81.09799883837698,131.93,1.0699258986747076,528.7996498814001,False,2024-12-29 22:30:00,2024-12-29 23:00:00,2024-12-30 00:00:00
167,E1,SOLUSDT,30m,W2_NODIP,1735531200000,1735533000000,190.81,193.01,,1735538400000,193.01,TP,1.5,100.29794035951933,132.2,1.3259387715528452,530.125588652953,False,2024-12-30 04:00:00,2024-12-30 04:30:00,2024-12-30 06:00:00
168,E1,SOLUSDT,30m,W2_NODIP,1735547400000,1735549200000,193.2,194.53500000000003,,1735560000000,194.53500000000003,TP,3.0,54.099378881989466,132.53,0.7169790683230064,530.842567721276,False,2024-12-30 08:30:00,2024-12-30 09:00:00,2024-12-30 12:00:00
169,E1,SOLUSDT,30m,W2_NODIP,1735570800000,1735572600000,186.58,189.47500000000002,,1735579800000,189.47500000000002,TP,2.0,140.16132490084735,132.71,1.8600809427591454,532.7026486640352,False,2024-12-30 15:00:00,2024-12-30 15:30:00,2024-12-30 17:30:00
170,E1,SOLUSDT,30m,W2_NODIP,1735572600000,1735574400000,187.21,188.95,,1735579800000,188.95,SKIPPED_MAXOPEN,1.5,77.94375300464615,0.0,0.0,398.132567721276,True,2024-12-30 15:30:00,2024-12-30 16:00:00,2024-12-30 17:30:00
171,E1,SOLUSDT,30m,W2_NODIP,1735579800000,1735581600000,191.48,193.19,,1735581600000,193.19,TP,0.0,74.30436599122666,133.18,0.9895855462711567,533.6922342103064,False,2024-12-30 17:30:00,2024-12-30 18:00:00,2024-12-30 18:00:00
172,E1,SOLUSDT,30m,W2_NODIP,1735585200000,1735587000000,194.5,195.85000000000002,,1735587000000,195.85000000000002,TP,0.0,54.408740359898346,133.42,0.7259214138817637,760.3961889675571,False,2024-12-30 19:00:00,2024-12-30 19:30:00,2024-12-30 19:30:00
173,E1,SOLUSDT,30m,W2_NODIP,1735617600000,1735619400000,189.6,191.12,,1735632000000,191.12,TP,3.5,65.16877637130855,190.1,1.2388584388185755,935.109677417177,False,2024-12-31 04:00:00,2024-12-31 04:30:00,2024-12-31 08:00:00
174,E1,SOLUSDT,30m,W2_NODIP,1735633800000,1735635600000,192.02,194.16,,1735637400000,194.16,TP,0.5,96.4467242995514,233.78,2.254731520674913,937.3644089378519,False,2024-12-31 08:30:00,2024-12-31 09:00:00,2024-12-31 09:30:00
175,E1,SOLUSDT,30m,W2_NODIP,1735637400000,1735639200000,193.23,194.625,,1735641000000,194.625,TP,0.5,57.19375873311651,234.34,1.3402785421518524,938.7046874800037,False,2024-12-31 09:30:00,2024-12-31 10:00:00,2024-12-31 10:30:00
