series,cond,n,hit2,hitH,e2,med_t,med_nb,med_mae,r24_mean,delta_hitH,q
BTCUSDT-15m,uwd=7,1328,0.677710843373494,0.9382530120481928,0.9126506024096386,1,0.0,11.795216715007594,2.0256039236467593,0.027177221517826422,0.0011
BTCUSDT-15m,uwd=8,3985,0.6348808030112923,0.928732747804266,0.897616060225847,1,0.0,11.46111118631591,4.841881462288817,0.02134326732669256,0.0001
BTCUSDT-15m,uwd=9,3985,0.5636135508155583,0.9139272271016311,0.8767879548306148,2,0.0,11.896188841313556,8.15248604021515,0.00019161346282292602,0.9712
BTCUSDT-15m,uwd=10,3984,0.48744979919678716,0.8905622489959839,0.8431224899598394,2,0.0,12.056392709136944,7.6369529240788685,-0.03318479337872038,0.0
BTCUSDT-15m,uwd_ge=8,11954,0.56198761920696,0.9110757905303664,0.8725112932909487,2,0.0,11.80545098629637,5.96384513093602,-0.027177221517826422,0.0011
BTCUSDT-15m,uwd_ge=9,7969,0.5255364537583135,0.9022462040406576,0.8599573346718534,2,0.0,11.980402418484719,7.15020715104254,-0.028866161854317007,0.0
BTCUSDT-15m,uwd_ge=10,3984,0.48744979919678716,0.8905622489959839,0.8431224899598394,2,0.0,12.056392709136944,7.6369529240788685,-0.03318479337872038,0.0
BTCUSDT-15m,trend=0,2468,0.6049432739059968,0.9278768233387358,0.8885737439222042,1,0.0,14.578926808300972,5.885990696080119,0.01729794410810881,0.0067
BTCUSDT-15m,trend=1,2619,0.5945017182130584,0.9362352042764414,0.9037800687285223,2,0.0,9.09498222484075,5.202160875159062,0.027954232692459335,0.0
BTCUSDT-15m,trend=2,2667,0.5718035245594301,0.9302587176602924,0.8976377952755905,2,0.0,8.492635374170925,6.072816687263951,0.020602570698445954,0.001
BTCUSDT-15m,trend=3,2750,0.5447272727272727,0.8952727272727272,0.8592727272727273,2,0.0,12.058062557569817,-0.9770064226235412,-0.02335621309947178,0.0002
BTCUSDT-15m,trend=4,2778,0.5561555075593952,0.8826493880489561,0.8369330453563715,1,0.0,17.589962243297286,13.399341043196268,-0.039380314921340975,0.0
BTCUSDT-15m,trend_ge=1,10814,0.5663954133530609,0.910578879230627,0.8737747364527464,2,0.0,11.22567918945549,5.4943662696391105,-0.01729794410810881,0.0067
BTCUSDT-15m,trend_ge=2,8195,0.5574130567419158,0.9023794996949359,0.8641854789505796,2,0.0,12.105795189566686,6.486571460992645,-0.029800567142099665,0.0
BTCUSDT-15m,trend_ge=3,5528,0.5504703328509407,0.8889290882778582,0.8480463096960926,2,0.0,14.46738514671509,7.309205160991759,-0.042590127610715456,0.0
BTCUSDT-15m,smaal=-1,5380,0.6009293680297397,0.9347583643122677,0.9011152416356877,1,0.0,11.264652017896948,1.865729443816121,0.035239255225960386,0.0
BTCUSDT-15m,smaal=1,7898,0.5552038490757154,0.8994682198024816,0.8597113193213471,2,0.0,12.202136638398738,7.18009619904291,-0.0353386152643832,0.0
BTCUSDT-15m,prev=-1,6229,0.6089259913308718,0.9300048161823727,0.8932412907368759,1,0.0,10.442811263810391,6.035943181587767,0.030529415643594904,0.0
BTCUSDT-15m,prev=1,7037,0.5425607503197385,0.8993889441523376,0.8617308512150064,2,0.0,12.801172427194691,5.095917633435564,-0.030635075063034645,0.0
BTCUSDT-15m,volq=0,2679,0.6603210153042179,0.9443822321761851,0.9182530795072789,1,0.0,9.483675675061933,-0.8585066911649258,0.03831791075771862,0.0
BTCUSDT-15m,volq=1,2672,0.6231287425149701,0.9434880239520959,0.9146706586826348,1,0.0,10.445045338105817,7.5540057331156625,0.03717322659111566,0.0
BTCUSDT-15m,volq=2,2573,0.5903614457831325,0.9284881461329187,0.8985619898950641,2,0.0,11.038145591540621,5.539199808078681,0.01822575001750182,0.004
BTCUSDT-15m,volq=3,2534,0.5564325177584846,0.9123914759273876,0.8729281767955801,2,0.0,12.43920785069433,12.956070654134097,-0.0017320819438443325,0.8028
BTCUSDT-15m,volq=4,2824,0.44440509915014165,0.8445467422096318,0.7839943342776204,2,0.0,16.983036372811615,4.335709904444616,-0.08794513004127658,0.0
BTCUSDT-15m,volq_ge=2,7931,0.5275501197831295,0.8934560585046022,0.8495776068591603,2,0.0,13.233394660048639,7.20132498726305,-0.050479654446248134,0.0
BTCUSDT-15m,volq_ge=3,5358,0.4973870847331094,0.8766330720418066,0.8260544979469951,2,0.0,14.572641449661027,7.945411145907421,-0.062286665464503344,0.0
BTCUSDT-15m,typ=1,10257,0.554060641513113,0.9081602807838549,0.8693575119430633,2,0.0,11.843267403581567,6.069339099562784,-0.024732281199616124,0.0
BTCUSDT-15m,typ=2,3025,0.6396694214876033,0.932892561983471,0.9008264462809917,1,0.0,11.543826681949902,8.514090637284987,0.024732281199616124,0.0
BTCUSDT-15m,rng_q=0,3121,0.694008330663249,0.9512976610060878,0.9298301826337713,1,0.0,9.323631351724595,2.5608324586314013,0.049024262718517675,0.0
BTCUSDT-15m,rng_q=1,2900,0.6251724137931034,0.9351724137931035,0.9058620689655172,1,0.0,10.561974465482521,5.952223436821061,0.027351184742824164,0.0
BTCUSDT-15m,rng_q=2,2570,0.5824902723735409,0.9284046692607004,0.8922178988326849,2,0.0,11.358124434321752,10.489758305248468,0.018117141254725855,0.0041
BTCUSDT-15m,rng_q=3,2354,0.5097706032285472,0.9082412914188616,0.864910790144435,2,0.0,13.904678076971472,6.743451885371322,-0.006747727614813348,0.3124
BTCUSDT-15m,rng_q=4,2337,0.4030808729139923,0.8267008985879333,0.7633718442447582,3,0.0,17.6052392232395,3.2731531111197563,-0.10568832023344632,0.0
BTCUSDT-15m,reg=1,7497,0.5659597172202214,0.9111644657863145,0.8694144324396426,2,0.0,10.580770569604145,3.556707932865524,-0.006035188491991472,0.2474
BTCUSDT-15m,reg=2,5728,0.5831005586592178,0.9167248603351955,0.8851256983240223,2,0.0,13.61224766184657,10.680415858201023,0.005154831211552358,0.3124
BTCUSDT-15m,C1_wick8_trend_up,4981,0.5370407548685003,0.8847620959646657,0.8419995984742019,2,0.0,14.509140758677967,7.835326691613713,-0.04645101088993009,
BTCUSDT-15m,C2_wick8_sma_above,7124,0.543935991016283,0.8965468837731612,0.855277933745087,2,0.0,12.198695625507849,8.280172051722612,-0.03719783853927794,
BTCUSDT-15m,C3_wick8_quietvol,4788,0.6307435254803676,0.9425647451963242,0.9139515455304928,1,0.0,9.850173674114782,3.5122489015217715,0.04498998654315722,
BTCUSDT-15m,C4_wick8_bear_regime,48,0.6458333333333334,0.9583333333333334,0.9375,1,0.0,12.87958059440831,-36.449798682962324,0.0447017782479473,
BTCUSDT-15m,C6_wick910_dipbuy,3012,0.5604249667994687,0.9249667994687915,0.8854581673306773,2,0.0,11.266159899886905,8.74782342731865,0.014450733256522685,
BTCUSDT-1h,uwd=7,337,0.6172106824925816,0.9347181008902077,0.9198813056379822,1,0.0,22.93998898880529,18.578274324829277,0.013648087680168008,0.4225
BTCUSDT-1h,uwd=8,1010,0.6059405940594059,0.9495049504950495,0.9237623762376238,1,0.0,22.371510353743638,35.030939972924756,0.038676925017342434,0.0004
BTCUSDT-1h,uwd=9,1010,0.5455445544554456,0.9217821782178218,0.8801980198019802,2,0.0,27.396936564645696,27.2759435879662,-0.000935443862857599,0.9259
BTCUSDT-1h,uwd=10,1008,0.4722222222222222,0.8918650793650794,0.8630952380952381,2,0.0,28.351041145167244,23.3205014588995,-0.043646163740563404,0.0001
BTCUSDT-1h,uwd_ge=8,3028,0.5412813738441216,0.9210700132100397,0.8890356671070013,2,0.0,25.81500867369359,28.296998730200507,-0.013648087680168008,0.4225
BTCUSDT-1h,uwd_ge=9,2018,0.5089197224975223,0.9068384539147671,0.8716551040634292,2,0.0,27.619815042142125,28.40749906180581,-0.03896703977491367,0.0001
BTCUSDT-1h,uwd_ge=10,1008,0.4722222222222222,0.8918650793650794,0.8630952380952381,2,0.0,28.351041145167244,23.3205014588995,-0.043646163740563404,0.0001
BTCUSDT-1h,trend=0,625,0.5856,0.9296,0.9088,2,0.0,29.96121215443947,16.489903008722333,0.008797080291970794,0.4716
BTCUSDT-1h,trend=1,662,0.5725075528700906,0.93202416918429,0.9093655589123867,2,0.0,19.088016967126194,4.501940060388292,0.011935378951215658,0.3794
BTCUSDT-1h,trend=2,743,0.5558546433378196,0.9488559892328399,0.9205921938088829,2,0.0,19.77577257478918,23.42202165961163,0.03390556970576131,0.0062
BTCUSDT-1h,trend=3,677,0.5228951255539144,0.9113737075332349,0.8921713441654358,2,0.0,28.174790018074397,48.04062919877927,-0.013849506752479424,0.3077
BTCUSDT-1h,trend=4,658,0.5091185410334347,0.8875379939209727,0.8267477203647416,2,0.0,36.00402469615463,38.69054604054448,-0.043381843537468434,0.0006
BTCUSDT-1h,trend_ge=1,2740,0.5405109489051095,0.9208029197080292,0.8883211678832117,2,0.0,24.944068711908397,29.1387976450395,-0.008797080291970794,0.4716
BTCUSDT-1h,trend_ge=2,2078,0.5303176130895092,0.917228103946102,0.8816169393647738,2,0.0,26.917402347123048,32.46410778522956,-0.013618826900828829,0.2205
BTCUSDT-1h,trend_ge=3,1335,0.5161048689138577,0.899625468164794,0.8599250936329588,2,0.0,32.41601925812427,38.40526064104432,-0.0378129554805261,0.0002
BTCUSDT-1h,smaal=-1,1364,0.5608504398826979,0.9376832844574781,0.9142228739002932,2,0.0,23.7477940695881,18.088518853273452,0.0256393064464836,0.0123
BTCUSDT-1h,smaal=1,1994,0.5406218655967904,0.9117352056168505,0.876629889669007,2,0.0,26.96507618661454,32.28271867680823,-0.026266253172354426,0.0106
BTCUSDT-1h,prev=-1,1549,0.577792123950936,0.9367333763718528,0.9089735313105229,2,0.0,23.143698242361054,29.94986262851016,0.026491085622954103,0.0092
BTCUSDT-1h,prev=1,1816,0.5242290748898678,0.9102422907488987,0.8777533039647577,2,0.0,28.034742396175535,24.485052567572726,-0.026491085622954103,0.0092
BTCUSDT-1h,volq=0,717,0.6485355648535565,0.9609483960948396,0.9372384937238494,1,0.0,16.24499933553466,13.299769314994146,0.048939332650730805,0.0001
BTCUSDT-1h,volq=1,650,0.6307692307692307,0.9507692307692308,0.9261538461538461,1,0.0,20.44305269485871,45.84081814535153,0.035115455446947164,0.0066
BTCUSDT-1h,volq=2,676,0.5591715976331361,0.9319526627218935,0.9142011834319527,2,0.0,25.77175772017013,19.8233169377249,0.01190803646678007,0.3794
BTCUSDT-1h,volq=3,675,0.5037037037037037,0.9096296296296297,0.8711111111111111,2,0.0,33.27840073255369,14.876659126940146,-0.01602092799118815,0.2298
BTCUSDT-1h,volq=4,647,0.39258114374034003,0.8547140649149922,0.8068006182380216,3,0.0,42.12928488052767,46.26419588311306,-0.08384369814608206,0.0
BTCUSDT-1h,volq_ge=2,1998,0.4864864864864865,0.8993993993993994,0.8648648648648649,2,0.0,33.06955468746886,30.34174843724401,-0.05670886687711851,0.0
BTCUSDT-1h,volq_ge=3,1322,0.4493192133131619,0.8827534039334342,0.8396369137670197,2,0.0,37.169766615329934,29.03856563903774,-0.06536211246402057,0.0
BTCUSDT-1h,typ=1,2629,0.5271966527196653,0.9159376188664892,0.8851274248763789,2,0.0,26.020445922710778,29.36136062499297,-0.029714555046554292,0.013
BTCUSDT-1h,typ=2,736,0.626358695652174,0.9456521739130435,0.9171195652173914,1,0.0,23.95333750325777,21.55312457886686,0.029714555046554292,0.013
BTCUSDT-1h,rng_q=0,799,0.6683354192740926,0.9624530663329162,0.9361702127659575,1,0.0,17.835980090067874,26.890520013532836,0.052476449029720484,0.0
BTCUSDT-1h,rng_q=1,703,0.6301564722617354,0.9459459459459459,0.9288762446657184,1,0.0,21.56321865447726,46.9024563156012,0.029717546246471827,0.014
BTCUSDT-1h,rng_q=2,667,0.5577211394302849,0.9415292353823088,0.9145427286356822,2,0.0,26.81249577350046,25.198224186770666,0.023812408102842575,0.0601
BTCUSDT-1h,rng_q=3,619,0.47495961227786754,0.8966074313408724,0.8659127625201939,2,0.0,33.01395916316834,36.82267609394226,-0.03165185489365052,0.013
BTCUSDT-1h,rng_q=4,577,0.3535528596187175,0.8440207972270364,0.7885615251299827,4,0.0,45.49024513994643,31.591367882047305,-0.0946449129594773,0.0
BTCUSDT-1h,reg=1,1933,0.5468184169684428,0.9187790998448008,0.8903259182617693,2,0.0,22.036794195339162,17.948098504637024,-0.008595201831176902,0.4225
BTCUSDT-1h,reg=2,1416,0.5501412429378532,0.9265536723163842,0.893361581920904,2,0.0,30.816941130899018,37.91270509435963,0.007107802639626848,0.4716
BTCUSDT-1h,C1_wick8_trend_up,1211,0.5086705202312138,0.8967795210569777,0.8554913294797688,2,0.0,32.36131286638158,38.073972308541386,-0.04008213168211239,
BTCUSDT-1h,C2_wick8_sma_above,1814,0.5308710033076075,0.9090407938257994,0.8715545755237045,2,0.0,27.69850059635434,28.641759789877323,-0.02906365491694718,
BTCUSDT-1h,C3_wick8_quietvol,1240,0.6330645161290323,0.9548387096774194,0.9290322580645162,1,0.0,18.989108390551806,17.99699270708687,0.051309297912713436,
BTCUSDT-1h,C6_wick910_dipbuy,763,0.54521625163827,0.9174311926605505,0.8951507208387942,2,0.0,24.88255677046984,22.872033276593193,-0.0064734960404486674,
ETHUSDT-1h,uwd=7,333,0.6786786786786787,0.954954954954955,0.9369369369369369,1,0.0,32.18971519608225,21.467048695945348,0.03442073124877798,0.0591
ETHUSDT-1h,uwd=8,997,0.5977933801404213,0.9378134403209629,0.9087261785356068,2,0.0,31.636855406720674,12.740794581897541,0.01975252226004487,0.0896
ETHUSDT-1h,uwd=9,998,0.5470941883767535,0.9188376753507014,0.8917835671342685,2,0.0,31.3572209584376,13.82430937502356,-0.007342582160028255,0.4921
ETHUSDT-1h,uwd=10,1000,0.451,0.905,0.868,3,0.0,33.93146190933784,12.17930513120244,-0.027130584192439855,0.0264
ETHUSDT-1h,uwd_ge=8,2995,0.5318864774624374,0.920534223706177,0.889482470784641,2,0.0,32.57841145653212,16.768161510983727,-0.03442073124877798,0.0591
ETHUSDT-1h,uwd_ge=9,1998,0.498998998998999,0.9119119119119119,0.8798798798798799,2,0.0,33.0676086543357,19.470016359993423,-0.03019335124598288,0.0064
ETHUSDT-1h,uwd_ge=10,1000,0.451,0.905,0.868,3,0.0,33.93146190933784,12.17930513120244,-0.027130584192439855,0.0264
ETHUSDT-1h,trend=0,586,0.6023890784982935,0.9368600682593856,0.9044368600682594,2,0.0,38.765945359705896,26.09932723573092,0.015634685327219344,0.2436
ETHUSDT-1h,trend=1,668,0.5853293413173652,0.9401197604790419,0.9101796407185628,2,0.0,25.294440650604756,-2.622070958073683,0.020194948448966743,0.1054
ETHUSDT-1h,trend=2,699,0.5236051502145923,0.9170243204577968,0.8898426323319027,2,0.0,26.92861715749047,18.30226784431556,-0.008802990306752467,0.4759
ETHUSDT-1h,trend=3,690,0.5101449275362319,0.9028985507246376,0.8724637681159421,2,0.0,33.78173604179935,24.130949342683547,-0.026593488699168222,0.0553
ETHUSDT-1h,trend=4,685,0.5211678832116788,0.9255474452554745,0.8963503649635036,2,0.0,41.64144641611597,29.514029817507044,0.001975746428384051,0.862
ETHUSDT-1h,trend_ge=1,2742,0.5346462436177972,0.9212253829321663,0.8920495988329686,2,0.0,31.502644250573937,14.489939565481604,-0.015634685327219344,0.2436
ETHUSDT-1h,trend_ge=2,2074,0.5183220829315333,0.9151398264223722,0.8862102217936355,2,0.0,33.425533453221036,17.340446752324247,-0.02345666480569797,0.0425
ETHUSDT-1h,trend_ge=3,1375,0.5156363636363637,0.9141818181818182,0.8843636363636364,2,0.0,37.70530524302406,20.423336333563842,-0.01669375785504812,0.103
ETHUSDT-1h,smaal=-1,1347,0.5842613214550854,0.9346696362286563,0.9020044543429844,2,0.0,30.160384755187085,10.13751878987885,0.017960903265506367,0.0897
ETHUSDT-1h,smaal=1,1977,0.5209914011127972,0.9165402124430956,0.8887202832574608,2,0.0,33.6974163621347,26.313613494602215,-0.01832285195364758,0.0896
ETHUSDT-1h,prev=-1,1548,0.5684754521963824,0.9347545219638242,0.896640826873385,2,0.0,32.23999317358048,17.43033051055344,0.02014778039079057,0.0591
ETHUSDT-1h,prev=1,1780,0.5275280898876404,0.9146067415730337,0.8921348314606742,2,0.0,32.91783493755089,17.92930498019658,-0.02014778039079057,0.0591
ETHUSDT-1h,volq=0,698,0.6432664756446992,0.9469914040114613,0.9326647564469914,1,0.0,25.204669496663268,13.068532692321718,0.029120681578001184,0.0345
ETHUSDT-1h,volq=1,670,0.6313432835820896,0.9552238805970149,0.9313432835820895,2,0.0,25.689388681459658,27.409045550806976,0.039121548016126995,0.0037
ETHUSDT-1h,volq=2,630,0.5714285714285714,0.9333333333333333,0.9126984126984127,2,0.0,33.44986185493383,11.748498056356324,0.011539411910056807,0.3924
ETHUSDT-1h,volq=3,665,0.48872180451127817,0.9157894736842105,0.8842105263157894,2,0.0,42.03125597034828,20.631106765194104,-0.010233808328557026,0.4212
ETHUSDT-1h,volq=4,665,0.39398496240601505,0.8676691729323308,0.8090225563909774,3,0.0,47.21425319966587,43.38460745946492,-0.07037063179917502,0.0
ETHUSDT-1h,volq_ge=2,1960,0.48316326530612247,0.9051020408163265,0.8678571428571429,2,0.0,38.44587759414339,22.113408416307,-0.045921350996539045,0.0
ETHUSDT-1h,volq_ge=3,1330,0.4413533834586466,0.8917293233082707,0.8466165413533835,3,0.0,43.8270588558089,25.798914244841292,-0.05371612213717469,0.0
ETHUSDT-1h,typ=1,2579,0.5281116711903838,0.9193485847227607,0.8879410624272974,2,0.0,32.476910946124875,19.240861683507724,-0.020571308468160465,0.0897
ETHUSDT-1h,typ=2,749,0.6101468624833111,0.9399198931909212,0.9158878504672897,2,0.0,32.536140728641435,20.854942572339258,0.020571308468160465,0.0897
ETHUSDT-1h,rng_q=0,782,0.6585677749360613,0.9565217391304348,0.9450127877237852,1,0.0,25.689388681459658,7.088327451105519,0.04253902114143249,0.0006
ETHUSDT-1h,rng_q=1,692,0.6213872832369942,0.9407514450867052,0.9205202312138728,2,0.0,28.492751372370886,11.337520754031504,0.02117633127790397,0.0897
ETHUSDT-1h,rng_q=2,668,0.5688622754491018,0.9326347305389222,0.9086826347305389,2,0.0,30.412386765846204,8.03792315998178,0.010830219260726692,0.4026
ETHUSDT-1h,rng_q=3,603,0.4709784411276949,0.9270315091210614,0.8938640132669984,2,0.0,41.178147905869615,32.68343575094534,0.003728756827483415,0.7768
ETHUSDT-1h,rng_q=4,583,0.3602058319039451,0.8473413379073756,0.7787307032590052,3,0.0,47.730593970813175,37.452247277827055,-0.09291367120009253,0.0
ETHUSDT-1h,reg=1,1858,0.5306781485468245,0.9149623250807319,0.8805166846071044,2,0.0,30.16601186255181,0.46047646851798896,-0.020411824579132043,0.0591
ETHUSDT-1h,reg=2,1444,0.5630193905817175,0.9342105263157895,0.909972299168975,2,0.0,35.5252822044706,35.6179456665726,0.018074645211755502,0.0896
ETHUSDT-1h,C1_wick8_trend_up,1251,0.5027977617905676,0.9112709832134293,0.8800959232613909,2,0.0,37.85959253377037,18.559849953603102,-0.02036117855835695,
ETHUSDT-1h,C2_wick8_sma_above,1783,0.5081323611890073,0.9130678631519911,0.8839035333707235,2,0.0,33.6974163621347,28.640551919164324,-0.0235017161360348,
ETHUSDT-1h,C3_wick8_quietvol,1207,0.623860811930406,0.947804473902237,0.9304059652029826,2,0.0,25.045996854308697,9.406015862557421,0.03738486051232659,
ETHUSDT-1h,C6_wick910_dipbuy,726,0.5385674931129476,0.9242424242424242,0.8911845730027548,2,0.0,33.047756823950785,-6.138005937855635,0.0003377355414250216,
ICPUSDT-15m,uwd=7,1458,0.6262002743484225,0.9190672153635117,0.8998628257887518,1,0.0,27.119432030814878,-16.068044841185767,0.016326893484433835,0.0566
ICPUSDT-15m,uwd=8,3751,0.6278325779792056,0.9189549453479072,0.8904292188749666,1,0.0,27.01485817199562,2.43157383104416,0.020237275276183686,0.0008
ICPUSDT-15m,uwd=9,3891,0.5525571832433822,0.9028527370855821,0.8709843227961963,2,0.0,29.24926876828046,2.6778244244355736,-0.0024661770614052836,0.6803
ICPUSDT-15m,uwd=10,3853,0.47910718920321826,0.8868414222683623,0.8390864261614327,2,0.0,31.02735003447397,2.6846236395665732,-0.0252464898195498,0.0
ICPUSDT-15m,uwd_ge=8,11495,0.5525010874293171,0.9027403218790778,0.8666376685515441,2,0.0,29.007528144208727,4.712261094415771,-0.016326893484433835,0.0566
ICPUSDT-15m,uwd_ge=9,7744,0.5160123966942148,0.8948863636363636,0.8551136363636364,2,0.0,30.188556343337787,3.4856897006146146,-0.02410000610830898,0.0
ICPUSDT-15m,uwd_ge=10,3853,0.47910718920321826,0.8868414222683623,0.8390864261614327,2,0.0,31.02735003447397,2.6846236395665732,-0.0252464898195498,0.0
ICPUSDT-15m,trend=0,2623,0.5810141059855127,0.9233701868089973,0.8890583301563095,2,0.0,33.52493497318604,12.143431999895492,0.02356379765120442,0.0005
ICPUSDT-15m,trend=1,2590,0.5648648648648649,0.9142857142857143,0.8884169884169885,2,0.0,24.029081443201342,-1.3407132206271415,0.012133827766366623,0.0698
ICPUSDT-15m,trend=2,2550,0.5498039215686275,0.9007843137254902,0.8670588235294118,2,0.0,24.064756070881913,5.408938664644369,-0.0047237128053182476,0.5093
ICPUSDT-15m,trend=3,2593,0.5526417277284998,0.8981874276899344,0.866949479367528,2,0.0,25.387154100025974,-6.795408407444987,-0.007990178487671806,0.2425
ICPUSDT-15m,trend=4,2597,0.555256064690027,0.8860223334616866,0.8402002310358105,2,0.0,41.714742167390455,-8.049989724039008,-0.02320902999910912,0.0007
ICPUSDT-15m,trend_ge=1,10330,0.5556631171345595,0.8998063891577929,0.8656340755082285,2,0.0,27.640671273445676,-2.8495410504804677,-0.02356379765120442,0.0005
ICPUSDT-15m,trend_ge=2,7740,0.5525839793281654,0.8949612403100775,0.8580103359173127,2,0.0,29.19708029197018,-0.7686016220824394,-0.023895464082786533,0.0
ICPUSDT-15m,trend_ge=3,5190,0.5539499036608864,0.8921001926782274,0.8535645472061657,2,0.0,32.83707967904162,-2.7880657896300614,-0.020820070106778443,0.0002
ICPUSDT-15m,smaal=-1,5795,0.5739430543572045,0.9180327868852459,0.886281276962899,2,0.0,27.3138781102735,5.8294216602841304,0.02434739990564272,0.0
ICPUSDT-15m,smaal=1,7150,0.5502097902097902,0.8937062937062937,0.8574825174825175,2,0.0,30.11545011661498,2.5980872822189736,-0.024267168296118857,0.0
ICPUSDT-15m,prev=-1,6398,0.5747108471397312,0.9126289465457955,0.879180994060644,2,0.0,28.08524698496671,7.311303161827225,0.015908885523674976,0.0037
ICPUSDT-15m,prev=0,609,0.5090311986863711,0.8981937602627258,0.8850574712643678,2,0.0,23.04147465437739,5.189954409803207,-0.006699305194176386,0.6171
ICPUSDT-15m,prev=1,5946,0.5511268079381096,0.8965691220988901,0.8594012781701984,2,0.0,30.778944045457898,-3.414256595174979,-0.014805217846878493,0.0073
ICPUSDT-15m,volq=0,2394,0.6040100250626567,0.9227234753550543,0.9022556390977443,1,0.0,22.81513403891222,2.8586502791123745,0.02225941625854888,0.0015
ICPUSDT-15m,volq=1,2635,0.5981024667931689,0.9149905123339659,0.888045540796964,1,0.0,25.83979328165434,-1.9110972529511263,0.0130715357881237,0.0554
ICPUSDT-15m,volq=2,2601,0.5805459438677432,0.9146482122260668,0.8815840061514802,2,0.0,28.5877644368217,4.262290039620468,0.01260029877938984,0.0606
ICPUSDT-15m,volq=3,2657,0.5528791870530674,0.9040270982310877,0.868648852088822,2,0.0,33.04878060291359,7.295940716200708,-0.0006931814891919519,0.9137
ICPUSDT-15m,volq=4,2666,0.4737434358589647,0.8687171792948237,0.8150787696924231,2,0.0,37.61011528215401,-5.200083746766647,-0.045154697831646606,0.0
ICPUSDT-15m,volq_ge=2,7924,0.5353356890459364,0.8956335184250379,0.8548712771327612,2,0.0,32.78688524590094,5.563949705870196,-0.02303818569108851,0.0
ICPUSDT-15m,volq_ge=3,5323,0.5132444110464024,0.8863422881833553,0.8418185233890663,2,0.0,34.807963177200946,2.1670112740993392,-0.030957842878243658,0.0
ICPUSDT-15m,typ=1,10223,0.5417196517656265,0.899344615083635,0.8626626234960384,2,0.0,28.928559224340127,5.522659418429577,-0.024831209092189277,0.0002
ICPUSDT-15m,typ=2,2730,0.6322344322344322,0.9241758241758242,0.8992673992673993,1,0.0,28.260869565217174,-0.46093895132305845,0.024831209092189277,0.0002
ICPUSDT-15m,rng_q=0,3056,0.6534685863874345,0.931282722513089,0.9103403141361257,1,0.0,24.117146837368345,11.09938478528485,0.034950500627669134,0.0
ICPUSDT-15m,rng_q=1,2882,0.6020124913254684,0.917765440666204,0.8941707147814018,1,0.0,27.397260273972993,6.411499383877332,0.016961151121968054,0.0098
ICPUSDT-15m,rng_q=2,2663,0.5550131430717237,0.9185129553135561,0.8843409688321442,2,0.0,29.906383367513293,-4.170645570644928,0.01754113801520818,0.0098
ICPUSDT-15m,rng_q=3,2326,0.5197764402407566,0.8929492691315564,0.8555460017196904,2,0.0,31.53426318981177,-4.704367305854118,-0.014174095882088178,0.0486
ICPUSDT-15m,rng_q=4,2026,0.41707798617966435,0.8405725567620927,0.7749259624876604,3,0.0,38.167938931299155,-3.7613985746521545,-0.07587294520551047,0.0
ICPUSDT-15m,reg=1,7007,0.5407449693163979,0.8989581846724704,0.8694162979877266,2,0.0,24.26006792818968,-6.07635719725576,-0.012242622592918195,0.0272
ICPUSDT-15m,reg=2,5886,0.5839279646619097,0.9106354060482501,0.8708800543662929,2,0.0,35.32622466730325,14.255923178221142,0.011102365153952687,0.0464
ICPUSDT-15m,C1_wick8_trend_up,4614,0.5459471174685739,0.8899003034243607,0.8491547464239272,2,0.0,32.83302244372594,0.8875061906174082,-0.022799061007825472,
ICPUSDT-15m,C2_wick8_sma_above,6352,0.5410894206549118,0.8910579345088161,0.8528022670025189,2,0.0,30.269886179808896,2.2846612230878987,-0.0265303096966073,
ICPUSDT-15m,C3_wick8_quietvol,4470,0.5928411633109619,0.9156599552572707,0.8899328859060402,1,0.0,24.27997320830684,0.9869645628318036,0.016921301479126183,
ICPUSDT-15m,C4_wick8_bear_regime,53,0.6037735849056604,0.9622641509433962,0.9245283018867925,1,0.0,21.18943353580969,-18.938068564694085,0.05792306567207839,
ICPUSDT-15m,C6_wick910_dipbuy,3100,0.5290322580645161,0.9125806451612903,0.8777419354838709,2,0.0,30.239590602467523,7.984837579148455,0.010520358954043796,
ICPUSDT-1h,uwd=7,326,0.6349693251533742,0.9263803680981595,0.8957055214723927,1,0.0,56.39443232751474,32.49520854140097,0.01670074982958414,0.4399
ICPUSDT-1h,uwd=8,976,0.6301229508196722,0.9221311475409836,0.8985655737704918,1,0.0,58.825067238490405,18.70659067312236,0.01538859062329534,0.2818
ICPUSDT-1h,uwd=9,979,0.5822267620020429,0.9080694586312564,0.8661899897854954,2,0.0,54.932478828107165,3.865032724876468,-0.004688103841343327,0.7519
ICPUSDT-1h,uwd=10,979,0.4902962206332993,0.898876404494382,0.839632277834525,2,0.0,62.60709621473251,30.180936297854977,-0.017826795856341393,0.2203
ICPUSDT-1h,uwd_ge=8,2934,0.5674846625766872,0.9096796182685754,0.8680981595092024,2,0.0,58.52083543537467,16.608983637437806,-0.01670074982958414,0.4399
ICPUSDT-1h,uwd_ge=9,1958,0.5362614913176711,0.9034729315628192,0.8529111338100103,2,0.0,58.52083543537467,13.132055741217446,-0.019722152922587943,0.1409
ICPUSDT-1h,uwd_ge=10,979,0.4902962206332993,0.898876404494382,0.839632277834525,2,0.0,62.60709621473251,30.180936297854977,-0.017826795856341393,0.2203
ICPUSDT-1h,trend=0,643,0.5645412130637636,0.9160186625194401,0.8818040435458787,2,0.0,70.72623770915902,-11.270104400475573,0.0058161405477167305,0.749
ICPUSDT-1h,trend=1,638,0.5971786833855799,0.932601880877743,0.8996865203761756,2,0.0,50.9534470778962,25.482090015731647,0.026423391175225852,0.121
ICPUSDT-1h,trend=2,670,0.5716417910447761,0.891044776119403,0.8477611940298507,2,0.0,45.57885141294477,-3.870856309954935,-0.025557540482913588,0.121
ICPUSDT-1h,trend=3,675,0.5555555555555556,0.9081481481481481,0.8607407407407407,2,0.0,58.72996451731316,49.1831564921445,-0.004037538505623606,0.7874
ICPUSDT-1h,trend=4,634,0.583596214511041,0.9100946372239748,0.8659305993690851,2,0.0,73.25112928824379,8.937560162901564,-0.0015580665079368838,0.9014
ICPUSDT-1h,trend_ge=1,2617,0.57661444401987,0.9102025219717234,0.8681696599159343,2,0.0,55.79518655522152,15.417727857785884,-0.0058161405477167305,0.749
ICPUSDT-1h,trend_ge=2,1979,0.5699848408287014,0.9029813036887316,0.8580090955027792,2,0.0,57.26556907659275,13.348576552923324,-0.02129660419573365,0.121
ICPUSDT-1h,trend_ge=3,1309,0.5691367456073338,0.9090909090909091,0.8632543926661573,2,0.0,66.15418730135306,32.776669683110384,-0.003774288243791113,0.7767
ICPUSDT-1h,smaal=-1,1490,0.5825503355704698,0.9181208053691275,0.8838926174496644,2,0.0,56.43208166961156,6.983000871712862,0.012471087855003282,0.3227
ICPUSDT-1h,smaal=1,1764,0.5663265306122449,0.905328798185941,0.8594104308390023,2,0.0,59.45303210463783,15.342540341554367,-0.013120399675021543,0.3008
ICPUSDT-1h,prev=-1,1608,0.595771144278607,0.9148009950248757,0.8762437810945274,1,0.0,57.37091544025974,13.854898518617151,0.006810680254899837,0.6403
ICPUSDT-1h,prev=1,1611,0.5561762880198634,0.9087523277467412,0.8659217877094972,2,0.0,57.851453729313945,17.541189014193925,-0.005134876619541373,0.749
ICPUSDT-1h,volq=0,609,0.6338259441707718,0.9359605911330049,0.9178981937602627,1,0.0,51.84231653504186,-32.28776883662125,0.030264627345754747,0.1039
ICPUSDT-1h,volq=1,644,0.6149068322981367,0.9316770186335404,0.9083850931677019,1,0.0,56.17454359410428,5.269819997546854,0.025331452884304828,0.1247
ICPUSDT-1h,volq=2,679,0.6215022091310751,0.9293078055964654,0.8895434462444771,1,0.0,49.26659948493865,44.72020216579619,0.022682466580580152,0.1607
ICPUSDT-1h,volq=3,662,0.5619335347432024,0.918429003021148,0.8670694864048338,2,0.0,59.05458346332168,52.57098825736369,0.008883198556175032,0.6365
ICPUSDT-1h,volq=4,666,0.4444444444444444,0.8438438438438438,0.7762762762762763,2,0.0,82.83024393048557,-19.390379586099787,-0.08483772901660336,0.0
ICPUSDT-1h,volq_ge=2,2007,0.5430991529646239,0.8973592426507224,0.8445440956651719,2,0.0,61.75889328063329,17.609972814242706,-0.03639973580099343,0.0033
ICPUSDT-1h,volq_ge=3,1328,0.5030120481927711,0.8810240963855421,0.8215361445783133,2,0.0,69.79822051803629,12.50275830217081,-0.05117052059168359,0.0
ICPUSDT-1h,typ=1,2523,0.5564803804994055,0.90764962346413,0.8632580261593341,2,0.0,59.094345413232126,18.41486780098511,-0.016366658761107433,0.2818
ICPUSDT-1h,typ=2,737,0.6350067842605156,0.9240162822252375,0.8968792401628223,1,0.0,55.495882563552776,20.006663760914375,0.016366658761107433,0.2818
ICPUSDT-1h,rng_q=0,776,0.6649484536082474,0.9342783505154639,0.9226804123711341,1,0.0,50.9534470778962,-23.835099981901568,0.030091555024320593,0.0703
ICPUSDT-1h,rng_q=1,722,0.6426592797783933,0.9321329639889196,0.9016620498614959,1,0.0,55.055973573133144,28.807086473350704,0.02669561174305679,0.1136
ICPUSDT-1h,rng_q=2,662,0.5770392749244713,0.9335347432024169,0.8927492447129909,2,0.0,56.86181357762801,21.19376386363331,0.02783805344106205,0.1136
ICPUSDT-1h,rng_q=3,607,0.5453047775947282,0.914332784184514,0.8583196046128501,2,0.0,62.26488519911797,6.862796123280499,0.0036656149421468998,0.7972
ICPUSDT-1h,rng_q=4,493,0.3630831643002028,0.8113590263691683,0.7302231237322515,3,0.0,93.00640507274257,5.560897413178339,-0.11780613445482879,0.0
ICPUSDT-1h,reg=1,1810,0.5740331491712707,0.918232044198895,0.8795580110497238,2,0.0,52.83392333752064,-1.7860494239704765,0.015473423509239859,0.2381
ICPUSDT-1h,reg=2,1434,0.5753138075313807,0.902370990237099,0.8591352859135286,2,0.0,69.5494731344294,29.85385006696037,-0.016029885995102577,0.2264
ICPUSDT-1h,C1_wick8_trend_up,1163,0.5657781599312124,0.9054170249355116,0.8581255374032674,2,0.0,66.09049313675598,10.294396816272723,-0.009222936914750735,
ICPUSDT-1h,C2_wick8_sma_above,1572,0.5610687022900763,0.9026717557251909,0.8562340966921119,2,0.0,60.080106809079076,18.58802133671249,-0.016759523895662154,
ICPUSDT-1h,C3_wick8_quietvol,1130,0.6141592920353982,0.9309734513274336,0.9097345132743363,2,0.0,54.55093222067789,17.1344724209681,0.030034484191283406,
ICPUSDT-1h,C6_wick910_dipbuy,748,0.5334224598930482,0.9197860962566845,0.8729946524064172,2,0.0,62.55191406379261,12.045259356340573,0.010948516638850103,
ICPUSDT-30m,uwd=7,652,0.6334355828220859,0.9202453987730062,0.8911042944785276,1,0.0,41.11259429130308,-12.989678027979313,0.013590108670617052,0.3275
ICPUSDT-30m,uwd=8,1954,0.6218014329580348,0.9176049129989765,0.8884339815762539,1,0.0,39.36545240893077,5.690189544990309,0.013699691410560488,0.1302
ICPUSDT-30m,uwd=9,1963,0.5766683647478349,0.9144167091186959,0.8807947019867549,2,0.0,40.881621045148556,10.17310533253993,0.009162807162221953,0.3275
ICPUSDT-30m,uwd=10,1943,0.4781266083376222,0.8878023674729799,0.8332475553268142,2,0.0,45.27813712807225,3.2315547762145456,-0.028809582625509922,0.001
ICPUSDT-30m,uwd_ge=8,5860,0.5590443686006826,0.9066552901023891,0.8675767918088737,2,0.0,41.57495720225079,8.411727769101386,-0.013590108670617052,0.3275
ICPUSDT-30m,uwd_ge=9,3906,0.5276497695852534,0.9011776753712237,0.8571428571428571,2,0.0,42.84975864601335,12.386167195666982,-0.017087865687870685,0.0499
ICPUSDT-30m,uwd_ge=10,1943,0.4781266083376222,0.8878023674729799,0.8332475553268142,2,0.0,45.27813712807225,3.2315547762145456,-0.028809582625509922,0.001
ICPUSDT-30m,trend=0,1327,0.5930670685757348,0.9171062547098718,0.8899773926149209,1,0.0,43.486138793259684,8.544788748434774,0.011416765799553641,0.2867
ICPUSDT-30m,trend=1,1273,0.5640219952867243,0.9214454045561665,0.8868813825608798,2,0.0,37.169406719084776,19.394706113610344,0.0166925891333759,0.1141
ICPUSDT-30m,trend=2,1351,0.5766099185788305,0.9037749814951888,0.8638045891931903,2,0.0,35.28639422287811,-10.076136037059035,-0.005351156850093131,0.6127
ICPUSDT-30m,trend=3,1291,0.5600309837335399,0.9000774593338497,0.8559256390395042,2,0.0,39.1218474074133,15.715657101802567,-0.009901471905376491,0.3356
ICPUSDT-30m,trend=4,1270,0.537007874015748,0.8976377952755905,0.852755905511811,2,0.0,60.5864623729766,31.366968624152616,-0.012892536658785647,0.2407
ICPUSDT-30m,trend_ge=1,5185,0.5596914175506268,0.9056894889103182,0.8648023143683703,2,0.0,41.144364243307244,6.773096397957837,-0.011416765799553641,0.2867
ICPUSDT-30m,trend_ge=2,3912,0.558282208588957,0.9005623721881391,0.8576175869120655,2,0.0,42.465753424657116,6.671978702398584,-0.018668397042630125,0.0296
ICPUSDT-30m,trend_ge=3,2561,0.5486138227254979,0.8988676298320968,0.8543537680593518,2,0.0,48.383272698683285,18.887719857145335,-0.0150782066649926,0.0795
ICPUSDT-30m,smaal=-1,3011,0.5725672534041847,0.9186316838259715,0.8847558950514779,2,0.0,39.4918727962958,-0.8762938286320263,0.01974565126384642,0.0179
ICPUSDT-30m,smaal=1,3493,0.5614085313484111,0.8986544517606642,0.856856570283424,2,0.0,43.203722166832506,12.667615081664351,-0.020192848669941976,0.0161
ICPUSDT-30m,prev=-1,3289,0.5892368501064154,0.916083916083916,0.8783824870781393,2,0.0,39.62460896767493,14.760992495752802,0.016301105038306396,0.0514
ICPUSDT-30m,prev=0,89,0.5168539325842697,0.9101123595505618,0.8876404494382022,2,0.0,33.300033300034066,-5.582010213353641,0.002125437551495968,0.9451
ICPUSDT-30m,prev=1,3134,0.544033184428845,0.8994894703254627,0.8605615826419911,2,0.0,44.272274488101864,8.944650096231246,-0.01643711345192045,0.0514
ICPUSDT-30m,volq=0,1311,0.627765064836003,0.9328756674294432,0.9023646071700991,1,0.0,34.81012658227886,-16.326588089072654,0.031126003903198196,0.002
ICPUSDT-30m,volq=1,1357,0.6079587324981577,0.9366249078850405,0.9145173176123802,1,0.0,38.678964593870575,23.08944546965177,0.03613994183266411,0.0002
ICPUSDT-30m,volq=2,1266,0.5892575039494471,0.9115323854660348,0.8846761453396524,1,0.0,39.84226515412485,21.254625526488116,0.004365019854139951,0.6666
ICPUSDT-30m,volq=3,1259,0.5361397934868943,0.9007148530579825,0.8562351072279587,2,0.0,47.256791729296125,-1.9581919274968764,-0.009050995028825004,0.3819
ICPUSDT-30m,volq=4,1319,0.4700530705079606,0.8574677786201668,0.7907505686125853,2,0.0,53.40793489318389,3.3839191097300634,-0.06338721849132944,0.0
ICPUSDT-30m,volq_ge=2,3844,0.5309573361082206,0.8894380853277836,0.8431321540062435,2,0.0,45.76830732292913,10.29047284488811,-0.04534452336786865,0.0
ICPUSDT-30m,volq_ge=3,2578,0.5023273855702095,0.8785880527540729,0.8227307990690458,2,0.0,50.42723070458114,9.84164495621179,-0.04871240479549499,0.0
ICPUSDT-30m,typ=1,5080,0.5537401574803149,0.9045275590551181,0.8655511811023622,2,0.0,41.460576083793,3.941865201366368,-0.015863502397395868,0.1141
ICPUSDT-30m,typ=2,1432,0.611731843575419,0.9203910614525139,0.8854748603351955,1,0.0,41.529885896708564,3.5816975876974944,0.015863502397395868,0.1141
ICPUSDT-30m,rng_q=0,1622,0.6646115906288532,0.9432799013563502,0.9229346485819976,1,0.0,36.672016595285285,16.333811853238878,0.046960882951442184,0.0
ICPUSDT-30m,rng_q=1,1514,0.5984147952443857,0.9273447820343461,0.9022457067371202,1,0.0,36.869963944535925,-2.5706563518111687,0.025183917688607838,0.0107
ICPUSDT-30m,rng_q=2,1230,0.5772357723577236,0.9065040650406504,0.8691056910569106,2,0.0,41.40215291195177,-6.289134798021359,-0.0018639773675283022,0.8625
ICPUSDT-30m,rng_q=3,1152,0.5138888888888888,0.890625,0.8420138888888888,2,0.0,48.44457442429842,14.850510643633868,-0.021128731343283635,0.0516
ICPUSDT-30m,rng_q=4,994,0.40543259557344064,0.8430583501006036,0.7676056338028169,3,0.0,58.248105443727646,9.003092757023635,-0.07665893877217644,0.0
ICPUSDT-30m,reg=1,3657,0.555646704949412,0.9062072737216298,0.8676510801203172,2,0.0,36.73548305633119,-2.855083254020957,-0.004125475840541792,0.6192
ICPUSDT-30m,reg=2,2816,0.58203125,0.9108664772727273,0.8728693181818182,2,0.0,48.62539741911481,16.808768999451473,0.005022321428571397,0.5658
ICPUSDT-30m,C1_wick8_trend_up,2305,0.5436008676789588,0.899349240780911,0.8546637744034707,2,0.0,48.93964110929907,22.13352458878927,-0.01341519943777214,
ICPUSDT-30m,C2_wick8_sma_above,3152,0.5564720812182741,0.8981598984771574,0.8559644670050761,2,0.0,42.87876240121082,14.610868645533195,-0.01910200628474734,
ICPUSDT-30m,C3_wick8_quietvol,2392,0.6099498327759197,0.9343645484949833,0.9063545150501672,1,0.0,36.70337003670229,-1.4087005712622147,0.04164610189304152,
ICPUSDT-30m,C6_wick910_dipbuy,1589,0.540591567023285,0.9106356198867213,0.8728760226557584,2,0.0,42.12945231712033,6.274800769982902,0.003465195348837824,
ICPUSDT-4h,uwd=7,82,0.7073170731707317,0.8780487804878049,0.8658536585365854,1,0.0,120.57223536875227,-22.019536557842258,0.001522321871794019,0.9683
ICPUSDT-4h,uwd=8,245,0.5387755102040817,0.8734693877551021,0.8285714285714286,2,0.0,131.65814754331694,-44.331843564359204,-0.004579392732702803,0.9683
ICPUSDT-4h,uwd=9,246,0.508130081300813,0.8739837398373984,0.8292682926829268,2,0.0,133.45465574764947,64.31074082053124,-0.003852211296981989,0.9683
ICPUSDT-4h,uwd=10,246,0.4634146341463415,0.8821138211382114,0.8373983739837398,2,0.0,140.84507042253512,191.83105288124437,0.007768271399991478,0.9683
ICPUSDT-4h,uwd_ge=8,737,0.5033921302578019,0.8765264586160109,0.8317503392130258,2,0.0,135.03565832838083,54.72611536705378,-0.001522321871794019,0.9683
ICPUSDT-4h,uwd_ge=9,492,0.48577235772357724,0.8780487804878049,0.8333333333333334,2,0.0,139.38757723812336,109.22683581609554,0.0034310434847467652,0.9683
ICPUSDT-4h,uwd_ge=10,246,0.4634146341463415,0.8821138211382114,0.8373983739837398,2,0.0,140.84507042253512,191.83105288124437,0.007768271399991478,0.9683
ICPUSDT-4h,trend=0,162,0.5370370370370371,0.9012345679012346,0.8641975308641975,2,0.0,157.9460155173553,-47.58744382185848,0.030610519194994135,0.7769
ICPUSDT-4h,trend=1,167,0.49700598802395207,0.844311377245509,0.7964071856287425,2,0.0,114.16079669662375,34.12951173668732,-0.040657947907865255,0.5986
ICPUSDT-4h,trend=2,164,0.5121951219512195,0.8719512195121951,0.8414634146341463,2,0.0,133.45465574764947,35.824178451277845,-0.005911375907652228,0.9683
ICPUSDT-4h,trend=3,158,0.5759493670886076,0.879746835443038,0.8354430379746836,2,0.0,119.60014280614097,174.31510188975392,0.0038012983779850407,0.9683
ICPUSDT-4h,trend=4,168,0.5,0.8869047619047619,0.8392857142857143,2,0.0,189.3874765398392,109.47945040937525,0.012864823348694321,0.9683
ICPUSDT-4h,trend_ge=1,657,0.5205479452054794,0.8706240487062404,0.8280060882800608,2,0.0,126.49221282314832,102.05276227382582,-0.030610519194994135,0.7769
ICPUSDT-4h,trend_ge=2,490,0.5285714285714286,0.8795918367346939,0.8387755102040816,2,0.0,133.45465574764947,138.09635135065938,0.007251411202778946,0.9683
ICPUSDT-4h,trend_ge=3,326,0.5368098159509203,0.8834355828220859,0.8374233128834356,2,0.0,134.35071880210126,140.90286431704342,0.011224629475229952,0.9683
ICPUSDT-4h,smaal=-1,377,0.5039787798408488,0.8753315649867374,0.8355437665782494,2,0.0,133.27708563865593,-37.50811121041827,-0.002496489311905159,0.9683
ICPUSDT-4h,smaal=1,436,0.5389908256880734,0.8784403669724771,0.8348623853211009,2,0.0,134.52914798206345,193.9110048817603,0.003766737729657188,0.9683
ICPUSDT-4h,prev=-1,385,0.561038961038961,0.8857142857142857,0.8337662337662337,2,0.0,133.37751636152728,35.56331442458383,0.017050691244239635,0.9683
ICPUSDT-4h,prev=1,426,0.49061032863849763,0.8708920187793427,0.8380281690140845,2,0.0,132.44181561013212,102.02691786313252,-0.012059635164677562,0.9683
ICPUSDT-4h,volq=0,173,0.6358381502890174,0.9364161849710982,0.9017341040462428,1,0.0,114.66352892414295,74.34114217230852,0.0757350704200147,0.0499
ICPUSDT-4h,volq=1,144,0.5,0.8680555555555556,0.8402777777777778,2,0.0,134.52914798206345,-40.838875957113814,-0.010462962962962896,0.9683
ICPUSDT-4h,volq=2,177,0.5988700564971752,0.9265536723163842,0.8700564971751412,2,0.0,124.62118898876464,40.39913020168391,0.06362532340672689,0.1321
ICPUSDT-4h,volq=3,147,0.4557823129251701,0.8299319727891157,0.7959183673469388,2,0.0,149.14070370336177,48.3807384341869,-0.05697278911564618,0.2496
ICPUSDT-4h,volq=4,178,0.4157303370786517,0.8146067415730337,0.7640449438202247,2,0.0,168.90149561629735,162.19442041473997,-0.07930901505723154,0.0386
ICPUSDT-4h,volq_ge=2,502,0.49203187250996017,0.8585657370517928,0.8107569721115537,2,0.0,141.92785334121834,98.24306619324128,-0.04679703897344378,0.2363
ICPUSDT-4h,volq_ge=3,325,0.4338461538461538,0.8215384615384616,0.7784615384615384,2,0.0,157.72128060263694,111.49237517106678,-0.091417004048583,0.0017
ICPUSDT-4h,typ=1,627,0.507177033492823,0.8724082934609251,0.8245614035087719,2,0.0,146.04150653343567,109.90250558696933,-0.018216706539074923,0.9683
ICPUSDT-4h,typ=2,192,0.578125,0.890625,0.8697916666666666,1,0.0,122.03626220362517,-56.69969032060376,0.018216706539074923,0.9683
ICPUSDT-4h,rng_q=0,190,0.6578947368421053,0.9473684210526315,0.9,1,0.0,113.22274425658239,46.04114249786209,0.09204250690318794,0.0084
ICPUSDT-4h,rng_q=1,188,0.5797872340425532,0.9042553191489362,0.898936170212766,1,0.0,154.53996084163072,66.84045158447978,0.03579256162120248,0.6284
ICPUSDT-4h,rng_q=2,156,0.5128205128205128,0.8461538461538461,0.7884615384615384,2,0.0,125.90898911290313,-26.935142654802615,-0.037707390648567096,0.6284
ICPUSDT-4h,rng_q=3,147,0.46938775510204084,0.891156462585034,0.8299319727891157,2,0.0,147.18250630782228,210.13648027172016,0.017644557823129237,0.9683
ICPUSDT-4h,rng_q=4,138,0.3333333333333333,0.7608695652173914,0.717391304347826,3,0.0,170.69855939113893,15.746044173734136,-0.13927727766072906,0.0002
ICPUSDT-4h,reg=1,454,0.5242290748898678,0.8810572687224669,0.8436123348017621,2,0.0,116.62310212137308,-61.72034611933083,0.009824392010138183,0.9683
ICPUSDT-4h,reg=2,361,0.5263157894736842,0.8698060941828255,0.8227146814404432,2,0.0,166.38318586668095,209.30078773542127,-0.012289975686170074,0.9683
ICPUSDT-4h,C1_wick8_trend_up,289,0.5294117647058824,0.8858131487889274,0.8339100346020761,2,0.0,153.24031145676867,164.19921422506187,0.014115035581380164,
ICPUSDT-4h,C2_wick8_sma_above,391,0.5242966751918159,0.8746803069053708,0.8260869565217391,2,0.0,143.98427521892324,160.43079585474393,-0.0038243659918254513,
ICPUSDT-4h,C3_wick8_quietvol,284,0.5492957746478874,0.9049295774647887,0.8697183098591549,2,0.0,126.21163166397416,6.624666497058787,0.043247334474134536,
ICPUSDT-4h,C6_wick910_dipbuy,199,0.49748743718592964,0.9045226130653267,0.8542713567839196,2,0.0,136.2005590213717,105.42478763372334,0.036780677581455645,
ICPUSDT-5m,uwd=7,3836,0.6762252346193952,0.9288321167883211,0.9014598540145985,1,0.0,15.53599171413834,-5.245585191581072,0.02837949246650817,0.0
ICPUSDT-5m,uwd=8,11067,0.6133550194271257,0.918857865726936,0.8969910544863107,1,0.0,15.736593632731996,0.22860736316049474,0.022034291291421204,0.0
ICPUSDT-5m,uwd=9,11193,0.5433753238631287,0.8985973376217279,0.8692039667649424,2,0.0,16.453083956479773,1.918042612052062,-0.006840287359044295,0.0482
ICPUSDT-5m,uwd=10,11101,0.48995585983244755,0.8839744167192145,0.8392937573191604,2,0.0,16.924564796906576,2.2749052669121346,-0.02765955017226307,0.0
ICPUSDT-5m,uwd_ge=8,33361,0.548814483978298,0.9004526243218129,0.8684691705884117,2,0.0,16.39344262295047,1.9901763637912433,-0.02837949246650817,0.0
ICPUSDT-5m,uwd_ge=9,22294,0.5167758141203911,0.8913160491612093,0.8543105768368171,2,0.0,16.71841413900301,1.9033969381195681,-0.030109167238173362,0.0
ICPUSDT-5m,uwd_ge=10,11101,0.48995585983244755,0.8839744167192145,0.8392937573191604,2,0.0,16.924564796906576,2.2749052669121346,-0.02765955017226307,0.0
ICPUSDT-5m,trend=0,8154,0.5960264900662252,0.9168506254598969,0.8869266617610988,1,0.0,18.13544965996933,6.559001051479456,0.017253476405047263,0.0
ICPUSDT-5m,trend=1,7341,0.5613676610815965,0.9151341779049176,0.8859828361258684,2,0.0,13.484793664094969,1.6233294431182406,0.014645163971369834,0.0002
ICPUSDT-5m,trend=2,6888,0.5422473867595818,0.9030197444831591,0.8739837398373984,2,0.0,12.865189844479378,-3.437827439962668,-0.0004412736962595698,0.9355
ICPUSDT-5m,trend=3,7126,0.5443446533819815,0.8976985686219477,0.8682290204883525,2,0.0,15.385798907609315,-0.6751685512227248,-0.007026914401563333,0.0794
ICPUSDT-5m,trend=4,7688,0.5603537981269511,0.8834547346514048,0.8439125910509886,2,0.0,22.282977253720745,-1.0978901417067697,-0.025115532046890654,0.0
ICPUSDT-5m,trend_ge=1,29043,0.5523878387218951,0.8995971490548497,0.8676445270805357,2,0.0,15.698587127158435,-1.3149926993758194,-0.017253476405047263,0.0
ICPUSDT-5m,trend_ge=2,21702,0.5493502902958253,0.8943415353423647,0.8614413418118145,2,0.0,16.637204949568485,-1.1673000608666915,-0.02169589608712863,0.0
ICPUSDT-5m,trend_ge=3,14814,0.552652895909275,0.890306466855677,0.855609558525719,2,0.0,18.621973929236102,-0.9774704901771919,-0.021724985585908074,0.0
ICPUSDT-5m,smaal=-1,16590,0.5782399035563592,0.9166968053044002,0.8872814948764316,2,0.0,15.451472862595386,5.930502550429205,0.02403897058804172,0.0
ICPUSDT-5m,smaal=1,20598,0.5489367899796097,0.8927565783085737,0.85954947082241,2,0.0,16.900456312321072,-1.9896855160637255,-0.023804660320259408,0.0
ICPUSDT-5m,prev=-1,17875,0.5720279720279721,0.9093706293706294,0.8798881118881119,2,0.0,16.040329972501542,4.871596795361266,0.01153396649929106,0.0002
ICPUSDT-5m,prev=0,2005,0.46683291770573565,0.8723192019950124,0.855860349127182,2,0.0,15.375153751537187,-1.281120128828251,-0.032829695481686794,0.0
ICPUSDT-5m,prev=1,17317,0.5625685742334122,0.9007911301033666,0.8654501357047988,2,0.0,16.75843907110288,-1.2333202208136562,-0.004842672713534779,0.1247
ICPUSDT-5m,volq=0,6357,0.6282837816580148,0.9292118924020765,0.9081327670284726,1,0.0,12.376237623762112,1.3866792057029367,0.03115741769390523,0.0
ICPUSDT-5m,volq=1,7612,0.5951129795060431,0.9184182869153967,0.8891224382553863,1,0.0,15.809315335035754,1.1597120836363934,0.018908400148454074,0.0
ICPUSDT-5m,volq=2,7686,0.5783242258652095,0.9129586260733802,0.8797814207650273,2,0.0,16.306563391765202,2.5370251915148576,0.01207421009289833,0.0018
ICPUSDT-5m,volq=3,7627,0.5567064376556968,0.9032384948210306,0.869935754556182,2,0.0,17.20228321213562,-0.004624520071191093,-0.00017712912215506194,0.9628
ICPUSDT-5m,volq=4,7915,0.46595072646873026,0.859001895135818,0.820341124447252,2,0.0,19.157088122604957,-0.6101638057280144,-0.05637273774444973,0.0
ICPUSDT-5m,volq_ge=2,23228,0.5329343895298777,0.8913810917857757,0.8562941277768211,2,0.0,17.481062182634663,-0.19800888797426117,-0.03194913944051103,0.0
ICPUSDT-5m,volq_ge=3,15542,0.5104877107193412,0.8807103332904388,0.8446789345000644,2,0.0,18.26086364274022,0.3562847758054927,-0.038938708501295216,0.0
ICPUSDT-5m,typ=0,511,0.6457925636007827,0.9315068493150684,0.9060665362035225,1,0.0,13.44760178132955,2.512440872236264,0.028519333641514488,0.0371
ICPUSDT-5m,typ=1,29591,0.5425298232570714,0.8983812645736879,0.8651954986313406,2,0.0,16.311053920623237,0.6670456538348102,-0.02444282167401124,0.0
ICPUSDT-5m,typ=2,7095,0.6369274136715998,0.9221987315010571,0.8972515856236787,1,0.0,16.705217167823054,0.9604392278567738,0.023255139713136086,0.0
ICPUSDT-5m,rng_q=0,8674,0.6676273922065944,0.932672354161863,0.9144569979248328,1,0.0,13.573892922782385,0.5166408398251003,0.038201225598948896,0.0
ICPUSDT-5m,rng_q=1,8568,0.6095938375350141,0.9211017740429505,0.8939075630252101,1,0.0,15.452635692423673,1.974590653348139,0.023026395929848342,0.0
ICPUSDT-5m,rng_q=2,7717,0.5666709861345083,0.9094207593624466,0.8767655824802384,2,0.0,16.479555226835465,1.8464202332625559,0.007622930325811628,0.0502
ICPUSDT-5m,rng_q=3,6644,0.49819385912101144,0.8923841059602649,0.8521974714027695,2,0.0,18.181818181817793,4.563892695150107,-0.01338619482852843,0.0011
ICPUSDT-5m,rng_q=4,5594,0.3943510904540579,0.835538076510547,0.7887021809081158,3,0.0,20.29047623897243,-0.953441371534153,-0.07984970313062634,0.0
ICPUSDT-5m,reg=0,204,0.6029411764705882,0.9166666666666666,0.8676470588235294,1,0.0,13.312034078806958,-1.7627823536061433,0.013360635795961362,0.5483
ICPUSDT-5m,reg=1,18406,0.5320547647506247,0.8949798978593937,0.8665652504618059,2,0.0,14.164305949008197,-2.583774900558064,-0.016626722331123056,0.0
ICPUSDT-5m,reg=2,18587,0.5911120675741109,0.9115510840910314,0.8771722171410126,1,0.0,18.67505405936714,4.341747900737649,0.016333459158199504,0.0
ICPUSDT-5m,C1_wick8_trend_up,13218,0.5378272053260705,0.8867453472537449,0.8521712815857164,2,0.0,18.79283661286697,-0.29245436859433055,-0.025803132666185058,
ICPUSDT-5m,C2_wick8_sma_above,18426,0.5345707152936069,0.8891783349614675,0.8557473135786389,2,0.0,16.91454530324531,-1.9600563214094469,-0.02814093412382368,
ICPUSDT-5m,C3_wick8_quietvol,12596,0.5991584630041283,0.9210860590663703,0.8947284852334074,2,0.0,14.318149282924404,3.334791722205646,0.026772819767154843,
ICPUSDT-5m,C4_wick8_bear_regime,185,0.5891891891891892,0.918918918918919,0.8702702702702703,1,0.0,13.897173315141748,2.063686020823381,0.015617287015752379,
ICPUSDT-5m,C6_wick910_dipbuy,9390,0.5366347177848775,0.904898828541001,0.8703940362087327,2,0.0,16.414371694326928,5.721755558473442,0.00203264376738288,
SOLUSDT-15m,uwd=7,1354,0.6698670605612999,0.9401772525849336,0.912850812407681,1,0.0,26.05135839225913,8.098760887977898,0.03613063024232499,0.0
SOLUSDT-15m,uwd=8,4066,0.6369896704377767,0.9326119035907526,0.9001475651746188,1,0.0,26.722004830835317,16.676180071829744,0.03566332371534353,0.0
SOLUSDT-15m,uwd=9,4056,0.5586785009861933,0.8989151873767258,0.8671104536489151,2,0.0,28.299345601468467,4.659332281275614,-0.012486563493435576,0.0267
SOLUSDT-15m,uwd=10,4061,0.46564885496183206,0.880571287860133,0.8337847820733809,2,0.0,32.04889337323377,14.878603389614382,-0.038698446204873393,0.0
SOLUSDT-15m,uwd_ge=8,12183,0.5538044816547648,0.9040466223426086,0.8670278256587047,2,0.0,28.712546091769216,11.482481765419712,-0.03613063024232499,0.0
SOLUSDT-15m,uwd_ge=9,8117,0.5121350252556364,0.889737587778736,0.8504373537021067,2,0.0,30.218290169715246,9.20862913203305,-0.04476425723971422,0.0
SOLUSDT-15m,uwd_ge=10,4061,0.46564885496183206,0.880571287860133,0.8337847820733809,2,0.0,32.04889337323377,14.878603389614382,-0.038698446204873393,0.0
SOLUSDT-15m,trend=0,2607,0.6118143459915611,0.9248177982355198,0.8864595320291523,1,0.0,32.99863291377942,27.00891362304281,0.021249637210817185,0.0011
SOLUSDT-15m,trend=1,2576,0.5795807453416149,0.9239130434782609,0.8916925465838509,2,0.0,23.05386934385697,6.508552877981469,0.020072153048555585,0.0021
SOLUSDT-15m,trend=2,2686,0.5610573343261355,0.9076693968726731,0.8674609084139985,2,0.0,23.093895079260946,-1.711662116418599,1.111652984753242e-05,0.9986
SOLUSDT-15m,trend=3,2746,0.5487982520029133,0.9020393299344501,0.8692643845593591,2,0.0,27.049446387997,10.570406455435162,-0.007051579156458931,0.2776
SOLUSDT-15m,trend=4,2922,0.5311430527036276,0.8832991101984942,0.8466803559206023,2,0.0,39.89461799021461,10.524630260143068,-0.03106735235449687,0.0
SOLUSDT-15m,trend_ge=1,10930,0.5543458371454711,0.9035681610247026,0.8680695333943276,2,0.0,27.52705275099352,6.884925526196638,-0.021249637210817185,0.0011
SOLUSDT-15m,trend_ge=2,8354,0.5465645199904238,0.897294709121379,0.8607852525736174,2,0.0,29.235048068093867,5.629406054647703,-0.027073417446245918,0.0
SOLUSDT-15m,trend_ge=3,5668,0.53969654199012,0.892378263937897,0.857621736062103,2,0.0,32.525221106616854,12.525468942957383,-0.026289927700176463,0.0
SOLUSDT-15m,smaal=-1,5727,0.5952505674873406,0.9240440020953379,0.8906932076130609,2,0.0,26.650612171530803,7.466012166711844,0.028397395181125384,0.0
SOLUSDT-15m,smaal=1,7809,0.5434754770137021,0.8956332436931745,0.8576002048917916,2,0.0,29.929620237848685,12.14847071665374,-0.02842401887665791,0.0
SOLUSDT-15m,prev=-1,6572,0.5969263542300669,0.9181375532562386,0.8832927571515521,1,0.0,25.706035981515257,8.869841415337616,0.02036296603441523,0.0001
SOLUSDT-15m,prev=0,128,0.5625,0.9296875,0.8984375,2,0.0,18.96813353566036,58.169132484117426,0.02223727999850844,0.4099
SOLUSDT-15m,prev=1,6837,0.5351762468919117,0.8971771244697967,0.8598800643557115,2,0.0,31.673716514948957,12.112836060136033,-0.021181084485427215,0.0
SOLUSDT-15m,volq=0,2752,0.6438953488372093,0.9353197674418605,0.9138808139534884,1,0.0,22.527787745034107,18.439256723362814,0.034717078522064515,0.0
SOLUSDT-15m,volq=1,2750,0.6276363636363637,0.9381818181818182,0.9087272727272727,1,0.0,25.511107993619767,2.8258884899633157,0.038302333617064366,0.0
SOLUSDT-15m,volq=2,2612,0.5781010719754976,0.9188361408882083,0.8870597243491577,1,0.0,28.135223766275864,7.860460341314807,0.013847582535805536,0.0326
SOLUSDT-15m,volq=3,2684,0.5342771982116244,0.9046199701937406,0.8614008941877794,2,0.0,32.838495247241724,21.888062733752733,-0.003792450335145414,0.5589
SOLUSDT-15m,volq=4,2739,0.4424972617743702,0.841548010222709,0.7871485943775101,2,0.0,37.07148377631371,7.669382783988638,-0.08288243986063981,0.0
SOLUSDT-15m,volq_ge=2,8035,0.5172370877411325,0.8877411325451151,0.8444306160547604,2,0.0,32.484185330826605,13.136853905853293,-0.04900914008302015,0.0
SOLUSDT-15m,volq_ge=3,5423,0.4879218144938226,0.8727641526830168,0.8238982113221465,2,0.0,34.80608040914967,17.434179173717844,-0.0582193326509739,0.0
SOLUSDT-15m,typ=1,10580,0.5481096408317581,0.9017013232514177,0.8626654064272212,2,0.0,28.593311282101855,14.706701848472603,-0.02728075317739531,0.0
SOLUSDT-15m,typ=2,2957,0.6273249915454853,0.928982076428813,0.9036185322962462,1,0.0,27.629513343798916,5.14285392380169,0.02728075317739531,0.0
SOLUSDT-15m,rng_q=0,3371,0.6662711361613765,0.9418570157223376,0.9207950163156333,1,0.0,24.650780608053523,12.423930637745455,0.04553594548822393,0.0
SOLUSDT-15m,rng_q=1,3009,0.6168162180126288,0.9328680624792289,0.902625456962446,1,0.0,25.6234584817755,16.269492592778416,0.032412135427557165,0.0
SOLUSDT-15m,rng_q=2,2619,0.5555555555555556,0.9171439480717831,0.8785796105383734,2,0.0,29.18975235604428,5.226536477585316,0.011758346313219259,0.0697
SOLUSDT-15m,rng_q=3,2331,0.5156585156585156,0.8837408837408838,0.8421278421278421,2,0.0,30.28277851781747,-1.432739278645421,-0.028895204069217972,0.0
SOLUSDT-15m,rng_q=4,2207,0.4055278658812868,0.835070231082918,0.7770729497054826,3,0.0,40.235666043971996,22.677253812856904,-0.0867302984846019,0.0
SOLUSDT-15m,reg=1,7691,0.5542842283188142,0.9024834221817709,0.8662072552333897,2,0.0,26.019080659149488,8.246656591886438,-0.011988011277004329,0.0219
SOLUSDT-15m,reg=2,5789,0.5793746761098635,0.9141475211608222,0.8782173086888927,2,0.0,31.980155841855257,16.633695994141306,0.011333891837125742,0.0291
SOLUSDT-15m,C1_wick8_trend_up,5112,0.5273865414710485,0.8877151799687011,0.8511345852895149,2,0.0,32.5791241411678,13.753029594813636,-0.032047431307263285,
SOLUSDT-15m,C2_wick8_sma_above,7026,0.5306006262453743,0.8915456874466268,0.8524053515513806,2,0.0,30.121277797338685,13.433704918692351,-0.033504228080942,
SOLUSDT-15m,C3_wick8_quietvol,4963,0.6244207132782591,0.9347169050977232,0.9089260527906509,1,0.0,24.634334103155744,7.542761544628638,0.0427178381511405,
SOLUSDT-15m,C4_wick8_bear_regime,52,0.6730769230769231,0.9423076923076923,0.9230769230769231,1,0.0,26.836374789142337,-53.252690783343354,0.034780810587262234,
SOLUSDT-15m,C6_wick910_dipbuy,3109,0.5445480862013509,0.909938887101962,0.8668382116436153,2,0.0,28.898254063815937,18.247669177119022,0.0029576826524031485,
SOLUSDT-1h,uwd=7,332,0.6295180722891566,0.927710843373494,0.9066265060240963,1,0.0,44.158157203603,11.835975683336766,0.022630629469750696,0.2697
SOLUSDT-1h,uwd=8,996,0.6114457831325302,0.9236947791164659,0.8975903614457831,1,0.0,54.220168477959376,14.707950424675134,0.023351136504782044,0.078
SOLUSDT-1h,uwd=9,998,0.5490981963927856,0.9138276553106213,0.8777555110220441,2,0.0,64.75883652016522,32.44102428895506,0.009270475602968675,0.4805
SOLUSDT-1h,uwd=10,998,0.4619238476953908,0.8777555110220441,0.8266533066132264,2,0.0,67.24231898368976,13.887049985113533,-0.04227888278707026,0.0006
SOLUSDT-1h,uwd_ge=8,2992,0.5407754010695187,0.9050802139037433,0.8673128342245989,2,0.0,60.81468506694233,16.308772714576794,-0.022630629469750696,0.2697
SOLUSDT-1h,uwd_ge=9,1996,0.5055110220440882,0.8957915831663327,0.8522044088176353,2,0.0,65.38958043556755,22.97051255144202,-0.02890721201439017,0.0171
SOLUSDT-1h,uwd_ge=10,998,0.4619238476953908,0.8777555110220441,0.8266533066132264,2,0.0,67.24231898368976,13.887049985113533,-0.04227888278707026,0.0006
SOLUSDT-1h,trend=0,640,0.571875,0.9203125,0.8828125,2,0.0,66.74051251500953,-17.753685972953313,0.016065108047690013,0.2798
SOLUSDT-1h,trend=1,627,0.5773524720893142,0.9186602870813397,0.8963317384370016,2,0.0,50.18977041783529,52.75708714995187,0.013951351226686448,0.3473
SOLUSDT-1h,trend=2,673,0.5304606240713224,0.9078751857355126,0.8707280832095097,2,0.0,51.8271257905842,-6.630740521001875,0.0006703573688585651,0.9573
SOLUSDT-1h,trend=3,685,0.5401459854014599,0.8875912408759125,0.8540145985401459,2,0.0,59.78265881517822,-8.531667859450916,-0.024875602625413773,0.0883
SOLUSDT-1h,trend=4,699,0.5321888412017167,0.9041487839771102,0.8555078683834049,2,0.0,80.92899414393435,79.78659607007842,-0.004041692213366033,0.8049
SOLUSDT-1h,trend_ge=1,2684,0.5443368107302533,0.90424739195231,0.8684798807749627,2,0.0,58.26690905700834,36.39753677570265,-0.016065108047690013,0.2798
SOLUSDT-1h,trend_ge=2,2057,0.5342732134175985,0.8998541565386485,0.8599902771025766,2,0.0,61.6191812580069,27.46707743730431,-0.019640713232464302,0.1013
SOLUSDT-1h,trend_ge=3,1384,0.5361271676300579,0.8959537572254336,0.8547687861271677,2,0.0,68.36291934847748,50.98858032502566,-0.019510160300339585,0.1013
SOLUSDT-1h,smaal=-1,1438,0.5528511821974965,0.9144645340751043,0.8783031988873435,2,0.0,56.69332864551346,-13.436726202151823,0.012555732378391693,0.2802
SOLUSDT-1h,smaal=1,1880,0.5473404255319149,0.901595744680851,0.8654255319148936,2,0.0,61.50946628972873,48.96011249506186,-0.013224199917486912,0.2798
SOLUSDT-1h,prev=-1,1608,0.5715174129353234,0.917910447761194,0.878731343283582,2,0.0,54.62898940694747,40.95956928905106,0.020474550325296548,0.0863
SOLUSDT-1h,prev=1,1705,0.5290322580645161,0.8973607038123167,0.864516129032258,2,0.0,63.68314237056087,4.551799933841495,-0.020489821203124925,0.0863
SOLUSDT-1h,volq=0,689,0.6560232220609579,0.9433962264150944,0.9216255442670537,1,0.0,43.70369044501924,33.036387513949734,0.04548351294260855,0.001
SOLUSDT-1h,volq=1,622,0.6302250803858521,0.9469453376205788,0.9083601286173634,1,0.0,50.33557046979937,-3.7281054228843002,0.04872179950066757,0.0007
SOLUSDT-1h,volq=2,666,0.5675675675675675,0.9039039039039038,0.8798798798798799,2,0.0,55.55526236216889,-9.013313907910295,-0.004297751476081135,0.8049
SOLUSDT-1h,volq=3,669,0.4828101644245142,0.9043348281016442,0.8639760837070254,2,0.0,73.88092133854784,26.336552193079385,-0.0037631003352672776,0.8049
SOLUSDT-1h,volq=4,678,0.415929203539823,0.8407079646017699,0.7846607669616519,3,0.0,83.452303072055,44.30022860178939,-0.08370624552672601,0.0
SOLUSDT-1h,volq_ge=2,2013,0.4883258817685047,0.882762046696473,0.8425235966219573,2,0.0,70.36144578313292,5.217871419292857,-0.062318044836707776,0.0
SOLUSDT-1h,volq_ge=3,1347,0.4491462509279881,0.8723088344469191,0.8240534521158129,2,0.0,79.25724637681128,32.086309665868626,-0.05890006793042035,0.0
SOLUSDT-1h,typ=1,2512,0.5318471337579618,0.8996815286624203,0.8594745222929936,2,0.0,60.148512809211034,14.772109000646644,-0.031352954096200314,0.0199
SOLUSDT-1h,typ=2,812,0.604679802955665,0.9310344827586207,0.9076354679802956,1,0.0,56.474786410205304,18.579419559706604,0.031352954096200314,0.0199
SOLUSDT-1h,rng_q=0,777,0.7078507078507078,0.954954954954955,0.9317889317889317,1,0.0,45.23355771572153,62.60109229898925,0.062139878394295356,0.0
SOLUSDT-1h,rng_q=1,736,0.5733695652173914,0.9239130434782609,0.8994565217391305,2,0.0,54.638506817452516,7.242427951414796,0.021285531886298004,0.1314
SOLUSDT-1h,rng_q=2,669,0.5680119581464873,0.8998505231689088,0.8654708520179372,2,0.0,51.84782587978066,4.9971401109951765,-0.00937734877082752,0.5305
SOLUSDT-1h,rng_q=3,596,0.4513422818791946,0.9043624161073825,0.8590604026845637,3,0.0,81.62717625879215,53.83092994113061,-0.003628786238658477,0.8049
SOLUSDT-1h,rng_q=4,546,0.3772893772893773,0.8296703296703297,0.7673992673992674,3,0.0,88.95973672031586,11.656446485211648,-0.09293586183434988,0.0
SOLUSDT-1h,reg=1,1867,0.5382967327262989,0.8950187466523835,0.8580610605249063,2,0.0,53.49500713266711,1.1104298773338148,-0.028110971947479246,0.0176
SOLUSDT-1h,reg=2,1438,0.5632823365785814,0.9221140472878998,0.8866481223922114,2,0.0,68.2840412427875,52.13604089528688,0.0260376952200313,0.0258
SOLUSDT-1h,C1_wick8_trend_up,1250,0.528,0.896,0.8512,2,0.0,70.47927915267046,54.89196177861484,-0.018175506268080954,
SOLUSDT-1h,C2_wick8_sma_above,1695,0.5380530973451327,0.9008849557522124,0.8619469026548673,2,0.0,64.03635612476808,40.00669830153438,-0.013172748360740338,
SOLUSDT-1h,C3_wick8_quietvol,1199,0.6338615512927439,0.9424520433694745,0.9107589658048374,1,0.0,48.69443979434766,22.260600203171162,0.054922631604768624,
SOLUSDT-1h,C6_wick910_dipbuy,749,0.5340453938584779,0.9038718291054739,0.8731642189586115,2,0.0,60.82656702160634,12.11038955897801,-0.0044776854576328295,
SOLUSDT-30m,uwd=7,684,0.6622807017543859,0.9371345029239766,0.922514619883041,1,0.0,37.16871363930137,11.182059761071518,0.03578116850362767,0.0054
SOLUSDT-30m,uwd=8,2044,0.6105675146771037,0.9227005870841487,0.8962818003913894,1,0.0,39.67034885311705,30.3730591976698,0.025361387419367665,0.0029
SOLUSDT-30m,uwd=9,2044,0.5386497064579256,0.9016634050880626,0.860078277886497,2,0.0,41.744208762171716,13.510771668559663,-0.004684803585727426,0.6821
SOLUSDT-30m,uwd=10,2045,0.454278728606357,0.8797066014669926,0.832762836185819,2,0.0,47.619047619047166,13.177226042544367,-0.03605199031842232,0.0
SOLUSDT-30m,uwd_ge=8,6133,0.5344855698679276,0.9013533344203489,0.863036034567096,2,0.0,42.72913830835362,24.16526960872245,-0.03578116850362767,0.0054
SOLUSDT-30m,uwd_ge=9,4089,0.49645390070921985,0.8906823184152605,0.8464172169234532,2,0.0,44.04049952369143,17.75306502702863,-0.03563732967858113,0.0
SOLUSDT-30m,uwd_ge=10,2045,0.454278728606357,0.8797066014669926,0.832762836185819,2,0.0,47.619047619047166,13.177226042544367,-0.03605199031842232,0.0
SOLUSDT-30m,trend=0,1263,0.5455265241488519,0.9073634204275535,0.8764845605700713,2,0.0,48.91585649989765,9.693605498547011,0.0029701903231241777,0.8266
SOLUSDT-30m,trend=1,1350,0.5814814814814815,0.914074074074074,0.8777777777777778,2,0.0,33.90919045025582,1.5878525926732578,0.011385213638734681,0.2939
SOLUSDT-30m,trend=2,1381,0.5423606082548877,0.9029688631426502,0.8682114409847936,2,0.0,34.245474131000016,3.531012513641402,-0.0024763171369671655,0.8266
SOLUSDT-30m,trend=3,1456,0.5583791208791209,0.907967032967033,0.8736263736263736,2,0.0,38.90544871712966,20.841185321311,0.0038446677366654747,0.7934
SOLUSDT-30m,trend=4,1367,0.5084125822970007,0.8924652523774689,0.8493050475493782,2,0.0,57.95113408923787,70.382859339423,-0.015608142117943924,0.1374
SOLUSDT-30m,trend_ge=1,5554,0.5477133597407274,0.9043932301044293,0.8673028447965431,2,0.0,40.72106073397266,23.5746122076487,-0.0029701903231241777,0.8266
SOLUSDT-30m,trend_ge=2,4204,0.5368696479543292,0.9012844909609895,0.8639391056137012,2,0.0,42.832001017789736,29.77876657840499,-0.009545972108279566,0.2912
SOLUSDT-30m,trend_ge=3,2823,0.5341834927382217,0.9004605030109812,0.8618490967056323,2,0.0,46.175808354049515,40.01472131340794,-0.007651665241397376,0.3886
SOLUSDT-30m,smaal=-1,2952,0.5609756097560976,0.9122628726287263,0.8766937669376694,2,0.0,39.731638526624494,2.908412638867889,0.012909703159127317,0.1322
SOLUSDT-30m,smaal=1,3859,0.5369266649391033,0.8991966830785177,0.8629178543664162,2,0.0,43.43468092215135,35.59847660112301,-0.01324415532580947,0.1257
SOLUSDT-30m,prev=-1,3255,0.5609831029185868,0.9105990783410138,0.8758832565284178,2,0.0,41.35285810306415,17.717063818977277,0.010823671266336654,0.2134
SOLUSDT-30m,prev=1,3520,0.5346590909090909,0.9,0.8630681818181818,2,0.0,42.57978903157395,18.16552412654261,-0.010221413406126811,0.2393
SOLUSDT-30m,volq=0,1388,0.6577809798270894,0.952449567723343,0.9279538904899135,1,0.0,30.079137689361936,39.71583011672465,0.05965163071836965,0.0
SOLUSDT-30m,volq=1,1376,0.5799418604651163,0.9215116279069767,0.8953488372093024,2,0.0,39.967612655550724,16.11373590277628,0.020758089954394432,0.0391
SOLUSDT-30m,volq=2,1330,0.5571428571428572,0.9135338345864662,0.8819548872180452,2,0.0,42.4739105951125,5.781106311358963,0.010672526038990382,0.3273
SOLUSDT-30m,volq=3,1320,0.5212121212121212,0.9,0.8636363636363636,2,0.0,45.771931635569686,9.690596319343777,-0.006130616700018132,0.642
SOLUSDT-30m,volq=4,1403,0.421240199572345,0.8382038488952245,0.7776193870277975,2,0.0,58.898402228369115,11.649153841280384,-0.0840347916662827,0.0
SOLUSDT-30m,volq_ge=2,4053,0.49839624969158647,0.8830495928941525,0.839871699975327,2,0.0,47.5163711867113,13.241911652644445,-0.05399816397994295,0.0
SOLUSDT-30m,volq_ge=3,2723,0.46970253396988615,0.868160117517444,0.8193169298567756,2,0.0,50.73852531770963,20.95501217793612,-0.06124877354264391,0.0
SOLUSDT-30m,typ=1,5250,0.524,0.8984761904761904,0.8592380952380952,2,0.0,43.65345869711301,20.266044625699507,-0.02813516880906808,0.0025
SOLUSDT-30m,typ=2,1567,0.6253988513082323,0.9266113592852585,0.9017230376515635,1,0.0,37.54089225085383,18.777317647261125,0.02813516880906808,0.0025
SOLUSDT-30m,rng_q=0,1704,0.6731220657276995,0.9571596244131455,0.9354460093896714,1,0.0,32.55401006214839,46.78301143564234,0.06961806368558832,0.0
SOLUSDT-30m,rng_q=1,1457,0.5909402882635553,0.9286204529855868,0.9032258064516129,2,0.0,38.97294818890391,9.267606974760918,0.030112990299019704,0.0018
SOLUSDT-30m,rng_q=2,1354,0.5420974889217134,0.9062038404726735,0.8692762186115214,2,0.0,44.29577464788667,0.8284045533455107,0.0015726854296569392,0.8851
SOLUSDT-30m,rng_q=3,1190,0.4907563025210084,0.880672268907563,0.8344537815126051,2,0.0,49.24128526325752,10.519673081411334,-0.029404148366295124,0.0042
SOLUSDT-30m,rng_q=4,1112,0.3642086330935252,0.8183453237410072,0.7589928057553957,3,0.0,62.739943309671716,6.190203403888529,-0.1034776385727526,0.0
SOLUSDT-30m,reg=1,3963,0.5498359828412819,0.9051223820338128,0.8670199343931365,2,0.0,38.87472306984909,20.153341422050353,0.00042721735266348926,0.9527
SOLUSDT-30m,reg=2,2815,0.5424511545293073,0.9037300177619894,0.8706927175843695,2,0.0,47.15771956231606,23.515191027809166,-0.002067083687286031,0.8266
SOLUSDT-30m,C1_wick8_trend_up,2554,0.5227094753328113,0.8981989036805011,0.855912294440094,2,0.0,46.10413800953074,45.814508010047874,-0.010785379688018626,
SOLUSDT-30m,C2_wick8_sma_above,3486,0.525530694205393,0.8967297762478486,0.8580034423407917,2,0.0,43.45352266273288,32.44117951258152,-0.016809701386495512,
SOLUSDT-30m,C3_wick8_quietvol,2472,0.6096278317152104,0.9356796116504854,0.9077669902912622,1,0.0,35.507726344685125,25.05922020553621,0.04822276469996756,
SOLUSDT-30m,C6_wick910_dipbuy,1566,0.5185185185185185,0.8959131545338442,0.8575989782886334,2,0.0,43.08191808191718,1.6841876306845658,-0.011723486106033909,
SOLUSDT-4h,uwd=7,82,0.6951219512195121,0.9390243902439024,0.8902439024390244,1,0.0,74.07987645893783,150.48042705067144,0.00639559235750875,0.922
SOLUSDT-4h,uwd=8,252,0.5873015873015873,0.9404761904761905,0.9126984126984127,1,0.0,126.28102384768519,170.17269633821405,0.010322868500040605,0.9094
SOLUSDT-4h,uwd=9,252,0.5674603174603174,0.9206349206349206,0.8928571428571429,2,0.0,141.006388889753,231.35472932208108,-0.01803628890511344,0.9047
SOLUSDT-4h,uwd=10,253,0.4980237154150198,0.9367588932806324,0.8972332015810277,2,0.0,140.20488794098077,276.35166450797675,0.00501827894616147,0.922
SOLUSDT-4h,uwd_ge=8,757,0.5508586525759577,0.9326287978863936,0.9009247027741083,2,0.0,136.1735998987965,233.32219476715596,-0.00639559235750875,0.922
SOLUSDT-4h,uwd_ge=9,505,0.5326732673267327,0.9287128712871288,0.8950495049504951,2,0.0,140.58367744629555,274.7347812356274,-0.011406889191913128,0.9047
SOLUSDT-4h,uwd_ge=10,253,0.4980237154150198,0.9367588932806324,0.8972332015810277,2,0.0,140.20488794098077,276.35166450797675,0.00501827894616147,0.922
SOLUSDT-4h,trend=0,179,0.5698324022346368,0.9497206703910615,0.9273743016759777,2,0.0,155.3893910834243,227.43585506096542,0.02093279160318262,0.9047
SOLUSDT-4h,trend=1,171,0.5614035087719298,0.9298245614035088,0.9005847953216374,2,0.0,123.34440853852843,93.7340231614397,-0.004307175123437368,0.922
SOLUSDT-4h,trend=2,164,0.5548780487804879,0.926829268292683,0.9024390243902439,1,0.0,94.91238829725644,208.59624093012562,-0.007985546522131792,0.922
SOLUSDT-4h,trend=3,164,0.5487804878048781,0.926829268292683,0.8719512195121951,2,0.0,124.5252046116026,203.68704260156215,-0.007985546522131792,0.922
SOLUSDT-4h,trend=4,161,0.5900621118012422,0.9316770186335404,0.8944099378881988,2,0.0,144.3359144814222,363.64230914231797,-0.0019512999505304496,0.9454
SOLUSDT-4h,trend_ge=1,660,0.5636363636363636,0.9287878787878788,0.8924242424242425,2,0.0,123.23305545487473,215.43266624939164,-0.02093279160318262,0.9047
SOLUSDT-4h,trend_ge=2,489,0.5644171779141104,0.9284253578732107,0.8895705521472392,2,0.0,122.00760705920192,262.0110469978785,-0.01157464212678927,0.9047
SOLUSDT-4h,trend_ge=3,325,0.5692307692307692,0.9292307692307692,0.8830769230769231,2,0.0,135.05825219619507,282.92642079559806,-0.006566896138880618,0.922
SOLUSDT-4h,smaal=-1,381,0.5538057742782152,0.9396325459317585,0.916010498687664,2,0.0,147.6983828471711,161.2286908429926,0.011684947678483382,0.9047
SOLUSDT-4h,smaal=1,453,0.5739514348785872,0.9271523178807947,0.8896247240618101,2,0.0,121.12254230029927,292.05339216520304,-0.013262189891226073,0.9047
SOLUSDT-4h,prev=-1,373,0.5924932975871313,0.938337801608579,0.9115281501340483,2,0.0,121.27821270029344,203.07546393256604,0.009153252252355859,0.9094
SOLUSDT-4h,prev=1,465,0.5440860215053763,0.9290322580645162,0.8903225806451613,2,0.0,137.28851150592578,272.2884961867641,-0.00947041573227525,0.9094
SOLUSDT-4h,volq=0,171,0.6198830409356725,0.9532163742690059,0.9473684210526315,1,0.0,118.85546588407853,187.7373848417767,0.025072661694155562,0.9047
SOLUSDT-4h,volq=1,164,0.6402439024390244,0.9634146341463414,0.9451219512195121,2,0.0,132.86228735197443,236.95029372688236,0.0374887082204155,0.5891
SOLUSDT-4h,volq=2,172,0.5988372093023255,0.936046511627907,0.8895348837209303,2,0.0,128.62003153265383,119.97627985780514,0.003512778494473734,0.922
SOLUSDT-4h,volq=3,180,0.5444444444444444,0.9222222222222223,0.8944444444444445,2,0.0,114.78743536603761,264.585490728363,-0.014044849097959777,0.9047
SOLUSDT-4h,volq=4,152,0.40789473684210525,0.8881578947368421,0.8157894736842105,3,0.0,167.7103886077043,290.06323251479836,-0.05507354631119277,0.1636
SOLUSDT-4h,volq_ge=2,504,0.5218253968253969,0.9166666666666666,0.8690476190476191,2,0.0,135.35314291034808,263.2305281948974,-0.04154228855721398,0.1636
SOLUSDT-4h,volq_ge=3,332,0.4819277108433735,0.9066265060240963,0.858433734939759,2,0.0,139.8086828550404,276.285239222436,-0.04406382928162356,0.1636
SOLUSDT-4h,typ=1,641,0.5616224648985959,0.9297971918876755,0.8985959438377535,2,0.0,128.5404612281052,200.53258233306593,-0.014647252556768908,0.9047
SOLUSDT-4h,typ=2,198,0.5757575757575758,0.9444444444444444,0.9040404040404041,2,0.0,135.81129378127198,235.01377904029516,0.014647252556768908,0.9047
SOLUSDT-4h,rng_q=0,199,0.6733668341708543,0.949748743718593,0.9447236180904522,1,0.0,118.85546588407853,202.40327672744513,0.02162374371859299,0.9047
SOLUSDT-4h,rng_q=1,204,0.6372549019607843,0.9509803921568627,0.9313725490196079,1,0.0,132.14672924633896,147.45445576138303,0.023421337038752488,0.9047
SOLUSDT-4h,rng_q=2,157,0.554140127388535,0.9299363057324841,0.8853503184713376,1,0.0,125.83019797787486,101.69661835405485,-0.004081289575433744,0.922
SOLUSDT-4h,rng_q=3,147,0.4897959183673469,0.9319727891156463,0.891156462585034,2,0.0,117.66676437335069,402.2308142148667,-0.0015532224450472976,0.9454
SOLUSDT-4h,rng_q=4,132,0.38636363636363635,0.8863636363636364,0.8106060606060606,3,0.0,152.21615619505903,286.8131342544561,-0.05564485019930565,0.1636
SOLUSDT-4h,reg=1,487,0.5482546201232033,0.944558521560575,0.9096509240246407,2,0.0,125.38117582425755,254.20669954529075,0.026944885196938606,0.6139
SOLUSDT-4h,reg=2,347,0.590778097982709,0.9164265129682997,0.8847262247838616,2,0.0,134.79839985215216,214.0397298759826,-0.028695438251212457,0.5891
SOLUSDT-4h,C1_wick8_trend_up,298,0.5671140939597316,0.9261744966442953,0.8859060402684564,2,0.0,135.55674167849088,292.367445391622,-0.01097892294905034,
SOLUSDT-4h,C2_wick8_sma_above,411,0.559610705596107,0.9245742092457421,0.8905109489051095,2,0.0,125.39551829263671,286.87087559413993,-0.017014575800986864,
SOLUSDT-4h,C3_wick8_quietvol,300,0.6266666666666667,0.9566666666666667,0.9466666666666667,2,0.0,125.37937210806453,211.60044525369943,0.03644403215831782,
SOLUSDT-4h,C6_wick910_dipbuy,195,0.5487179487179488,0.9487179487179487,0.9230769230769231,2,0.0,155.46543066821127,201.98585791398003,0.020146520146520075,
SOLUSDT-5m,uwd=7,4236,0.6586402266288952,0.9256373937677054,0.8996694995278565,1,0.0,13.978682509173213,2.5106562249957984,0.024999113532287676,0.0
SOLUSDT-5m,uwd=8,12065,0.631578947368421,0.9197679237463738,0.8905097389142147,1,0.0,14.510497437990308,0.3890649395280097,0.02353352560801969,0.0
SOLUSDT-5m,uwd=9,12064,0.5636604774535809,0.9064157824933687,0.8689489389920424,2,0.0,15.68354099503414,4.9443487361821274,0.004501316463682126,0.1755
SOLUSDT-5m,uwd=10,12062,0.4660089537390151,0.8757254186702039,0.8297960537224341,2,0.0,17.251755265797666,2.672062800613807,-0.03924020798236083,0.0
SOLUSDT-5m,uwd_ge=8,36191,0.5537564587880965,0.9006382802354177,0.8630875079439639,2,0.0,15.612802498048355,2.3678444191925507,-0.024999113532287676,0.0
SOLUSDT-5m,uwd_ge=9,24126,0.5148387631600763,0.8910718726684904,0.849374119207494,2,0.0,16.37632131630459,2.715040041146291,-0.03022129952953423,0.0
SOLUSDT-5m,uwd_ge=10,12062,0.4660089537390151,0.8757254186702039,0.8297960537224341,2,0.0,17.251755265797666,2.672062800613807,-0.03924020798236083,0.0
SOLUSDT-5m,trend=0,8207,0.5947362008041915,0.9175094431582795,0.8827829901303765,2,0.0,18.685452787264612,10.712044400702252,0.0178818826368643,0.0
SOLUSDT-5m,trend=1,7851,0.5806903579161891,0.9174627435995415,0.8849828047382499,2,0.0,12.639561828523757,-1.3216076876738296,0.017628509807792958,0.0
SOLUSDT-5m,trend=2,7785,0.573538856775851,0.9085420680796403,0.8777135517019911,2,0.0,11.384479160078858,1.3567440728365956,0.006544641451370015,0.0945
SOLUSDT-5m,trend=3,7950,0.5445283018867925,0.899245283018868,0.8616352201257862,2,0.0,14.3088216996403,0.26575376082513535,-0.004994640619399138,0.187
SOLUSDT-5m,trend=4,8634,0.5324299281908733,0.8757238823256891,0.830553625202687,2,0.0,22.474568251716576,-1.9704501139084614,-0.03501118514199242,0.0
SOLUSDT-5m,trend_ge=1,32220,0.5571073867163253,0.8996275605214152,0.8628801986343886,2,0.0,14.735573240856127,0.6018862542949209,-0.0178818826368643,0.0
SOLUSDT-5m,trend_ge=2,24369,0.5495096228815298,0.8938815708482087,0.8557593664081415,2,0.0,15.462468372223704,0.9081520601070127,-0.02360504018678944,0.0
SOLUSDT-5m,trend_ge=3,16584,0.5382296189097926,0.8869995176073324,0.8454534491075736,2,0.0,17.857142857142794,0.5134791378180323,-0.02756660242789799,0.0
SOLUSDT-5m,smaal=-1,17116,0.5831385837812573,0.9156344940406637,0.8811053984575835,2,0.0,15.080745812777336,5.555194860543383,0.02146435976928962,0.0
SOLUSDT-5m,smaal=1,23307,0.5512506972154289,0.8941519715107049,0.8564808855708586,2,0.0,15.639183027053225,1.4365764905234246,-0.021502234096771766,0.0
SOLUSDT-5m,prev=-1,19447,0.5810664884043811,0.9115544814110146,0.8775132411168818,2,0.0,14.530776992935547,3.000741835400419,0.01598727454733484,0.0
SOLUSDT-5m,prev=0,727,0.547455295735901,0.8995873452544704,0.8610729023383769,2,0.0,11.118111367310222,6.578699397685784,-0.003737591773237403,0.7355
SOLUSDT-5m,prev=1,20253,0.5496963412827729,0.895422900311065,0.8569594627956352,2,0.0,16.557345730114683,1.6876899073561447,-0.015700327606056108,0.0
SOLUSDT-5m,volq=0,8123,0.6267388895728179,0.9303213098608888,0.9033608272805613,1,0.0,12.60334744908176,4.566680364350344,0.03386885815212204,0.0
SOLUSDT-5m,volq=1,8235,0.6112932604735883,0.9216757741347905,0.8905889496053431,1,0.0,14.538406475104543,3.3191394016798097,0.023129551470774556,0.0
SOLUSDT-5m,volq=2,8179,0.5719525614378286,0.9092798630639443,0.8767575498227167,2,0.0,15.276203617010204,3.7457239751672846,0.007549523197906027,0.0483
SOLUSDT-5m,volq=3,7853,0.5517636572010697,0.8987648032599007,0.8613268814465809,2,0.0,16.800442907414073,2.7652356930358875,-0.00557608210879823,0.1497
SOLUSDT-5m,volq=4,8037,0.4597486624362324,0.8552942640288665,0.8012940151797935,2,0.0,19.311772181841686,-1.6393939636222816,-0.05986473566239614,0.0
SOLUSDT-5m,volq_ge=2,24069,0.5278989571648178,0.8878225102829366,0.8465245751796917,2,0.0,16.94516356789897,1.1069621943963661,-0.0381464345758481,0.0
SOLUSDT-5m,volq_ge=3,15890,0.5052234109502832,0.8767778477029579,0.8309628697293896,2,0.0,18.072454726649696,0.9761403057478513,-0.04362806989087997,0.0
SOLUSDT-5m,typ=1,32616,0.5462043168996812,0.8988839833210694,0.8607125337257787,2,0.0,15.621196536912217,1.6288882857456937,-0.022636948697878245,0.0
SOLUSDT-5m,typ=2,7811,0.6421712968890027,0.9215209320189477,0.8928434259377801,1,0.0,14.685117245378482,3.263308627623564,0.022636948697878245,0.0
SOLUSDT-5m,rng_q=0,10114,0.6634368202491596,0.9346450464702393,0.9114099268340914,1,0.0,13.413816230717353,2.1731280029820392,0.041859772825268426,0.0
SOLUSDT-5m,rng_q=1,9187,0.6056384020899096,0.9230434309350168,0.8926744312615652,1,0.0,14.56697394632036,2.605411967603487,0.025604250397244788,0.0
SOLUSDT-5m,rng_q=2,8217,0.5588414263113058,0.9070220275039552,0.8695387611050261,2,0.0,15.70943823048888,2.718359211925938,0.004724604343446015,0.2014
SOLUSDT-5m,rng_q=3,6921,0.5035399508741512,0.8841207917930934,0.8443866493281318,2,0.0,16.791781904386838,2.994062280933562,-0.02308985704592048,0.0
SOLUSDT-5m,rng_q=4,5988,0.4141616566466266,0.8368403473613895,0.7747160988643954,3,0.0,20.11956771671616,1.8059938642200812,-0.07796554131133626,0.0
SOLUSDT-5m,reg=0,184,0.5760869565217391,0.8695652173913043,0.8478260869565217,1,0.0,11.697374566763841,-21.57679341141953,-0.03384655608482812,0.1402
SOLUSDT-5m,reg=1,22824,0.5580529267437785,0.9002365930599369,0.8647038205397827,2,0.0,14.083772364509427,2.058769861189104,-0.006938320307102841,0.0246
SOLUSDT-5m,reg=2,17419,0.5733968654917044,0.907572191285378,0.8700269820311155,2,0.0,17.350422566741695,3.2200335163413474,0.007580883914028891,0.0141
SOLUSDT-5m,C1_wick8_trend_up,14942,0.5265694016865212,0.88441975639138,0.8411859188863606,2,0.0,18.197446870770516,-0.307000919560677,-0.029882774509149668,
SOLUSDT-5m,C2_wick8_sma_above,20896,0.5392419601837672,0.8906967840735069,0.8516462480857581,2,0.0,15.98693242528433,0.8024312130391069,-0.025999749642124592,
SOLUSDT-5m,C3_wick8_quietvol,14606,0.6086539778173353,0.9249623442420923,0.8952485280021909,1,0.0,13.765151245604947,4.495282643718966,0.03398213433542718,
SOLUSDT-5m,C4_wick8_bear_regime,172,0.563953488372093,0.8604651162790697,0.8372093023255814,1,0.0,12.573270840746535,-27.41608118989915,-0.042975450110198654,
SOLUSDT-5m,C6_wick910_dipbuy,9473,0.5386889053098279,0.906259896548084,0.8684682782645413,2,0.0,16.271387012473596,6.022191004346782,0.003920941970323444,
