series,cond,entry,f,sl,N,net_taker,net_maker,ci_lo_m,ci_hi_m,wr,pf,sig_maker
SOLUSDT-5m,ALL,MKT,1.0,low,40427,-16.12,-9.12,-9.5,-8.8,0.441,0.63,False
SOLUSDT-5m,quiet,MKT,1.0,low,16358,-16.51,-9.51,-9.9,-9.1,0.428,0.53,False
SOLUSDT-5m,uwd78,MKT,1.0,low,16301,-17.19,-10.19,-10.8,-9.6,0.509,0.58,False
SOLUSDT-5m,uwd79,MKT,1.0,low,28365,-16.72,-9.72,-10.1,-9.3,0.478,0.6,False
SOLUSDT-5m,prevBear,MKT,1.0,low,19447,-16.08,-9.08,-9.7,-8.5,0.451,0.63,False
SOLUSDT-5m,smaBelow,MKT,1.0,low,17116,-16.0,-9.0,-9.6,-8.4,0.453,0.64,False
SOLUSDT-5m,C3_w8q,MKT,1.0,low,14606,-16.31,-9.31,-9.7,-8.9,0.421,0.54,False
SOLUSDT-5m,C6_w9dip,MKT,1.0,low,9473,-14.84,-7.84,-8.6,-7.0,0.414,0.72,False
SOLUSDT-5m,CQ7_w78q,MKT,1.0,low,6458,-17.66,-10.66,-11.3,-10.1,0.482,0.46,False
SOLUSDT-5m,ALL,MKT,1.0,mid,40427,-16.08,-9.08,-9.4,-8.7,0.413,0.62,False
SOLUSDT-5m,quiet,MKT,1.0,mid,16358,-16.53,-9.53,-9.9,-9.2,0.401,0.51,False
SOLUSDT-5m,uwd78,MKT,1.0,mid,16301,-17.13,-10.13,-10.8,-9.6,0.475,0.56,False
SOLUSDT-5m,uwd79,MKT,1.0,mid,28365,-16.7,-9.7,-10.1,-9.3,0.446,0.59,False
SOLUSDT-5m,prevBear,MKT,1.0,mid,19447,-16.02,-9.02,-9.6,-8.5,0.424,0.62,False
SOLUSDT-5m,smaBelow,MKT,1.0,mid,17116,-15.93,-8.93,-9.5,-8.3,0.424,0.63,False
SOLUSDT-5m,C3_w8q,MKT,1.0,mid,14606,-16.36,-9.36,-9.7,-9.0,0.394,0.53,False
SOLUSDT-5m,C6_w9dip,MKT,1.0,mid,9473,-14.83,-7.83,-8.5,-7.0,0.39,0.7,False
SOLUSDT-5m,CQ7_w78q,MKT,1.0,mid,6458,-17.73,-10.73,-11.3,-10.2,0.444,0.43,False
SOLUSDT-5m,ALL,MKT,1.5,low,40427,-14.24,-7.24,-7.7,-6.8,0.401,0.78,False
SOLUSDT-5m,quiet,MKT,1.5,low,16358,-14.59,-7.59,-8.0,-7.2,0.4,0.7,False
SOLUSDT-5m,uwd78,MKT,1.5,low,16301,-15.18,-8.18,-8.9,-7.5,0.474,0.74,False
SOLUSDT-5m,uwd79,MKT,1.5,low,28365,-14.81,-7.81,-8.3,-7.3,0.441,0.75,False
SOLUSDT-5m,prevBear,MKT,1.5,low,19447,-14.1,-7.1,-7.7,-6.5,0.413,0.79,False
SOLUSDT-5m,smaBelow,MKT,1.5,low,17116,-14.0,-7.0,-7.7,-6.3,0.414,0.8,False
SOLUSDT-5m,C3_w8q,MKT,1.5,low,14606,-14.36,-7.36,-7.8,-6.9,0.392,0.72,False
SOLUSDT-5m,C6_w9dip,MKT,1.5,low,9473,-12.88,-5.88,-6.8,-4.9,0.371,0.87,False
SOLUSDT-5m,CQ7_w78q,MKT,1.5,low,6458,-15.79,-8.79,-9.5,-8.1,0.459,0.62,False
SOLUSDT-5m,ALL,MKT,1.5,mid,40427,-14.19,-7.19,-7.6,-6.8,0.376,0.78,False
SOLUSDT-5m,quiet,MKT,1.5,mid,16358,-14.62,-7.62,-8.1,-7.2,0.376,0.69,False
SOLUSDT-5m,uwd78,MKT,1.5,mid,16301,-15.11,-8.11,-8.8,-7.5,0.442,0.73,False
SOLUSDT-5m,uwd79,MKT,1.5,mid,28365,-14.79,-7.79,-8.3,-7.3,0.411,0.74,False
SOLUSDT-5m,prevBear,MKT,1.5,mid,19447,-14.04,-7.04,-7.7,-6.4,0.388,0.78,False
SOLUSDT-5m,smaBelow,MKT,1.5,mid,17116,-13.89,-6.89,-7.6,-6.2,0.389,0.79,False
SOLUSDT-5m,C3_w8q,MKT,1.5,mid,14606,-14.41,-7.41,-7.9,-7.0,0.368,0.71,False
SOLUSDT-5m,C6_w9dip,MKT,1.5,mid,9473,-12.76,-5.76,-6.6,-4.8,0.351,0.87,False
SOLUSDT-5m,CQ7_w78q,MKT,1.5,mid,6458,-15.92,-8.92,-9.6,-8.3,0.423,0.6,False
SOLUSDT-5m,ALL,PB,1.0,low,35230,-12.1,-5.1,-5.3,-4.9,0.137,0.78,False
SOLUSDT-5m,quiet,PB,1.0,low,14669,-12.22,-5.22,-5.4,-5.0,0.134,0.7,False
SOLUSDT-5m,uwd78,PB,1.0,low,13677,-11.83,-4.83,-5.1,-4.5,0.188,0.86,False
SOLUSDT-5m,uwd79,PB,1.0,low,24216,-12.01,-5.01,-5.3,-4.8,0.169,0.82,False
SOLUSDT-5m,prevBear,PB,1.0,low,16871,-11.98,-4.98,-5.2,-4.7,0.14,0.79,False
SOLUSDT-5m,smaBelow,PB,1.0,low,14943,-12.13,-5.13,-5.4,-4.8,0.15,0.79,False
SOLUSDT-5m,C3_w8q,PB,1.0,low,13154,-12.14,-5.14,-5.3,-4.9,0.129,0.71,False
SOLUSDT-5m,C6_w9dip,PB,1.0,low,8446,-12.02,-5.02,-5.4,-4.6,0.119,0.78,False
SOLUSDT-5m,CQ7_w78q,PB,1.0,low,5676,-12.21,-5.21,-5.5,-4.8,0.185,0.75,False
SOLUSDT-5m,ALL,PB,1.0,mid,35230,-11.95,-4.95,-5.1,-4.8,0.066,0.67,False
SOLUSDT-5m,quiet,PB,1.0,mid,14669,-12.02,-5.02,-5.2,-4.9,0.061,0.57,False
SOLUSDT-5m,uwd78,PB,1.0,mid,13677,-11.95,-4.95,-5.2,-4.7,0.094,0.73,False
SOLUSDT-5m,uwd79,PB,1.0,mid,24216,-12.0,-5.0,-5.2,-4.8,0.083,0.7,False
SOLUSDT-5m,prevBear,PB,1.0,mid,16871,-11.83,-4.83,-5.0,-4.6,0.068,0.7,False
SOLUSDT-5m,smaBelow,PB,1.0,mid,14943,-11.93,-4.93,-5.2,-4.7,0.073,0.7,False
SOLUSDT-5m,C3_w8q,PB,1.0,mid,13154,-11.96,-4.96,-5.1,-4.8,0.059,0.58,False
SOLUSDT-5m,C6_w9dip,PB,1.0,mid,8446,-11.8,-4.8,-5.1,-4.5,0.055,0.7,False
SOLUSDT-5m,CQ7_w78q,PB,1.0,mid,5676,-12.16,-5.16,-5.4,-4.9,0.087,0.61,False
SOLUSDT-5m,ALL,PB,1.5,low,35230,-12.08,-5.08,-5.3,-4.9,0.113,0.79,False
SOLUSDT-5m,quiet,PB,1.5,low,14669,-12.09,-5.09,-5.3,-4.9,0.113,0.74,False
SOLUSDT-5m,uwd78,PB,1.5,low,13677,-11.76,-4.76,-5.1,-4.4,0.16,0.88,False
SOLUSDT-5m,uwd79,PB,1.5,low,24216,-11.98,-4.98,-5.2,-4.7,0.141,0.83,False
SOLUSDT-5m,prevBear,PB,1.5,low,16871,-11.91,-4.91,-5.2,-4.6,0.116,0.82,False
SOLUSDT-5m,smaBelow,PB,1.5,low,14943,-12.03,-5.03,-5.4,-4.7,0.126,0.82,False
SOLUSDT-5m,C3_w8q,PB,1.5,low,13154,-12.02,-5.02,-5.3,-4.8,0.108,0.76,False
SOLUSDT-5m,C6_w9dip,PB,1.5,low,8446,-11.99,-4.99,-5.5,-4.5,0.097,0.8,False
SOLUSDT-5m,CQ7_w78q,PB,1.5,low,5676,-12.09,-5.09,-5.5,-4.7,0.159,0.79,False
SOLUSDT-5m,ALL,PB,1.5,mid,35230,-11.89,-4.89,-5.0,-4.7,0.054,0.7,False
SOLUSDT-5m,quiet,PB,1.5,mid,14669,-11.88,-4.88,-5.0,-4.7,0.052,0.64,False
SOLUSDT-5m,uwd78,PB,1.5,mid,13677,-11.81,-4.81,-5.1,-4.6,0.08,0.78,False
SOLUSDT-5m,uwd79,PB,1.5,mid,24216,-11.93,-4.93,-5.1,-4.7,0.069,0.73,False
SOLUSDT-5m,prevBear,PB,1.5,mid,16871,-11.75,-4.75,-5.0,-4.5,0.056,0.74,False
SOLUSDT-5m,smaBelow,PB,1.5,mid,14943,-11.77,-4.77,-5.0,-4.5,0.061,0.76,False
SOLUSDT-5m,C3_w8q,PB,1.5,mid,13154,-11.82,-4.82,-5.0,-4.6,0.05,0.65,False
SOLUSDT-5m,C6_w9dip,PB,1.5,mid,8446,-11.69,-4.69,-5.0,-4.3,0.045,0.75,False
SOLUSDT-5m,CQ7_w78q,PB,1.5,mid,5676,-12.0,-5.0,-5.3,-4.7,0.076,0.67,False
SOLUSDT-15m,ALL,MKT,1.0,low,13537,-19.77,-12.77,-13.8,-11.7,0.435,0.64,False
SOLUSDT-15m,quiet,MKT,1.0,low,5502,-20.35,-13.35,-14.5,-12.2,0.426,0.53,False
SOLUSDT-15m,uwd78,MKT,1.0,low,5420,-21.13,-14.13,-15.6,-12.7,0.504,0.6,False
SOLUSDT-15m,uwd79,MKT,1.0,low,9476,-20.82,-13.82,-15.0,-12.6,0.471,0.61,False
SOLUSDT-15m,prevBear,MKT,1.0,low,6572,-18.75,-11.75,-13.4,-10.1,0.455,0.67,False
SOLUSDT-15m,smaBelow,MKT,1.0,low,5727,-19.1,-12.1,-14.0,-10.1,0.453,0.66,False
SOLUSDT-15m,C3_w8q,MKT,1.0,low,4963,-20.34,-13.34,-14.6,-12.2,0.415,0.53,False
SOLUSDT-15m,C6_w9dip,MKT,1.0,low,3109,-18.14,-11.14,-14.1,-8.0,0.414,0.71,False
SOLUSDT-15m,CQ7_w78q,MKT,1.0,low,2153,-21.48,-14.48,-16.2,-12.9,0.478,0.48,False
SOLUSDT-15m,ALL,MKT,1.0,mid,13537,-19.88,-12.88,-13.9,-11.8,0.402,0.62,False
SOLUSDT-15m,quiet,MKT,1.0,mid,5502,-20.45,-13.45,-14.5,-12.3,0.389,0.5,False
SOLUSDT-15m,uwd78,MKT,1.0,mid,5420,-21.2,-14.2,-15.6,-12.8,0.463,0.58,False
SOLUSDT-15m,uwd79,MKT,1.0,mid,9476,-20.81,-13.81,-14.9,-12.6,0.432,0.59,False
SOLUSDT-15m,prevBear,MKT,1.0,mid,6572,-19.04,-12.04,-13.6,-10.5,0.422,0.64,False
SOLUSDT-15m,smaBelow,MKT,1.0,mid,5727,-19.2,-12.2,-14.0,-10.3,0.418,0.64,False
SOLUSDT-15m,C3_w8q,MKT,1.0,mid,4963,-20.38,-13.38,-14.6,-12.2,0.382,0.51,False
SOLUSDT-15m,C6_w9dip,MKT,1.0,mid,3109,-18.68,-11.68,-14.5,-8.7,0.382,0.67,False
SOLUSDT-15m,CQ7_w78q,MKT,1.0,mid,2153,-21.7,-14.7,-16.3,-13.2,0.432,0.45,False
SOLUSDT-15m,ALL,MKT,1.5,low,13537,-16.35,-9.35,-10.6,-7.9,0.396,0.8,False
SOLUSDT-15m,quiet,MKT,1.5,low,5502,-16.93,-9.93,-11.3,-8.6,0.399,0.71,False
SOLUSDT-15m,uwd78,MKT,1.5,low,5420,-17.91,-10.91,-12.6,-9.2,0.467,0.75,False
SOLUSDT-15m,uwd79,MKT,1.5,low,9476,-17.38,-10.38,-11.7,-8.9,0.434,0.76,False
SOLUSDT-15m,prevBear,MKT,1.5,low,6572,-15.2,-8.2,-10.2,-6.1,0.416,0.83,False
SOLUSDT-15m,smaBelow,MKT,1.5,low,5727,-15.3,-8.3,-10.6,-5.9,0.416,0.83,False
SOLUSDT-15m,C3_w8q,MKT,1.5,low,4963,-16.88,-9.88,-11.3,-8.5,0.388,0.71,False
SOLUSDT-15m,C6_w9dip,MKT,1.5,low,3109,-13.83,-6.83,-10.5,-2.9,0.373,0.89,False
SOLUSDT-15m,CQ7_w78q,MKT,1.5,low,2153,-18.41,-11.41,-13.4,-9.6,0.454,0.64,False
SOLUSDT-15m,ALL,MKT,1.5,mid,13537,-16.43,-9.43,-10.6,-8.2,0.367,0.78,False
SOLUSDT-15m,quiet,MKT,1.5,mid,5502,-17.05,-10.05,-11.3,-8.7,0.368,0.69,False
SOLUSDT-15m,uwd78,MKT,1.5,mid,5420,-17.78,-10.78,-12.4,-9.2,0.432,0.74,False
SOLUSDT-15m,uwd79,MKT,1.5,mid,9476,-17.26,-10.26,-11.6,-8.9,0.4,0.75,False
SOLUSDT-15m,prevBear,MKT,1.5,mid,6572,-15.58,-8.58,-10.4,-6.6,0.387,0.81,False
SOLUSDT-15m,smaBelow,MKT,1.5,mid,5727,-15.44,-8.44,-10.5,-6.2,0.386,0.81,False
SOLUSDT-15m,C3_w8q,MKT,1.5,mid,4963,-16.89,-9.89,-11.3,-8.5,0.361,0.7,False
SOLUSDT-15m,C6_w9dip,MKT,1.5,mid,3109,-14.5,-7.5,-10.8,-3.8,0.348,0.86,False
SOLUSDT-15m,CQ7_w78q,MKT,1.5,mid,2153,-18.61,-11.61,-13.4,-9.9,0.414,0.62,False
SOLUSDT-15m,ALL,PB,1.0,low,11944,-12.34,-5.34,-6.0,-4.6,0.171,0.86,False
SOLUSDT-15m,quiet,PB,1.0,low,4990,-12.41,-5.41,-6.0,-4.8,0.176,0.81,False
SOLUSDT-15m,uwd78,PB,1.0,low,4597,-11.52,-4.52,-5.6,-3.3,0.226,0.95,False
SOLUSDT-15m,uwd79,PB,1.0,low,8205,-12.28,-5.28,-6.1,-4.4,0.202,0.88,False
SOLUSDT-15m,prevBear,PB,1.0,low,5775,-11.85,-4.85,-5.8,-3.8,0.179,0.91,False
SOLUSDT-15m,smaBelow,PB,1.0,low,5065,-12.51,-5.51,-6.7,-4.2,0.187,0.85,False
SOLUSDT-15m,C3_w8q,PB,1.0,low,4531,-12.59,-5.59,-6.2,-4.9,0.165,0.78,False
SOLUSDT-15m,C6_w9dip,PB,1.0,low,2825,-11.94,-4.94,-6.5,-3.1,0.16,0.9,False
SOLUSDT-15m,CQ7_w78q,PB,1.0,low,1904,-12.18,-5.18,-6.3,-4.1,0.231,0.86,False
SOLUSDT-15m,ALL,PB,1.0,mid,11944,-12.26,-5.26,-5.7,-4.8,0.09,0.77,False
SOLUSDT-15m,quiet,PB,1.0,mid,4990,-12.27,-5.27,-5.6,-4.9,0.091,0.72,False
SOLUSDT-15m,uwd78,PB,1.0,mid,4597,-11.97,-4.97,-5.7,-4.2,0.124,0.85,False
SOLUSDT-15m,uwd79,PB,1.0,mid,8205,-12.19,-5.19,-5.7,-4.6,0.109,0.81,False
SOLUSDT-15m,prevBear,PB,1.0,mid,5775,-12.04,-5.04,-5.6,-4.4,0.098,0.81,False
SOLUSDT-15m,smaBelow,PB,1.0,mid,5065,-12.3,-5.3,-6.0,-4.5,0.099,0.78,False
SOLUSDT-15m,C3_w8q,PB,1.0,mid,4531,-12.38,-5.38,-5.8,-5.0,0.084,0.68,False
SOLUSDT-15m,C6_w9dip,PB,1.0,mid,2825,-12.11,-5.11,-6.1,-3.9,0.081,0.79,False
SOLUSDT-15m,CQ7_w78q,PB,1.0,mid,1904,-12.1,-5.1,-5.9,-4.3,0.127,0.79,False
SOLUSDT-15m,ALL,PB,1.5,low,11944,-12.03,-5.03,-5.8,-4.2,0.143,0.9,False
SOLUSDT-15m,quiet,PB,1.5,low,4990,-11.97,-4.97,-5.6,-4.3,0.149,0.88,False
SOLUSDT-15m,uwd78,PB,1.5,low,4597,-11.63,-4.63,-5.8,-3.3,0.191,0.95,False
SOLUSDT-15m,uwd79,PB,1.5,low,8205,-12.12,-5.12,-6.0,-4.2,0.171,0.9,False
SOLUSDT-15m,prevBear,PB,1.5,low,5775,-11.66,-4.66,-5.8,-3.4,0.148,0.93,False
SOLUSDT-15m,smaBelow,PB,1.5,low,5065,-12.07,-5.07,-6.4,-3.5,0.157,0.9,False
SOLUSDT-15m,C3_w8q,PB,1.5,low,4531,-12.18,-5.18,-5.9,-4.5,0.139,0.85,False
SOLUSDT-15m,C6_w9dip,PB,1.5,low,2825,-11.2,-4.2,-6.3,-1.7,0.128,0.98,False
SOLUSDT-15m,CQ7_w78q,PB,1.5,low,1904,-11.91,-4.91,-6.2,-3.6,0.199,0.9,False
SOLUSDT-15m,ALL,PB,1.5,mid,11944,-12.02,-5.02,-5.5,-4.5,0.076,0.82,False
SOLUSDT-15m,quiet,PB,1.5,mid,4990,-11.78,-4.78,-5.3,-4.3,0.08,0.83,False
SOLUSDT-15m,uwd78,PB,1.5,mid,4597,-11.93,-4.93,-5.7,-4.2,0.106,0.87,False
SOLUSDT-15m,uwd79,PB,1.5,mid,8205,-11.96,-4.96,-5.6,-4.3,0.093,0.85,False
SOLUSDT-15m,prevBear,PB,1.5,mid,5775,-11.83,-4.83,-5.5,-4.2,0.082,0.85,False
SOLUSDT-15m,smaBelow,PB,1.5,mid,5065,-11.91,-4.91,-5.8,-3.9,0.085,0.85,False
SOLUSDT-15m,C3_w8q,PB,1.5,mid,4531,-11.9,-4.9,-5.4,-4.4,0.074,0.8,False
SOLUSDT-15m,C6_w9dip,PB,1.5,mid,2825,-11.35,-4.35,-5.7,-2.7,0.069,0.94,False
SOLUSDT-15m,CQ7_w78q,PB,1.5,mid,1904,-11.7,-4.7,-5.6,-3.8,0.112,0.87,False
SOLUSDT-30m,ALL,MKT,1.0,low,6817,-23.4,-16.4,-18.5,-14.4,0.431,0.64,False
SOLUSDT-30m,quiet,MKT,1.0,low,2764,-22.13,-15.13,-17.2,-13.2,0.433,0.58,False
SOLUSDT-30m,uwd78,MKT,1.0,low,2728,-26.24,-19.24,-22.0,-16.5,0.486,0.57,False
SOLUSDT-30m,uwd79,MKT,1.0,low,4772,-25.76,-18.76,-21.2,-16.4,0.462,0.59,False
SOLUSDT-30m,prevBear,MKT,1.0,low,3255,-25.44,-18.44,-21.1,-15.7,0.439,0.58,False
SOLUSDT-30m,smaBelow,MKT,1.0,low,2952,-26.03,-19.03,-22.2,-15.8,0.428,0.56,False
SOLUSDT-30m,C3_w8q,MKT,1.0,low,2472,-21.52,-14.52,-16.5,-12.4,0.426,0.6,False
SOLUSDT-30m,C6_w9dip,MKT,1.0,low,1566,-25.44,-18.44,-23.9,-13.2,0.401,0.6,False
SOLUSDT-30m,CQ7_w78q,MKT,1.0,low,1142,-23.35,-16.35,-19.5,-13.2,0.483,0.54,False
SOLUSDT-30m,ALL,MKT,1.0,mid,6817,-23.44,-16.44,-18.4,-14.5,0.394,0.62,False
SOLUSDT-30m,quiet,MKT,1.0,mid,2764,-22.09,-15.09,-17.0,-13.2,0.398,0.56,False
SOLUSDT-30m,uwd78,MKT,1.0,mid,2728,-26.38,-19.38,-22.1,-16.7,0.439,0.54,False
SOLUSDT-30m,uwd79,MKT,1.0,mid,4772,-25.91,-18.91,-21.2,-16.6,0.42,0.56,False
SOLUSDT-30m,prevBear,MKT,1.0,mid,3255,-25.08,-18.08,-20.6,-15.5,0.406,0.57,False
SOLUSDT-30m,smaBelow,MKT,1.0,mid,2952,-25.59,-18.59,-21.7,-15.5,0.391,0.55,False
SOLUSDT-30m,C3_w8q,MKT,1.0,mid,2472,-21.6,-14.6,-16.6,-12.6,0.391,0.58,False
SOLUSDT-30m,C6_w9dip,MKT,1.0,mid,1566,-25.25,-18.25,-23.3,-13.1,0.365,0.58,False
SOLUSDT-30m,CQ7_w78q,MKT,1.0,mid,1142,-23.45,-16.45,-19.6,-13.4,0.437,0.51,False
SOLUSDT-30m,ALL,MKT,1.5,low,6817,-18.85,-11.85,-14.2,-9.5,0.388,0.79,False
SOLUSDT-30m,quiet,MKT,1.5,low,2764,-17.55,-10.55,-12.9,-8.2,0.402,0.76,False
SOLUSDT-30m,uwd78,MKT,1.5,low,2728,-21.55,-14.55,-17.9,-11.2,0.448,0.72,False
SOLUSDT-30m,uwd79,MKT,1.5,low,4772,-20.96,-13.96,-16.8,-11.1,0.422,0.74,False
SOLUSDT-30m,prevBear,MKT,1.5,low,3255,-21.04,-14.04,-17.0,-10.7,0.398,0.72,False
SOLUSDT-30m,smaBelow,MKT,1.5,low,2952,-21.08,-14.08,-17.7,-10.3,0.391,0.72,False
SOLUSDT-30m,C3_w8q,MKT,1.5,low,2472,-16.91,-9.91,-12.3,-7.4,0.394,0.78,False
SOLUSDT-30m,C6_w9dip,MKT,1.5,low,1566,-19.36,-12.36,-18.3,-6.4,0.366,0.78,False
SOLUSDT-30m,CQ7_w78q,MKT,1.5,low,1142,-18.71,-11.71,-15.5,-7.9,0.457,0.72,False
SOLUSDT-30m,ALL,MKT,1.5,mid,6817,-18.85,-11.85,-14.1,-9.5,0.355,0.77,False
SOLUSDT-30m,quiet,MKT,1.5,mid,2764,-17.49,-10.49,-12.7,-8.2,0.37,0.75,False
SOLUSDT-30m,uwd78,MKT,1.5,mid,2728,-21.37,-14.37,-17.5,-11.2,0.407,0.71,False
SOLUSDT-30m,uwd79,MKT,1.5,mid,4772,-21.07,-14.07,-16.7,-11.3,0.384,0.72,False
SOLUSDT-30m,prevBear,MKT,1.5,mid,3255,-20.49,-13.49,-16.3,-10.4,0.37,0.72,False
SOLUSDT-30m,smaBelow,MKT,1.5,mid,2952,-20.82,-13.82,-17.3,-10.1,0.355,0.71,False
SOLUSDT-30m,C3_w8q,MKT,1.5,mid,2472,-16.96,-9.96,-12.3,-7.6,0.362,0.77,False
SOLUSDT-30m,C6_w9dip,MKT,1.5,mid,1566,-19.6,-12.6,-18.3,-6.9,0.331,0.76,False
SOLUSDT-30m,CQ7_w78q,MKT,1.5,mid,1142,-18.6,-11.6,-15.3,-7.9,0.416,0.71,False
SOLUSDT-30m,ALL,PB,1.0,low,6107,-12.23,-5.23,-6.4,-4.0,0.192,0.91,False
SOLUSDT-30m,quiet,PB,1.0,low,2529,-11.51,-4.51,-5.9,-3.1,0.206,0.95,False
SOLUSDT-30m,uwd78,PB,1.0,low,2360,-11.5,-4.5,-6.4,-2.6,0.249,0.97,False
SOLUSDT-30m,uwd79,PB,1.0,low,4193,-11.79,-4.79,-6.1,-3.3,0.225,0.94,False
SOLUSDT-30m,prevBear,PB,1.0,low,2906,-14.21,-7.21,-8.7,-5.8,0.185,0.77,False
SOLUSDT-30m,smaBelow,PB,1.0,low,2672,-13.55,-6.55,-8.3,-4.6,0.202,0.82,False
SOLUSDT-30m,C3_w8q,PB,1.0,low,2267,-11.37,-4.37,-5.8,-2.8,0.197,0.96,False
SOLUSDT-30m,C6_w9dip,PB,1.0,low,1445,-13.86,-6.86,-9.3,-4.5,0.166,0.79,False
SOLUSDT-30m,CQ7_w78q,PB,1.0,low,1019,-10.39,-3.39,-5.9,-0.5,0.267,1.05,False
SOLUSDT-30m,ALL,PB,1.0,mid,6107,-12.48,-5.48,-6.2,-4.7,0.101,0.81,False
SOLUSDT-30m,quiet,PB,1.0,mid,2529,-12.45,-5.45,-6.3,-4.6,0.103,0.77,False
SOLUSDT-30m,uwd78,PB,1.0,mid,2360,-12.41,-5.41,-6.6,-4.2,0.138,0.84,False
SOLUSDT-30m,uwd79,PB,1.0,mid,4193,-12.74,-5.74,-6.6,-4.8,0.118,0.8,False
SOLUSDT-30m,prevBear,PB,1.0,mid,2906,-13.02,-6.02,-7.0,-5.1,0.1,0.75,False
SOLUSDT-30m,smaBelow,PB,1.0,mid,2672,-12.77,-5.77,-6.9,-4.5,0.111,0.78,False
SOLUSDT-30m,C3_w8q,PB,1.0,mid,2267,-12.3,-5.3,-6.2,-4.4,0.097,0.79,False
SOLUSDT-30m,C6_w9dip,PB,1.0,mid,1445,-12.79,-5.79,-7.5,-3.9,0.087,0.76,False
SOLUSDT-30m,CQ7_w78q,PB,1.0,mid,1019,-13.13,-6.13,-7.6,-4.7,0.132,0.73,False
SOLUSDT-30m,ALL,PB,1.5,low,6107,-11.71,-4.71,-6.1,-3.3,0.161,0.95,False
SOLUSDT-30m,quiet,PB,1.5,low,2529,-10.7,-3.7,-5.3,-1.9,0.176,1.03,False
SOLUSDT-30m,uwd78,PB,1.5,low,2360,-11.39,-4.39,-6.5,-2.1,0.212,0.98,False
SOLUSDT-30m,uwd79,PB,1.5,low,4193,-11.41,-4.41,-5.9,-2.7,0.19,0.97,False
SOLUSDT-30m,prevBear,PB,1.5,low,2906,-13.93,-6.93,-8.6,-5.3,0.154,0.8,False
SOLUSDT-30m,smaBelow,PB,1.5,low,2672,-12.76,-5.76,-7.9,-3.5,0.17,0.88,False
SOLUSDT-30m,C3_w8q,PB,1.5,low,2267,-10.57,-3.57,-5.2,-1.6,0.167,1.04,False
SOLUSDT-30m,C6_w9dip,PB,1.5,low,1445,-12.17,-5.17,-8.1,-2.0,0.14,0.92,False
SOLUSDT-30m,CQ7_w78q,PB,1.5,low,1019,-10.0,-3.0,-5.8,0.5,0.231,1.08,False
SOLUSDT-30m,ALL,PB,1.5,mid,6107,-11.92,-4.92,-5.8,-3.9,0.084,0.89,False
SOLUSDT-30m,quiet,PB,1.5,mid,2529,-11.7,-4.7,-5.7,-3.7,0.089,0.89,False
SOLUSDT-30m,uwd78,PB,1.5,mid,2360,-11.81,-4.81,-6.2,-3.4,0.117,0.91,False
SOLUSDT-30m,uwd79,PB,1.5,mid,4193,-12.13,-5.13,-6.1,-4.1,0.1,0.87,False
SOLUSDT-30m,prevBear,PB,1.5,mid,2906,-12.63,-5.63,-6.7,-4.5,0.082,0.8,False
SOLUSDT-30m,smaBelow,PB,1.5,mid,2672,-12.18,-5.18,-6.6,-3.6,0.093,0.86,False
SOLUSDT-30m,C3_w8q,PB,1.5,mid,2267,-11.56,-4.56,-5.6,-3.5,0.083,0.91,False
SOLUSDT-30m,C6_w9dip,PB,1.5,mid,1445,-11.72,-4.72,-6.8,-2.2,0.073,0.91,False
SOLUSDT-30m,CQ7_w78q,PB,1.5,mid,1019,-12.4,-5.4,-7.0,-3.8,0.116,0.83,False
SOLUSDT-1h,ALL,MKT,1.0,low,3324,-29.41,-22.41,-26.5,-18.5,0.427,0.62,False
SOLUSDT-1h,quiet,MKT,1.0,low,1311,-28.05,-21.05,-25.1,-17.3,0.423,0.53,False
SOLUSDT-1h,uwd78,MKT,1.0,low,1328,-33.67,-26.67,-32.3,-21.3,0.496,0.55,False
SOLUSDT-1h,uwd79,MKT,1.0,low,2326,-32.54,-25.54,-30.2,-20.9,0.458,0.58,False
SOLUSDT-1h,prevBear,MKT,1.0,low,1608,-29.31,-22.31,-27.7,-16.7,0.442,0.61,False
SOLUSDT-1h,smaBelow,MKT,1.0,low,1438,-31.46,-24.46,-30.9,-18.2,0.423,0.57,False
SOLUSDT-1h,C3_w8q,MKT,1.0,low,1199,-27.48,-20.48,-24.7,-16.7,0.417,0.55,False
SOLUSDT-1h,C6_w9dip,MKT,1.0,low,749,-32.55,-25.55,-36.2,-16.0,0.387,0.57,False
SOLUSDT-1h,CQ7_w78q,MKT,1.0,low,508,-30.25,-23.25,-29.6,-17.4,0.494,0.48,False
SOLUSDT-1h,ALL,MKT,1.0,mid,3324,-28.8,-21.8,-25.7,-18.2,0.392,0.61,False
SOLUSDT-1h,quiet,MKT,1.0,mid,1311,-27.38,-20.38,-24.1,-16.8,0.392,0.52,False
SOLUSDT-1h,uwd78,MKT,1.0,mid,1328,-32.92,-25.92,-31.1,-20.8,0.453,0.54,False
SOLUSDT-1h,uwd79,MKT,1.0,mid,2326,-31.27,-24.27,-28.6,-19.8,0.422,0.58,False
SOLUSDT-1h,prevBear,MKT,1.0,mid,1608,-28.82,-21.82,-27.1,-16.4,0.405,0.6,False
SOLUSDT-1h,smaBelow,MKT,1.0,mid,1438,-31.18,-24.18,-30.7,-18.0,0.39,0.55,False
SOLUSDT-1h,C3_w8q,MKT,1.0,mid,1199,-26.79,-19.79,-23.8,-16.0,0.387,0.54,False
SOLUSDT-1h,C6_w9dip,MKT,1.0,mid,749,-32.9,-25.9,-36.5,-16.5,0.35,0.54,False
SOLUSDT-1h,CQ7_w78q,MKT,1.0,mid,508,-30.16,-23.16,-29.4,-17.1,0.455,0.46,False
SOLUSDT-1h,ALL,MKT,1.5,low,3324,-23.67,-16.67,-21.4,-12.3,0.381,0.76,False
SOLUSDT-1h,quiet,MKT,1.5,low,1311,-21.56,-14.56,-19.0,-10.2,0.397,0.72,False
SOLUSDT-1h,uwd78,MKT,1.5,low,1328,-28.66,-21.66,-28.2,-15.1,0.45,0.68,False
SOLUSDT-1h,uwd79,MKT,1.5,low,2326,-26.55,-19.55,-24.9,-14.0,0.414,0.72,False
SOLUSDT-1h,prevBear,MKT,1.5,low,1608,-22.93,-15.93,-22.1,-9.2,0.399,0.76,False
SOLUSDT-1h,smaBelow,MKT,1.5,low,1438,-26.33,-19.33,-26.7,-12.1,0.376,0.7,False
SOLUSDT-1h,C3_w8q,MKT,1.5,low,1199,-20.81,-13.81,-18.6,-9.3,0.39,0.74,False
SOLUSDT-1h,C6_w9dip,MKT,1.5,low,749,-25.44,-18.44,-29.8,-7.4,0.35,0.72,False
SOLUSDT-1h,CQ7_w78q,MKT,1.5,low,508,-23.55,-16.55,-23.6,-9.7,0.47,0.67,False
SOLUSDT-1h,ALL,MKT,1.5,mid,3324,-22.5,-15.5,-20.1,-11.1,0.352,0.76,False
SOLUSDT-1h,quiet,MKT,1.5,mid,1311,-20.78,-13.78,-18.0,-9.6,0.371,0.72,False
SOLUSDT-1h,uwd78,MKT,1.5,mid,1328,-27.24,-20.24,-26.3,-14.2,0.411,0.68,False
SOLUSDT-1h,uwd79,MKT,1.5,mid,2326,-24.95,-17.95,-23.1,-12.7,0.381,0.73,False
SOLUSDT-1h,prevBear,MKT,1.5,mid,1608,-21.75,-14.75,-20.8,-8.2,0.368,0.77,False
SOLUSDT-1h,smaBelow,MKT,1.5,mid,1438,-25.31,-18.31,-25.7,-11.5,0.35,0.7,False
SOLUSDT-1h,C3_w8q,MKT,1.5,mid,1199,-19.97,-12.97,-17.6,-8.7,0.366,0.74,False
SOLUSDT-1h,C6_w9dip,MKT,1.5,mid,749,-25.7,-18.7,-30.4,-8.0,0.32,0.7,False
SOLUSDT-1h,CQ7_w78q,MKT,1.5,mid,508,-23.84,-16.84,-23.8,-10.1,0.433,0.65,False
SOLUSDT-1h,ALL,PB,1.0,low,2992,-12.55,-5.55,-8.0,-3.2,0.211,0.92,False
SOLUSDT-1h,quiet,PB,1.0,low,1222,-12.56,-5.56,-8.0,-3.3,0.22,0.9,False
SOLUSDT-1h,uwd78,PB,1.0,low,1164,-10.3,-3.3,-7.6,0.9,0.282,1.03,False
SOLUSDT-1h,uwd79,PB,1.0,low,2062,-13.15,-6.15,-9.3,-3.3,0.237,0.9,False
SOLUSDT-1h,prevBear,PB,1.0,low,1437,-13.47,-6.47,-9.9,-3.0,0.216,0.88,False
SOLUSDT-1h,smaBelow,PB,1.0,low,1322,-12.09,-5.09,-8.8,-1.5,0.226,0.94,False
SOLUSDT-1h,C3_w8q,PB,1.0,low,1118,-12.93,-5.93,-8.2,-3.4,0.207,0.87,False
SOLUSDT-1h,C6_w9dip,PB,1.0,low,701,-13.99,-6.99,-10.8,-3.1,0.191,0.84,False
SOLUSDT-1h,CQ7_w78q,PB,1.0,low,466,-11.5,-4.5,-8.4,-0.4,0.288,0.97,False
SOLUSDT-1h,ALL,PB,1.0,mid,2992,-13.47,-6.47,-7.9,-5.0,0.109,0.79,False
SOLUSDT-1h,quiet,PB,1.0,mid,1222,-12.66,-5.66,-7.3,-3.9,0.118,0.81,False
SOLUSDT-1h,uwd78,PB,1.0,mid,1164,-12.97,-5.97,-8.7,-3.2,0.154,0.86,False
SOLUSDT-1h,uwd79,PB,1.0,mid,2062,-14.3,-7.3,-9.2,-5.4,0.125,0.75,False
SOLUSDT-1h,prevBear,PB,1.0,mid,1437,-13.37,-6.37,-8.6,-4.0,0.118,0.81,False
SOLUSDT-1h,smaBelow,PB,1.0,mid,1322,-14.3,-7.3,-9.6,-5.1,0.111,0.73,False
SOLUSDT-1h,C3_w8q,PB,1.0,mid,1118,-12.96,-5.96,-7.6,-4.2,0.106,0.78,False
SOLUSDT-1h,C6_w9dip,PB,1.0,mid,701,-15.59,-8.59,-10.7,-6.3,0.083,0.58,False
SOLUSDT-1h,CQ7_w78q,PB,1.0,mid,466,-12.93,-5.93,-8.6,-3.4,0.161,0.81,False
SOLUSDT-1h,ALL,PB,1.5,low,2992,-11.74,-4.74,-7.4,-2.2,0.177,0.97,False
SOLUSDT-1h,quiet,PB,1.5,low,1222,-11.05,-4.05,-7.0,-1.1,0.188,1.0,False
SOLUSDT-1h,uwd78,PB,1.5,low,1164,-10.28,-3.28,-8.3,1.2,0.238,1.03,False
SOLUSDT-1h,uwd79,PB,1.5,low,2062,-12.7,-5.7,-9.2,-2.4,0.2,0.93,False
SOLUSDT-1h,prevBear,PB,1.5,low,1437,-12.52,-5.52,-9.3,-1.4,0.182,0.93,False
SOLUSDT-1h,smaBelow,PB,1.5,low,1322,-11.75,-4.75,-9.0,-0.6,0.187,0.97,False
SOLUSDT-1h,C3_w8q,PB,1.5,low,1118,-11.32,-4.32,-7.1,-1.3,0.177,0.98,False
SOLUSDT-1h,C6_w9dip,PB,1.5,low,701,-12.57,-5.57,-9.9,-1.1,0.163,0.92,False
SOLUSDT-1h,CQ7_w78q,PB,1.5,low,466,-9.7,-2.7,-7.3,2.3,0.255,1.08,False
SOLUSDT-1h,ALL,PB,1.5,mid,2992,-11.92,-4.92,-6.7,-3.1,0.095,0.92,False
SOLUSDT-1h,quiet,PB,1.5,mid,1222,-10.96,-3.96,-6.0,-1.7,0.106,1.0,False
SOLUSDT-1h,uwd78,PB,1.5,mid,1164,-11.81,-4.81,-8.0,-1.5,0.132,0.94,False
SOLUSDT-1h,uwd79,PB,1.5,mid,2062,-13.26,-6.26,-8.5,-4.0,0.107,0.84,False
SOLUSDT-1h,prevBear,PB,1.5,mid,1437,-11.47,-4.47,-7.1,-1.5,0.103,0.96,False
SOLUSDT-1h,smaBelow,PB,1.5,mid,1322,-13.38,-6.38,-8.9,-3.7,0.092,0.81,False
SOLUSDT-1h,C3_w8q,PB,1.5,mid,1118,-11.17,-4.17,-6.3,-1.9,0.097,0.98,False
SOLUSDT-1h,C6_w9dip,PB,1.5,mid,701,-14.61,-7.61,-10.2,-4.9,0.073,0.68,False
SOLUSDT-1h,CQ7_w78q,PB,1.5,mid,466,-11.38,-4.38,-7.4,-1.3,0.146,0.96,False
SOLUSDT-4h,ALL,MKT,1.0,low,839,-31.17,-24.17,-37.1,-10.3,0.439,0.77,False
SOLUSDT-4h,quiet,MKT,1.0,low,335,-47.03,-40.03,-54.5,-25.2,0.415,0.53,False
SOLUSDT-4h,uwd78,MKT,1.0,low,334,-47.3,-40.3,-62.9,-18.4,0.485,0.63,False
SOLUSDT-4h,uwd79,MKT,1.0,low,586,-37.93,-30.93,-47.3,-14.6,0.462,0.71,False
SOLUSDT-4h,prevBear,MKT,1.0,low,373,-23.98,-16.98,-38.2,3.5,0.461,0.85,False
SOLUSDT-4h,smaBelow,MKT,1.0,low,381,-39.73,-32.73,-51.4,-13.5,0.42,0.67,False
SOLUSDT-4h,C3_w8q,MKT,1.0,low,300,-47.56,-40.56,-56.6,-25.8,0.397,0.53,False
SOLUSDT-4h,C6_w9dip,MKT,1.0,low,195,-30.36,-23.36,-48.5,1.1,0.369,0.76,False
SOLUSDT-4h,CQ7_w78q,MKT,1.0,low,137,-75.36,-68.36,-94.3,-44.3,0.438,0.35,False
SOLUSDT-4h,ALL,MKT,1.0,mid,839,-32.4,-25.4,-38.6,-12.3,0.402,0.74,False
SOLUSDT-4h,quiet,MKT,1.0,mid,335,-47.78,-40.78,-55.0,-27.0,0.37,0.5,False
SOLUSDT-4h,uwd78,MKT,1.0,mid,334,-51.99,-44.99,-66.5,-23.3,0.44,0.58,False
SOLUSDT-4h,uwd79,MKT,1.0,mid,586,-40.32,-33.32,-49.5,-17.7,0.423,0.67,False
SOLUSDT-4h,prevBear,MKT,1.0,mid,373,-25.92,-18.92,-39.8,0.8,0.424,0.82,False
SOLUSDT-4h,smaBelow,MKT,1.0,mid,381,-43.31,-36.31,-54.8,-18.0,0.381,0.61,False
SOLUSDT-4h,C3_w8q,MKT,1.0,mid,300,-48.85,-41.85,-56.9,-27.4,0.35,0.49,False
SOLUSDT-4h,C6_w9dip,MKT,1.0,mid,195,-31.28,-24.28,-48.5,0.1,0.338,0.73,False
SOLUSDT-4h,CQ7_w78q,MKT,1.0,mid,137,-75.68,-68.68,-94.1,-45.5,0.387,0.31,False
SOLUSDT-4h,ALL,MKT,1.5,low,839,-18.86,-11.86,-28.0,4.8,0.392,0.92,False
SOLUSDT-4h,quiet,MKT,1.5,low,335,-32.78,-25.78,-43.0,-8.1,0.388,0.72,False
SOLUSDT-4h,uwd78,MKT,1.5,low,334,-35.5,-28.5,-54.8,-0.7,0.437,0.77,False
SOLUSDT-4h,uwd79,MKT,1.5,low,586,-28.45,-21.45,-41.3,-1.8,0.415,0.83,False
SOLUSDT-4h,prevBear,MKT,1.5,low,373,-10.35,-3.35,-29.4,21.8,0.413,1.01,False
SOLUSDT-4h,smaBelow,MKT,1.5,low,381,-24.11,-17.11,-40.5,7.9,0.381,0.86,False
SOLUSDT-4h,C3_w8q,MKT,1.5,low,300,-31.85,-24.85,-43.4,-7.5,0.377,0.73,False
SOLUSDT-4h,C6_w9dip,MKT,1.5,low,195,-14.19,-7.19,-37.8,22.8,0.333,0.96,False
SOLUSDT-4h,CQ7_w78q,MKT,1.5,low,137,-63.97,-56.97,-87.0,-30.0,0.409,0.48,False
SOLUSDT-4h,ALL,MKT,1.5,mid,839,-19.55,-12.55,-27.1,3.0,0.364,0.9,False
SOLUSDT-4h,quiet,MKT,1.5,mid,335,-33.37,-26.37,-42.4,-9.9,0.352,0.7,False
SOLUSDT-4h,uwd78,MKT,1.5,mid,334,-37.28,-30.28,-55.1,-3.3,0.404,0.74,False
SOLUSDT-4h,uwd79,MKT,1.5,mid,586,-28.48,-21.48,-40.6,-3.0,0.386,0.82,False
SOLUSDT-4h,prevBear,MKT,1.5,mid,373,-8.88,-1.88,-26.9,23.0,0.386,1.02,False
SOLUSDT-4h,smaBelow,MKT,1.5,mid,381,-26.17,-19.17,-42.0,4.0,0.352,0.83,False
SOLUSDT-4h,C3_w8q,MKT,1.5,mid,300,-33.86,-26.86,-44.6,-9.9,0.337,0.69,False
SOLUSDT-4h,C6_w9dip,MKT,1.5,mid,195,-12.14,-5.14,-34.9,23.7,0.318,0.99,False
SOLUSDT-4h,CQ7_w78q,MKT,1.5,mid,137,-64.38,-57.38,-84.6,-31.0,0.365,0.44,False
SOLUSDT-4h,ALL,PB,1.0,low,749,-9.17,-2.17,-10.6,7.0,0.21,1.05,False
SOLUSDT-4h,quiet,PB,1.0,low,307,-22.05,-15.05,-23.4,-6.1,0.169,0.67,False
SOLUSDT-4h,uwd78,PB,1.0,low,290,-10.94,-3.94,-18.4,11.3,0.259,1.0,False
SOLUSDT-4h,uwd79,PB,1.0,low,519,-12.8,-5.8,-15.9,4.6,0.222,0.96,False
SOLUSDT-4h,prevBear,PB,1.0,low,326,-4.82,2.18,-10.7,16.2,0.221,1.16,False
SOLUSDT-4h,smaBelow,PB,1.0,low,344,-14.75,-7.75,-19.3,4.7,0.201,0.9,False
SOLUSDT-4h,C3_w8q,PB,1.0,low,278,-22.05,-15.05,-23.6,-6.1,0.162,0.66,False
SOLUSDT-4h,C6_w9dip,PB,1.0,low,176,-10.44,-3.44,-16.4,10.8,0.182,1.02,False
SOLUSDT-4h,CQ7_w78q,PB,1.0,low,122,-21.67,-14.67,-31.7,2.5,0.221,0.74,False
SOLUSDT-4h,ALL,PB,1.0,mid,749,-17.23,-10.23,-15.4,-4.3,0.097,0.74,False
SOLUSDT-4h,quiet,PB,1.0,mid,307,-20.36,-13.36,-18.4,-7.8,0.085,0.53,False
SOLUSDT-4h,uwd78,PB,1.0,mid,290,-18.35,-11.35,-20.6,-1.6,0.124,0.74,False
SOLUSDT-4h,uwd79,PB,1.0,mid,519,-17.87,-10.87,-17.5,-3.6,0.104,0.73,False
SOLUSDT-4h,prevBear,PB,1.0,mid,326,-14.09,-7.09,-16.0,3.0,0.104,0.87,False
SOLUSDT-4h,smaBelow,PB,1.0,mid,344,-18.84,-11.84,-19.3,-3.1,0.096,0.67,False
SOLUSDT-4h,C3_w8q,PB,1.0,mid,278,-20.5,-13.5,-18.7,-7.9,0.076,0.51,False
SOLUSDT-4h,C6_w9dip,PB,1.0,mid,176,-16.57,-9.57,-17.9,-0.5,0.085,0.71,False
SOLUSDT-4h,CQ7_w78q,PB,1.0,mid,122,-27.37,-20.37,-28.0,-11.5,0.082,0.36,False
SOLUSDT-4h,ALL,PB,1.5,low,749,-11.7,-4.7,-14.0,6.5,0.168,0.98,False
SOLUSDT-4h,quiet,PB,1.5,low,307,-20.91,-13.91,-23.8,-2.9,0.137,0.72,False
SOLUSDT-4h,uwd78,PB,1.5,low,290,-14.84,-7.84,-23.1,8.1,0.221,0.92,False
SOLUSDT-4h,uwd79,PB,1.5,low,519,-16.07,-9.07,-19.9,2.9,0.181,0.89,False
SOLUSDT-4h,prevBear,PB,1.5,low,326,-10.88,-3.88,-18.6,11.7,0.175,1.0,False
SOLUSDT-4h,smaBelow,PB,1.5,low,344,-20.66,-13.66,-25.8,-0.4,0.154,0.78,False
SOLUSDT-4h,C3_w8q,PB,1.5,low,278,-21.82,-14.82,-25.2,-4.2,0.126,0.69,False
SOLUSDT-4h,C6_w9dip,PB,1.5,low,176,-11.96,-4.96,-20.5,12.5,0.136,0.97,False
SOLUSDT-4h,CQ7_w78q,PB,1.5,low,122,-17.22,-10.22,-30.0,10.1,0.197,0.86,False
SOLUSDT-4h,ALL,PB,1.5,mid,749,-18.59,-11.59,-16.9,-5.6,0.077,0.7,False
SOLUSDT-4h,quiet,PB,1.5,mid,307,-21.2,-14.2,-20.1,-7.7,0.062,0.51,False
SOLUSDT-4h,uwd78,PB,1.5,mid,290,-20.05,-13.05,-21.9,-3.4,0.107,0.69,False
SOLUSDT-4h,uwd79,PB,1.5,mid,519,-20.47,-13.47,-19.9,-6.5,0.083,0.65,False
SOLUSDT-4h,prevBear,PB,1.5,mid,326,-18.16,-11.16,-19.9,-1.5,0.08,0.73,False
SOLUSDT-4h,smaBelow,PB,1.5,mid,344,-22.23,-15.23,-22.5,-7.4,0.07,0.55,False
SOLUSDT-4h,C3_w8q,PB,1.5,mid,278,-22.01,-15.01,-20.8,-8.6,0.05,0.45,False
SOLUSDT-4h,C6_w9dip,PB,1.5,mid,176,-16.83,-9.83,-19.5,2.0,0.057,0.71,False
SOLUSDT-4h,CQ7_w78q,PB,1.5,mid,122,-26.01,-19.01,-27.9,-8.9,0.074,0.43,False
ICPUSDT-5m,ALL,MKT,1.0,low,37196,-17.38,-10.38,-10.7,-10.1,0.453,0.57,False
ICPUSDT-5m,quiet,MKT,1.0,low,13969,-17.62,-10.62,-11.0,-10.2,0.435,0.48,False
ICPUSDT-5m,uwd78,MKT,1.0,low,14902,-18.75,-11.75,-12.3,-11.3,0.519,0.5,False
ICPUSDT-5m,uwd79,MKT,1.0,low,26095,-18.19,-11.19,-11.6,-10.8,0.486,0.53,False
ICPUSDT-5m,prevBear,MKT,1.0,low,17875,-17.2,-10.2,-10.7,-9.8,0.458,0.57,False
ICPUSDT-5m,smaBelow,MKT,1.0,low,16589,-16.87,-9.87,-10.3,-9.4,0.465,0.58,False
ICPUSDT-5m,C3_w8q,MKT,1.0,low,12596,-17.42,-10.42,-10.8,-10.0,0.425,0.49,False
ICPUSDT-5m,C6_w9dip,MKT,1.0,low,9390,-15.96,-8.96,-9.6,-8.4,0.424,0.64,False
ICPUSDT-5m,CQ7_w78q,MKT,1.0,low,5488,-18.81,-11.81,-12.4,-11.2,0.491,0.41,False
ICPUSDT-5m,ALL,MKT,1.0,mid,37196,-17.31,-10.31,-10.6,-10.0,0.432,0.56,False
ICPUSDT-5m,quiet,MKT,1.0,mid,13969,-17.57,-10.57,-11.0,-10.2,0.414,0.47,False
ICPUSDT-5m,uwd78,MKT,1.0,mid,14902,-18.7,-11.7,-12.2,-11.2,0.49,0.49,False
ICPUSDT-5m,uwd79,MKT,1.0,mid,26095,-18.11,-11.11,-11.5,-10.8,0.461,0.52,False
ICPUSDT-5m,prevBear,MKT,1.0,mid,17875,-17.14,-10.14,-10.6,-9.7,0.437,0.56,False
ICPUSDT-5m,smaBelow,MKT,1.0,mid,16589,-16.91,-9.91,-10.3,-9.5,0.441,0.57,False
ICPUSDT-5m,C3_w8q,MKT,1.0,mid,12596,-17.36,-10.36,-10.8,-9.9,0.406,0.48,False
ICPUSDT-5m,C6_w9dip,MKT,1.0,mid,9390,-15.96,-8.96,-9.5,-8.4,0.407,0.63,False
ICPUSDT-5m,CQ7_w78q,MKT,1.0,mid,5488,-18.78,-11.78,-12.4,-11.2,0.462,0.39,False
ICPUSDT-5m,ALL,MKT,1.5,low,37196,-15.69,-8.69,-9.1,-8.3,0.412,0.71,False
ICPUSDT-5m,quiet,MKT,1.5,low,13969,-15.91,-8.91,-9.4,-8.4,0.406,0.63,False
ICPUSDT-5m,uwd78,MKT,1.5,low,14902,-17.09,-10.09,-10.7,-9.5,0.485,0.64,False
ICPUSDT-5m,uwd79,MKT,1.5,low,26095,-16.62,-9.62,-10.0,-9.2,0.447,0.66,False
ICPUSDT-5m,prevBear,MKT,1.5,low,17875,-15.33,-8.33,-8.9,-7.8,0.419,0.72,False
ICPUSDT-5m,smaBelow,MKT,1.5,low,16589,-14.93,-7.93,-8.5,-7.4,0.426,0.74,False
ICPUSDT-5m,C3_w8q,MKT,1.5,low,12596,-15.7,-8.7,-9.2,-8.2,0.396,0.64,False
ICPUSDT-5m,C6_w9dip,MKT,1.5,low,9390,-13.93,-6.93,-7.6,-6.2,0.381,0.8,False
ICPUSDT-5m,CQ7_w78q,MKT,1.5,low,5488,-17.09,-10.09,-10.8,-9.4,0.471,0.55,False
ICPUSDT-5m,ALL,MKT,1.5,mid,37196,-15.59,-8.59,-8.9,-8.3,0.394,0.7,False
ICPUSDT-5m,quiet,MKT,1.5,mid,13969,-15.85,-8.85,-9.3,-8.4,0.388,0.62,False
ICPUSDT-5m,uwd78,MKT,1.5,mid,14902,-16.99,-9.99,-10.6,-9.4,0.458,0.63,False
ICPUSDT-5m,uwd79,MKT,1.5,mid,26095,-16.51,-9.51,-9.9,-9.1,0.425,0.65,False
ICPUSDT-5m,prevBear,MKT,1.5,mid,17875,-15.22,-8.22,-8.7,-7.7,0.401,0.72,False
ICPUSDT-5m,smaBelow,MKT,1.5,mid,16589,-14.92,-7.92,-8.4,-7.4,0.406,0.73,False
ICPUSDT-5m,C3_w8q,MKT,1.5,mid,12596,-15.63,-8.63,-9.1,-8.2,0.379,0.63,False
ICPUSDT-5m,C6_w9dip,MKT,1.5,mid,9390,-13.9,-6.9,-7.6,-6.2,0.366,0.79,False
ICPUSDT-5m,CQ7_w78q,MKT,1.5,mid,5488,-17.08,-10.08,-10.8,-9.4,0.445,0.54,False
ICPUSDT-5m,ALL,PB,1.0,low,31395,-12.35,-5.35,-5.5,-5.2,0.115,0.71,False
ICPUSDT-5m,quiet,PB,1.0,low,12077,-12.32,-5.32,-5.5,-5.1,0.101,0.63,False
ICPUSDT-5m,uwd78,PB,1.0,low,12140,-12.53,-5.53,-5.9,-5.2,0.161,0.74,False
ICPUSDT-5m,uwd79,PB,1.0,low,21479,-12.49,-5.49,-5.7,-5.3,0.139,0.72,False
ICPUSDT-5m,prevBear,PB,1.0,low,15046,-12.26,-5.26,-5.5,-5.0,0.117,0.73,False
ICPUSDT-5m,smaBelow,PB,1.0,low,13938,-12.23,-5.23,-5.5,-5.0,0.126,0.74,False
ICPUSDT-5m,C3_w8q,PB,1.0,low,10928,-12.32,-5.32,-5.5,-5.1,0.094,0.62,False
ICPUSDT-5m,C6_w9dip,PB,1.0,low,8058,-12.08,-5.08,-5.4,-4.8,0.095,0.73,False
ICPUSDT-5m,CQ7_w78q,PB,1.0,low,4637,-12.63,-5.63,-6.0,-5.3,0.144,0.65,False
ICPUSDT-5m,ALL,PB,1.0,mid,31395,-12.0,-5.0,-5.1,-4.9,0.059,0.64,False
ICPUSDT-5m,quiet,PB,1.0,mid,12077,-11.99,-4.99,-5.1,-4.9,0.05,0.53,False
ICPUSDT-5m,uwd78,PB,1.0,mid,12140,-12.29,-5.29,-5.5,-5.1,0.083,0.64,False
ICPUSDT-5m,uwd79,PB,1.0,mid,21479,-12.14,-5.14,-5.3,-5.0,0.072,0.64,False
ICPUSDT-5m,prevBear,PB,1.0,mid,15046,-12.0,-5.0,-5.2,-4.8,0.059,0.64,False
ICPUSDT-5m,smaBelow,PB,1.0,mid,13938,-12.0,-5.0,-5.2,-4.8,0.065,0.65,False
ICPUSDT-5m,C3_w8q,PB,1.0,mid,10928,-11.94,-4.94,-5.1,-4.8,0.046,0.54,False
ICPUSDT-5m,C6_w9dip,PB,1.0,mid,8058,-11.84,-4.84,-5.0,-4.7,0.047,0.63,False
ICPUSDT-5m,CQ7_w78q,PB,1.0,mid,4637,-12.31,-5.31,-5.5,-5.1,0.072,0.53,False
ICPUSDT-5m,ALL,PB,1.5,low,31395,-12.33,-5.33,-5.5,-5.1,0.096,0.73,False
ICPUSDT-5m,quiet,PB,1.5,low,12077,-12.27,-5.27,-5.5,-5.0,0.085,0.67,False
ICPUSDT-5m,uwd78,PB,1.5,low,12140,-12.55,-5.55,-5.9,-5.2,0.138,0.75,False
ICPUSDT-5m,uwd79,PB,1.5,low,21479,-12.5,-5.5,-5.7,-5.2,0.118,0.74,False
ICPUSDT-5m,prevBear,PB,1.5,low,15046,-12.26,-5.26,-5.5,-5.0,0.097,0.75,False
ICPUSDT-5m,smaBelow,PB,1.5,low,13938,-12.21,-5.21,-5.5,-4.9,0.106,0.76,False
ICPUSDT-5m,C3_w8q,PB,1.5,low,10928,-12.22,-5.22,-5.4,-5.0,0.08,0.67,False
ICPUSDT-5m,C6_w9dip,PB,1.5,low,8058,-12.0,-5.0,-5.4,-4.6,0.077,0.76,False
ICPUSDT-5m,CQ7_w78q,PB,1.5,low,4637,-12.54,-5.54,-5.9,-5.1,0.126,0.68,False
ICPUSDT-5m,ALL,PB,1.5,mid,31395,-11.92,-4.92,-5.0,-4.8,0.049,0.68,False
ICPUSDT-5m,quiet,PB,1.5,mid,12077,-11.87,-4.87,-5.0,-4.7,0.042,0.6,False
ICPUSDT-5m,uwd78,PB,1.5,mid,12140,-12.2,-5.2,-5.4,-4.9,0.071,0.68,False
ICPUSDT-5m,uwd79,PB,1.5,mid,21479,-12.08,-5.08,-5.2,-4.9,0.061,0.67,False
ICPUSDT-5m,prevBear,PB,1.5,mid,15046,-11.93,-4.93,-5.1,-4.7,0.049,0.67,False
ICPUSDT-5m,smaBelow,PB,1.5,mid,13938,-11.91,-4.91,-5.1,-4.7,0.054,0.69,False
ICPUSDT-5m,C3_w8q,PB,1.5,mid,10928,-11.8,-4.8,-5.0,-4.6,0.04,0.61,False
ICPUSDT-5m,C6_w9dip,PB,1.5,mid,8058,-11.73,-4.73,-5.0,-4.5,0.038,0.69,False
ICPUSDT-5m,CQ7_w78q,PB,1.5,mid,4637,-12.21,-5.21,-5.5,-4.9,0.062,0.58,False
ICPUSDT-15m,ALL,MKT,1.0,low,12953,-21.4,-14.4,-15.4,-13.5,0.444,0.59,False
ICPUSDT-15m,quiet,MKT,1.0,low,5029,-21.95,-14.95,-16.1,-13.8,0.423,0.49,False
ICPUSDT-15m,uwd78,MKT,1.0,low,5209,-23.93,-16.93,-18.4,-15.6,0.503,0.51,False
ICPUSDT-15m,uwd79,MKT,1.0,low,9100,-23.0,-16.0,-17.1,-14.8,0.474,0.54,False
ICPUSDT-15m,prevBear,MKT,1.0,low,6398,-20.42,-13.42,-14.7,-12.2,0.459,0.61,False
ICPUSDT-15m,smaBelow,MKT,1.0,low,5795,-20.37,-13.37,-14.7,-12.1,0.458,0.6,False
ICPUSDT-15m,C3_w8q,MKT,1.0,low,4470,-21.73,-14.73,-16.0,-13.5,0.414,0.5,False
ICPUSDT-15m,C6_w9dip,MKT,1.0,low,3100,-19.54,-12.54,-14.4,-10.8,0.415,0.64,False
ICPUSDT-15m,CQ7_w78q,MKT,1.0,low,2002,-24.98,-17.98,-19.8,-16.1,0.466,0.39,False
ICPUSDT-15m,ALL,MKT,1.0,mid,12953,-21.34,-14.34,-15.2,-13.5,0.416,0.57,False
ICPUSDT-15m,quiet,MKT,1.0,mid,5029,-21.87,-14.87,-16.0,-13.7,0.396,0.47,False
ICPUSDT-15m,uwd78,MKT,1.0,mid,5209,-23.81,-16.81,-18.2,-15.5,0.467,0.5,False
ICPUSDT-15m,uwd79,MKT,1.0,mid,9100,-22.98,-15.98,-17.1,-14.9,0.441,0.53,False
ICPUSDT-15m,prevBear,MKT,1.0,mid,6398,-20.65,-13.65,-14.9,-12.4,0.43,0.59,False
ICPUSDT-15m,smaBelow,MKT,1.0,mid,5795,-20.7,-13.7,-14.9,-12.4,0.425,0.57,False
ICPUSDT-15m,C3_w8q,MKT,1.0,mid,4470,-21.64,-14.64,-15.8,-13.5,0.387,0.48,False
ICPUSDT-15m,C6_w9dip,MKT,1.0,mid,3100,-19.8,-12.8,-14.6,-11.1,0.39,0.61,False
ICPUSDT-15m,CQ7_w78q,MKT,1.0,mid,2002,-24.64,-17.64,-19.4,-15.9,0.43,0.38,False
ICPUSDT-15m,ALL,MKT,1.5,low,12953,-18.61,-11.61,-12.7,-10.6,0.399,0.72,False
ICPUSDT-15m,quiet,MKT,1.5,low,5029,-19.14,-12.14,-13.4,-10.8,0.389,0.64,False
ICPUSDT-15m,uwd78,MKT,1.5,low,5209,-21.05,-14.05,-15.7,-12.5,0.464,0.65,False
ICPUSDT-15m,uwd79,MKT,1.5,low,9100,-20.16,-13.16,-14.5,-11.9,0.432,0.67,False
ICPUSDT-15m,prevBear,MKT,1.5,low,6398,-17.74,-10.74,-12.2,-9.3,0.413,0.74,False
ICPUSDT-15m,smaBelow,MKT,1.5,low,5795,-17.58,-10.58,-12.1,-9.1,0.413,0.74,False
ICPUSDT-15m,C3_w8q,MKT,1.5,low,4470,-18.86,-11.86,-13.3,-10.5,0.379,0.65,False
ICPUSDT-15m,C6_w9dip,MKT,1.5,low,3100,-16.26,-9.26,-11.4,-7.2,0.37,0.79,False
ICPUSDT-15m,CQ7_w78q,MKT,1.5,low,2002,-22.48,-15.48,-17.5,-13.5,0.436,0.52,False
ICPUSDT-15m,ALL,MKT,1.5,mid,12953,-18.39,-11.39,-12.4,-10.4,0.376,0.71,False
ICPUSDT-15m,quiet,MKT,1.5,mid,5029,-19.02,-12.02,-13.2,-10.7,0.365,0.62,False
ICPUSDT-15m,uwd78,MKT,1.5,mid,5209,-20.87,-13.87,-15.4,-12.4,0.432,0.64,False
ICPUSDT-15m,uwd79,MKT,1.5,mid,9100,-20.0,-13.0,-14.3,-11.8,0.404,0.66,False
ICPUSDT-15m,prevBear,MKT,1.5,mid,6398,-17.69,-10.69,-12.1,-9.3,0.389,0.73,False
ICPUSDT-15m,smaBelow,MKT,1.5,mid,5795,-17.74,-10.74,-12.2,-9.3,0.385,0.72,False
ICPUSDT-15m,C3_w8q,MKT,1.5,mid,4470,-18.72,-11.72,-13.1,-10.4,0.357,0.64,False
ICPUSDT-15m,C6_w9dip,MKT,1.5,mid,3100,-16.39,-9.39,-11.4,-7.4,0.348,0.77,False
ICPUSDT-15m,CQ7_w78q,MKT,1.5,mid,2002,-22.11,-15.11,-17.1,-13.2,0.405,0.51,False
ICPUSDT-15m,ALL,PB,1.0,low,11229,-12.82,-5.82,-6.3,-5.3,0.141,0.79,False
ICPUSDT-15m,quiet,PB,1.0,low,4477,-13.0,-6.0,-6.6,-5.4,0.134,0.71,False
ICPUSDT-15m,uwd78,PB,1.0,low,4380,-12.46,-5.46,-6.3,-4.5,0.198,0.86,False
ICPUSDT-15m,uwd79,PB,1.0,low,7731,-12.75,-5.75,-6.4,-5.1,0.171,0.82,False
ICPUSDT-15m,prevBear,PB,1.0,low,5555,-12.01,-5.01,-5.7,-4.2,0.149,0.88,False
ICPUSDT-15m,smaBelow,PB,1.0,low,5046,-12.5,-5.5,-6.2,-4.8,0.157,0.82,False
ICPUSDT-15m,C3_w8q,PB,1.0,low,3999,-12.89,-5.89,-6.5,-5.3,0.131,0.72,False
ICPUSDT-15m,C6_w9dip,PB,1.0,low,2751,-12.96,-5.96,-6.8,-5.0,0.113,0.74,False
ICPUSDT-15m,CQ7_w78q,PB,1.0,low,1755,-13.19,-6.19,-7.2,-5.1,0.195,0.75,False
ICPUSDT-15m,ALL,PB,1.0,mid,11229,-12.82,-5.82,-6.1,-5.5,0.071,0.65,False
ICPUSDT-15m,quiet,PB,1.0,mid,4477,-12.78,-5.78,-6.1,-5.4,0.067,0.57,False
ICPUSDT-15m,uwd78,PB,1.0,mid,4380,-12.94,-5.94,-6.5,-5.3,0.102,0.7,False
ICPUSDT-15m,uwd79,PB,1.0,mid,7731,-12.89,-5.89,-6.3,-5.4,0.088,0.68,False
ICPUSDT-15m,prevBear,PB,1.0,mid,5555,-12.37,-5.37,-5.8,-4.8,0.076,0.72,False
ICPUSDT-15m,smaBelow,PB,1.0,mid,5046,-12.62,-5.62,-6.1,-5.1,0.08,0.68,False
ICPUSDT-15m,C3_w8q,PB,1.0,mid,3999,-12.74,-5.74,-6.1,-5.4,0.065,0.57,False
ICPUSDT-15m,C6_w9dip,PB,1.0,mid,2751,-12.59,-5.59,-6.2,-5.0,0.056,0.64,False
ICPUSDT-15m,CQ7_w78q,PB,1.0,mid,1755,-13.48,-6.48,-7.1,-5.8,0.092,0.54,False
ICPUSDT-15m,ALL,PB,1.5,low,11229,-13.15,-6.15,-6.7,-5.6,0.116,0.77,False
ICPUSDT-15m,quiet,PB,1.5,low,4477,-13.08,-6.08,-6.7,-5.5,0.112,0.72,False
ICPUSDT-15m,uwd78,PB,1.5,low,4380,-12.8,-5.8,-6.8,-4.7,0.168,0.84,False
ICPUSDT-15m,uwd79,PB,1.5,low,7731,-13.01,-6.01,-6.8,-5.3,0.143,0.81,False
ICPUSDT-15m,prevBear,PB,1.5,low,5555,-12.64,-5.64,-6.4,-4.9,0.121,0.82,False
ICPUSDT-15m,smaBelow,PB,1.5,low,5046,-12.68,-5.68,-6.5,-4.8,0.13,0.82,False
ICPUSDT-15m,C3_w8q,PB,1.5,low,3999,-13.05,-6.05,-6.7,-5.4,0.107,0.72,False
ICPUSDT-15m,C6_w9dip,PB,1.5,low,2751,-13.17,-6.17,-7.1,-5.1,0.089,0.73,False
ICPUSDT-15m,CQ7_w78q,PB,1.5,low,1755,-13.53,-6.53,-7.7,-5.4,0.164,0.73,False
ICPUSDT-15m,ALL,PB,1.5,mid,11229,-12.84,-5.84,-6.2,-5.4,0.058,0.66,False
ICPUSDT-15m,quiet,PB,1.5,mid,4477,-12.56,-5.56,-6.0,-5.1,0.058,0.63,False
ICPUSDT-15m,uwd78,PB,1.5,mid,4380,-12.98,-5.98,-6.7,-5.3,0.086,0.71,False
ICPUSDT-15m,uwd79,PB,1.5,mid,7731,-12.95,-5.95,-6.4,-5.5,0.073,0.68,False
ICPUSDT-15m,prevBear,PB,1.5,mid,5555,-12.47,-5.47,-6.0,-4.9,0.063,0.72,False
ICPUSDT-15m,smaBelow,PB,1.5,mid,5046,-12.58,-5.58,-6.1,-5.0,0.067,0.7,False
ICPUSDT-15m,C3_w8q,PB,1.5,mid,3999,-12.56,-5.56,-6.0,-5.1,0.055,0.62,False
ICPUSDT-15m,C6_w9dip,PB,1.5,mid,2751,-12.6,-5.6,-6.2,-4.9,0.045,0.64,False
ICPUSDT-15m,CQ7_w78q,PB,1.5,mid,1755,-13.14,-6.14,-6.9,-5.4,0.083,0.61,False
ICPUSDT-30m,ALL,MKT,1.0,low,6512,-22.96,-15.96,-17.6,-14.3,0.431,0.64,False
ICPUSDT-30m,quiet,MKT,1.0,low,2668,-25.0,-18.0,-20.0,-16.0,0.412,0.51,False
ICPUSDT-30m,uwd78,MKT,1.0,low,2606,-26.01,-19.01,-21.6,-16.4,0.486,0.57,False
ICPUSDT-30m,uwd79,MKT,1.0,low,4569,-24.12,-17.12,-19.0,-15.2,0.465,0.61,False
ICPUSDT-30m,prevBear,MKT,1.0,low,3289,-21.35,-14.35,-16.5,-12.1,0.445,0.67,False
ICPUSDT-30m,smaBelow,MKT,1.0,low,3011,-21.62,-14.62,-16.8,-12.3,0.443,0.65,False
ICPUSDT-30m,C3_w8q,MKT,1.0,low,2392,-24.61,-17.61,-19.8,-15.5,0.404,0.53,False
ICPUSDT-30m,C6_w9dip,MKT,1.0,low,1589,-19.14,-12.14,-15.5,-8.8,0.411,0.73,False
ICPUSDT-30m,CQ7_w78q,MKT,1.0,low,1070,-26.16,-19.16,-22.2,-16.1,0.467,0.48,False
ICPUSDT-30m,ALL,MKT,1.0,mid,6512,-22.89,-15.89,-17.5,-14.3,0.397,0.62,False
ICPUSDT-30m,quiet,MKT,1.0,mid,2668,-24.68,-17.68,-19.6,-15.8,0.382,0.5,False
ICPUSDT-30m,uwd78,MKT,1.0,mid,2606,-25.73,-18.73,-21.2,-16.1,0.443,0.55,False
ICPUSDT-30m,uwd79,MKT,1.0,mid,4569,-24.21,-17.21,-19.1,-15.3,0.424,0.59,False
ICPUSDT-30m,prevBear,MKT,1.0,mid,3289,-21.32,-14.32,-16.4,-12.1,0.412,0.66,False
ICPUSDT-30m,smaBelow,MKT,1.0,mid,3011,-21.8,-14.8,-17.0,-12.7,0.404,0.62,False
ICPUSDT-30m,C3_w8q,MKT,1.0,mid,2392,-24.28,-17.28,-19.4,-15.2,0.377,0.51,False
ICPUSDT-30m,C6_w9dip,MKT,1.0,mid,1589,-19.76,-12.76,-15.9,-9.5,0.377,0.7,False
ICPUSDT-30m,CQ7_w78q,MKT,1.0,mid,1070,-25.9,-18.9,-21.8,-16.0,0.427,0.46,False
ICPUSDT-30m,ALL,MKT,1.5,low,6512,-18.88,-11.88,-13.7,-10.0,0.389,0.78,False
ICPUSDT-30m,quiet,MKT,1.5,low,2668,-21.04,-14.04,-16.4,-11.8,0.379,0.67,False
ICPUSDT-30m,uwd78,MKT,1.5,low,2606,-22.1,-15.1,-18.2,-12.3,0.448,0.7,False
ICPUSDT-30m,uwd79,MKT,1.5,low,4569,-19.86,-12.86,-15.2,-10.6,0.427,0.76,False
ICPUSDT-30m,prevBear,MKT,1.5,low,3289,-16.66,-9.66,-12.3,-7.0,0.404,0.83,False
ICPUSDT-30m,smaBelow,MKT,1.5,low,3011,-17.46,-10.46,-13.1,-7.8,0.401,0.8,False
ICPUSDT-30m,C3_w8q,MKT,1.5,low,2392,-20.59,-13.59,-16.1,-11.0,0.372,0.68,False
ICPUSDT-30m,C6_w9dip,MKT,1.5,low,1589,-14.67,-7.67,-11.5,-3.8,0.367,0.89,False
ICPUSDT-30m,CQ7_w78q,MKT,1.5,low,1070,-22.91,-15.91,-19.4,-12.4,0.436,0.61,False
ICPUSDT-30m,ALL,MKT,1.5,mid,6512,-18.43,-11.43,-13.2,-9.6,0.36,0.78,False
ICPUSDT-30m,quiet,MKT,1.5,mid,2668,-20.84,-13.84,-16.0,-11.7,0.351,0.65,False
ICPUSDT-30m,uwd78,MKT,1.5,mid,2606,-21.85,-14.85,-17.6,-12.2,0.408,0.69,False
ICPUSDT-30m,uwd79,MKT,1.5,mid,4569,-19.56,-12.56,-14.8,-10.4,0.392,0.75,False
ICPUSDT-30m,prevBear,MKT,1.5,mid,3289,-16.52,-9.52,-12.0,-7.0,0.375,0.83,False
ICPUSDT-30m,smaBelow,MKT,1.5,mid,3011,-17.25,-10.25,-12.8,-7.8,0.369,0.79,False
ICPUSDT-30m,C3_w8q,MKT,1.5,mid,2392,-20.41,-13.41,-15.9,-11.0,0.346,0.67,False
ICPUSDT-30m,C6_w9dip,MKT,1.5,mid,1589,-14.79,-7.79,-11.4,-4.1,0.339,0.88,False
ICPUSDT-30m,CQ7_w78q,MKT,1.5,mid,1070,-22.84,-15.84,-19.2,-12.5,0.397,0.6,False
ICPUSDT-30m,ALL,PB,1.0,low,5813,-12.61,-5.61,-6.6,-4.6,0.176,0.88,False
ICPUSDT-30m,quiet,PB,1.0,low,2445,-12.51,-5.51,-6.7,-4.3,0.175,0.86,False
ICPUSDT-30m,uwd78,PB,1.0,low,2257,-12.66,-5.66,-7.5,-3.8,0.228,0.89,False
ICPUSDT-30m,uwd79,PB,1.0,low,4012,-12.52,-5.52,-6.8,-4.2,0.206,0.89,False
ICPUSDT-30m,prevBear,PB,1.0,low,2946,-11.55,-4.55,-6.0,-3.0,0.18,0.96,False
ICPUSDT-30m,smaBelow,PB,1.0,low,2714,-13.29,-6.29,-7.7,-4.9,0.181,0.82,False
ICPUSDT-30m,C3_w8q,PB,1.0,low,2197,-12.53,-5.53,-6.7,-4.3,0.168,0.85,False
ICPUSDT-30m,C6_w9dip,PB,1.0,low,1457,-12.23,-5.23,-7.2,-3.1,0.157,0.9,False
ICPUSDT-30m,CQ7_w78q,PB,1.0,low,955,-11.88,-4.88,-6.9,-2.8,0.232,0.93,False
ICPUSDT-30m,ALL,PB,1.0,mid,5813,-12.04,-5.04,-5.7,-4.3,0.095,0.86,False
ICPUSDT-30m,quiet,PB,1.0,mid,2445,-12.54,-5.54,-6.4,-4.7,0.087,0.76,False
ICPUSDT-30m,uwd78,PB,1.0,mid,2257,-12.33,-5.33,-6.7,-4.0,0.123,0.85,False
ICPUSDT-30m,uwd79,PB,1.0,mid,4012,-12.26,-5.26,-6.2,-4.3,0.112,0.85,False
ICPUSDT-30m,prevBear,PB,1.0,mid,2946,-11.72,-4.72,-5.7,-3.7,0.095,0.9,False
ICPUSDT-30m,smaBelow,PB,1.0,mid,2714,-12.53,-5.53,-6.6,-4.6,0.1,0.8,False
ICPUSDT-30m,C3_w8q,PB,1.0,mid,2197,-12.57,-5.57,-6.4,-4.7,0.083,0.74,False
ICPUSDT-30m,C6_w9dip,PB,1.0,mid,1457,-12.16,-5.16,-6.5,-3.6,0.084,0.83,False
ICPUSDT-30m,CQ7_w78q,PB,1.0,mid,955,-12.28,-5.28,-6.7,-3.7,0.116,0.82,False
ICPUSDT-30m,ALL,PB,1.5,low,5813,-12.67,-5.67,-6.8,-4.5,0.143,0.88,False
ICPUSDT-30m,quiet,PB,1.5,low,2445,-12.32,-5.32,-6.7,-3.9,0.144,0.88,False
ICPUSDT-30m,uwd78,PB,1.5,low,2257,-12.93,-5.93,-7.9,-3.8,0.189,0.88,False
ICPUSDT-30m,uwd79,PB,1.5,low,4012,-12.65,-5.65,-7.1,-4.1,0.17,0.89,False
ICPUSDT-30m,prevBear,PB,1.5,low,2946,-11.16,-4.16,-5.9,-2.5,0.15,0.99,False
ICPUSDT-30m,smaBelow,PB,1.5,low,2714,-13.24,-6.24,-7.8,-4.5,0.149,0.84,False
ICPUSDT-30m,C3_w8q,PB,1.5,low,2197,-12.41,-5.41,-6.8,-3.9,0.137,0.87,False
ICPUSDT-30m,C6_w9dip,PB,1.5,low,1457,-12.21,-5.21,-7.5,-2.7,0.128,0.91,False
ICPUSDT-30m,CQ7_w78q,PB,1.5,low,955,-11.58,-4.58,-6.8,-2.1,0.197,0.95,False
ICPUSDT-30m,ALL,PB,1.5,mid,5813,-11.72,-4.72,-5.6,-3.8,0.078,0.91,False
ICPUSDT-30m,quiet,PB,1.5,mid,2445,-12.33,-5.33,-6.3,-4.4,0.071,0.8,False
ICPUSDT-30m,uwd78,PB,1.5,mid,2257,-12.1,-5.1,-6.5,-3.6,0.103,0.88,False
ICPUSDT-30m,uwd79,PB,1.5,mid,4012,-11.88,-4.88,-5.9,-3.8,0.093,0.9,False
ICPUSDT-30m,prevBear,PB,1.5,mid,2946,-11.17,-4.17,-5.4,-2.9,0.08,0.98,False
ICPUSDT-30m,smaBelow,PB,1.5,mid,2714,-12.2,-5.2,-6.3,-4.0,0.084,0.85,False
ICPUSDT-30m,C3_w8q,PB,1.5,mid,2197,-12.49,-5.49,-6.5,-4.4,0.066,0.77,False
ICPUSDT-30m,C6_w9dip,PB,1.5,mid,1457,-11.94,-4.94,-6.6,-3.1,0.069,0.87,False
ICPUSDT-30m,CQ7_w78q,PB,1.5,mid,955,-11.81,-4.81,-6.4,-3.0,0.099,0.89,False
ICPUSDT-1h,ALL,MKT,1.0,low,3260,-29.64,-22.64,-26.1,-19.1,0.427,0.61,False
ICPUSDT-1h,quiet,MKT,1.0,low,1253,-31.98,-24.98,-29.2,-20.7,0.393,0.49,False
ICPUSDT-1h,uwd78,MKT,1.0,low,1302,-37.31,-30.31,-35.7,-24.8,0.466,0.51,False
ICPUSDT-1h,uwd79,MKT,1.0,low,2281,-33.02,-26.02,-30.1,-21.7,0.452,0.56,False
ICPUSDT-1h,prevBear,MKT,1.0,low,1608,-27.69,-20.69,-25.2,-16.0,0.446,0.64,False
ICPUSDT-1h,smaBelow,MKT,1.0,low,1490,-28.47,-21.47,-26.0,-17.1,0.44,0.61,False
ICPUSDT-1h,C3_w8q,MKT,1.0,low,1130,-31.5,-24.5,-28.9,-20.1,0.388,0.5,False
ICPUSDT-1h,C6_w9dip,MKT,1.0,low,748,-25.05,-18.05,-25.0,-11.4,0.406,0.69,False
ICPUSDT-1h,CQ7_w78q,MKT,1.0,low,498,-34.14,-27.14,-34.0,-20.4,0.442,0.45,False
ICPUSDT-1h,ALL,MKT,1.0,mid,3260,-29.79,-22.79,-26.1,-19.4,0.388,0.59,False
ICPUSDT-1h,quiet,MKT,1.0,mid,1253,-32.7,-25.7,-29.7,-21.7,0.348,0.45,False
ICPUSDT-1h,uwd78,MKT,1.0,mid,1302,-36.58,-29.58,-34.7,-24.3,0.425,0.49,False
ICPUSDT-1h,uwd79,MKT,1.0,mid,2281,-32.96,-25.96,-30.0,-22.0,0.409,0.54,False
ICPUSDT-1h,prevBear,MKT,1.0,mid,1608,-27.73,-20.73,-25.1,-16.2,0.408,0.62,False
ICPUSDT-1h,smaBelow,MKT,1.0,mid,1490,-28.73,-21.73,-26.0,-17.5,0.399,0.58,False
ICPUSDT-1h,C3_w8q,MKT,1.0,mid,1130,-31.92,-24.92,-29.3,-20.7,0.344,0.46,False
ICPUSDT-1h,C6_w9dip,MKT,1.0,mid,748,-26.3,-19.3,-25.8,-12.9,0.364,0.64,False
ICPUSDT-1h,CQ7_w78q,MKT,1.0,mid,498,-35.21,-28.21,-34.6,-21.9,0.392,0.41,False
ICPUSDT-1h,ALL,MKT,1.5,low,3260,-24.74,-17.74,-21.8,-13.7,0.381,0.74,False
ICPUSDT-1h,quiet,MKT,1.5,low,1253,-26.13,-19.13,-23.9,-14.4,0.358,0.64,False
ICPUSDT-1h,uwd78,MKT,1.5,low,1302,-33.66,-26.66,-33.0,-20.5,0.426,0.61,False
ICPUSDT-1h,uwd79,MKT,1.5,low,2281,-29.21,-22.21,-27.1,-17.5,0.407,0.67,False
ICPUSDT-1h,prevBear,MKT,1.5,low,1608,-22.38,-15.38,-20.7,-10.0,0.397,0.77,False
ICPUSDT-1h,smaBelow,MKT,1.5,low,1490,-22.41,-15.41,-20.6,-10.2,0.398,0.76,False
ICPUSDT-1h,C3_w8q,MKT,1.5,low,1130,-25.66,-18.66,-23.7,-13.7,0.353,0.65,False
ICPUSDT-1h,C6_w9dip,MKT,1.5,low,748,-19.54,-12.54,-20.4,-4.4,0.361,0.82,False
ICPUSDT-1h,CQ7_w78q,MKT,1.5,low,498,-28.84,-21.84,-29.3,-14.6,0.412,0.6,False
ICPUSDT-1h,ALL,MKT,1.5,mid,3260,-24.63,-17.63,-21.6,-13.8,0.349,0.72,False
ICPUSDT-1h,quiet,MKT,1.5,mid,1253,-26.9,-19.9,-24.5,-15.3,0.322,0.61,False
ICPUSDT-1h,uwd78,MKT,1.5,mid,1302,-32.79,-25.79,-31.9,-19.9,0.39,0.6,False
ICPUSDT-1h,uwd79,MKT,1.5,mid,2281,-28.75,-21.75,-26.2,-17.2,0.373,0.65,False
ICPUSDT-1h,prevBear,MKT,1.5,mid,1608,-22.59,-15.59,-20.6,-10.5,0.363,0.75,False
ICPUSDT-1h,smaBelow,MKT,1.5,mid,1490,-22.41,-15.41,-20.3,-10.4,0.362,0.74,False
ICPUSDT-1h,C3_w8q,MKT,1.5,mid,1130,-26.08,-19.08,-23.9,-14.4,0.318,0.62,False
ICPUSDT-1h,C6_w9dip,MKT,1.5,mid,748,-20.72,-13.72,-21.1,-5.9,0.324,0.78,False
ICPUSDT-1h,CQ7_w78q,MKT,1.5,mid,498,-30.4,-23.4,-30.7,-16.4,0.365,0.54,False
ICPUSDT-1h,ALL,PB,1.0,low,2943,-11.89,-4.89,-7.0,-2.8,0.191,0.95,False
ICPUSDT-1h,quiet,PB,1.0,low,1164,-13.78,-6.78,-9.0,-4.3,0.182,0.82,False
ICPUSDT-1h,uwd78,PB,1.0,low,1141,-12.59,-5.59,-9.1,-2.0,0.227,0.93,False
ICPUSDT-1h,uwd79,PB,1.0,low,2029,-12.29,-5.29,-7.7,-2.5,0.214,0.94,False
ICPUSDT-1h,prevBear,PB,1.0,low,1452,-11.75,-4.75,-7.8,-1.6,0.196,0.96,False
ICPUSDT-1h,smaBelow,PB,1.0,low,1359,-13.79,-6.79,-9.5,-4.0,0.196,0.85,False
ICPUSDT-1h,C3_w8q,PB,1.0,low,1053,-14.37,-7.37,-9.8,-4.8,0.177,0.78,False
ICPUSDT-1h,C6_w9dip,PB,1.0,low,691,-12.06,-5.06,-8.8,-1.0,0.164,0.94,False
ICPUSDT-1h,CQ7_w78q,PB,1.0,low,457,-12.34,-5.34,-9.5,-1.1,0.236,0.92,False
ICPUSDT-1h,ALL,PB,1.0,mid,2943,-12.2,-5.2,-6.6,-3.7,0.105,0.89,False
ICPUSDT-1h,quiet,PB,1.0,mid,1164,-13.53,-6.53,-8.1,-4.9,0.096,0.73,False
ICPUSDT-1h,uwd78,PB,1.0,mid,1141,-13.77,-6.77,-9.1,-4.1,0.122,0.8,False
ICPUSDT-1h,uwd79,PB,1.0,mid,2029,-12.51,-5.51,-7.3,-3.5,0.118,0.88,False
ICPUSDT-1h,prevBear,PB,1.0,mid,1452,-11.68,-4.68,-6.8,-2.4,0.11,0.94,False
ICPUSDT-1h,smaBelow,PB,1.0,mid,1359,-13.36,-6.36,-8.2,-4.4,0.107,0.78,False
ICPUSDT-1h,C3_w8q,PB,1.0,mid,1053,-13.54,-6.54,-8.1,-4.8,0.095,0.72,False
ICPUSDT-1h,C6_w9dip,PB,1.0,mid,691,-11.72,-4.72,-7.4,-1.7,0.094,0.93,False
ICPUSDT-1h,CQ7_w78q,PB,1.0,mid,457,-14.15,-7.15,-10.0,-4.2,0.12,0.72,False
ICPUSDT-1h,ALL,PB,1.5,low,2943,-11.77,-4.77,-7.2,-2.3,0.156,0.96,False
ICPUSDT-1h,quiet,PB,1.5,low,1164,-12.47,-5.47,-8.2,-2.4,0.155,0.91,False
ICPUSDT-1h,uwd78,PB,1.5,low,1141,-13.67,-6.67,-10.6,-2.4,0.189,0.89,False
ICPUSDT-1h,uwd79,PB,1.5,low,2029,-12.38,-5.38,-8.2,-2.2,0.179,0.94,False
ICPUSDT-1h,prevBear,PB,1.5,low,1452,-12.1,-5.1,-8.8,-1.6,0.16,0.95,False
ICPUSDT-1h,smaBelow,PB,1.5,low,1359,-12.87,-5.87,-9.0,-2.6,0.168,0.9,False
ICPUSDT-1h,C3_w8q,PB,1.5,low,1053,-12.79,-5.79,-8.5,-2.6,0.151,0.89,False
ICPUSDT-1h,C6_w9dip,PB,1.5,low,691,-9.98,-2.98,-7.7,2.4,0.139,1.06,False
ICPUSDT-1h,CQ7_w78q,PB,1.5,low,457,-10.91,-3.91,-8.8,1.2,0.208,1.0,False
ICPUSDT-1h,ALL,PB,1.5,mid,2943,-11.75,-4.75,-6.4,-3.1,0.086,0.93,False
ICPUSDT-1h,quiet,PB,1.5,mid,1164,-12.26,-5.26,-7.2,-3.2,0.086,0.87,False
ICPUSDT-1h,uwd78,PB,1.5,mid,1141,-13.96,-6.96,-9.6,-4.2,0.101,0.79,False
ICPUSDT-1h,uwd79,PB,1.5,mid,2029,-12.08,-5.08,-7.2,-2.8,0.098,0.92,False
ICPUSDT-1h,prevBear,PB,1.5,mid,1452,-11.4,-4.4,-6.9,-1.8,0.09,0.97,False
ICPUSDT-1h,smaBelow,PB,1.5,mid,1359,-12.07,-5.07,-7.2,-2.7,0.094,0.9,False
ICPUSDT-1h,C3_w8q,PB,1.5,mid,1053,-12.12,-5.12,-7.1,-3.0,0.085,0.88,False
ICPUSDT-1h,C6_w9dip,PB,1.5,mid,691,-10.08,-3.08,-6.4,0.9,0.082,1.09,False
ICPUSDT-1h,CQ7_w78q,PB,1.5,mid,457,-13.12,-6.12,-9.4,-2.5,0.107,0.82,False
ICPUSDT-4h,ALL,MKT,1.0,low,819,-46.83,-39.83,-52.3,-27.9,0.399,0.62,False
ICPUSDT-4h,quiet,MKT,1.0,low,317,-56.02,-49.02,-64.3,-32.7,0.375,0.47,False
ICPUSDT-4h,uwd78,MKT,1.0,low,327,-69.24,-62.24,-82.1,-41.1,0.416,0.47,False
ICPUSDT-4h,uwd79,MKT,1.0,low,573,-55.17,-48.17,-62.5,-33.1,0.414,0.56,False
ICPUSDT-4h,prevBear,MKT,1.0,low,385,-41.38,-34.38,-52.7,-16.0,0.418,0.66,False
ICPUSDT-4h,smaBelow,MKT,1.0,low,377,-56.31,-49.31,-66.9,-32.9,0.371,0.51,False
ICPUSDT-4h,C3_w8q,MKT,1.0,low,284,-60.48,-53.48,-69.6,-37.1,0.345,0.43,False
ICPUSDT-4h,C6_w9dip,MKT,1.0,low,199,-24.82,-17.82,-39.5,3.9,0.382,0.81,False
ICPUSDT-4h,CQ7_w78q,MKT,1.0,low,133,-70.16,-63.16,-92.1,-36.7,0.383,0.4,False
ICPUSDT-4h,ALL,MKT,1.0,mid,819,-47.2,-40.2,-52.0,-28.8,0.357,0.6,False
ICPUSDT-4h,quiet,MKT,1.0,mid,317,-55.21,-48.21,-62.9,-32.4,0.331,0.45,False
ICPUSDT-4h,uwd78,MKT,1.0,mid,327,-70.59,-63.59,-82.1,-43.7,0.364,0.44,False
ICPUSDT-4h,uwd79,MKT,1.0,mid,573,-56.65,-49.65,-63.4,-35.4,0.366,0.53,False
ICPUSDT-4h,prevBear,MKT,1.0,mid,385,-38.67,-31.67,-49.5,-14.2,0.382,0.67,False
ICPUSDT-4h,smaBelow,MKT,1.0,mid,377,-52.84,-45.84,-62.4,-30.1,0.334,0.51,False
ICPUSDT-4h,C3_w8q,MKT,1.0,mid,284,-57.82,-50.82,-66.0,-34.9,0.303,0.42,False
ICPUSDT-4h,C6_w9dip,MKT,1.0,mid,199,-20.7,-13.7,-34.7,7.5,0.357,0.86,False
ICPUSDT-4h,CQ7_w78q,MKT,1.0,mid,133,-72.38,-65.38,-92.6,-39.6,0.323,0.35,False
ICPUSDT-4h,ALL,MKT,1.5,low,819,-33.72,-26.72,-41.5,-12.5,0.36,0.78,False
ICPUSDT-4h,quiet,MKT,1.5,low,317,-46.16,-39.16,-56.7,-20.0,0.341,0.6,False
ICPUSDT-4h,uwd78,MKT,1.5,low,327,-57.2,-50.2,-73.2,-26.2,0.382,0.61,False
ICPUSDT-4h,uwd79,MKT,1.5,low,573,-45.47,-38.47,-55.4,-21.4,0.372,0.68,False
ICPUSDT-4h,prevBear,MKT,1.5,low,385,-29.78,-22.78,-44.5,-1.7,0.377,0.81,False
ICPUSDT-4h,smaBelow,MKT,1.5,low,377,-47.25,-40.25,-59.4,-21.3,0.329,0.63,False
ICPUSDT-4h,C3_w8q,MKT,1.5,low,284,-53.67,-46.67,-65.0,-28.6,0.306,0.53,False
ICPUSDT-4h,C6_w9dip,MKT,1.5,low,199,-13.8,-6.8,-33.1,20.5,0.337,0.97,False
ICPUSDT-4h,CQ7_w78q,MKT,1.5,low,133,-54.6,-47.6,-80.3,-16.0,0.368,0.57,False
ICPUSDT-4h,ALL,MKT,1.5,mid,819,-35.99,-28.99,-42.5,-15.4,0.317,0.74,False
ICPUSDT-4h,quiet,MKT,1.5,mid,317,-46.39,-39.39,-55.7,-21.6,0.297,0.57,False
ICPUSDT-4h,uwd78,MKT,1.5,mid,327,-60.57,-53.57,-74.4,-30.7,0.33,0.56,False
ICPUSDT-4h,uwd79,MKT,1.5,mid,573,-47.7,-40.7,-57.3,-24.3,0.328,0.64,False
ICPUSDT-4h,prevBear,MKT,1.5,mid,385,-26.84,-19.84,-40.5,0.4,0.34,0.82,False
ICPUSDT-4h,smaBelow,MKT,1.5,mid,377,-44.63,-37.63,-56.3,-19.6,0.289,0.63,False
ICPUSDT-4h,C3_w8q,MKT,1.5,mid,284,-50.62,-43.62,-60.7,-26.2,0.268,0.52,False
ICPUSDT-4h,C6_w9dip,MKT,1.5,mid,199,-9.05,-2.05,-27.0,24.6,0.312,1.03,False
ICPUSDT-4h,CQ7_w78q,MKT,1.5,mid,133,-59.62,-52.62,-82.9,-23.2,0.308,0.5,False
ICPUSDT-4h,ALL,PB,1.0,low,757,-14.93,-7.93,-15.9,-0.1,0.198,0.9,False
ICPUSDT-4h,quiet,PB,1.0,low,299,-16.61,-9.61,-20.5,0.7,0.221,0.85,False
ICPUSDT-4h,uwd78,PB,1.0,low,300,-16.14,-9.14,-21.9,4.4,0.23,0.88,False
ICPUSDT-4h,uwd79,PB,1.0,low,526,-16.58,-9.58,-19.7,0.4,0.209,0.87,False
ICPUSDT-4h,prevBear,PB,1.0,low,356,-18.74,-11.74,-22.3,-0.3,0.191,0.81,False
ICPUSDT-4h,smaBelow,PB,1.0,low,356,-20.23,-13.23,-23.4,-2.2,0.191,0.76,False
ICPUSDT-4h,C3_w8q,PB,1.0,low,270,-18.35,-11.35,-21.8,-1.3,0.211,0.79,False
ICPUSDT-4h,C6_w9dip,PB,1.0,low,183,-16.7,-9.7,-24.1,7.4,0.164,0.85,False
ICPUSDT-4h,CQ7_w78q,PB,1.0,low,122,-8.51,-1.51,-20.3,19.1,0.279,1.06,False
ICPUSDT-4h,ALL,PB,1.0,mid,757,-16.99,-9.99,-15.1,-4.6,0.096,0.75,False
ICPUSDT-4h,quiet,PB,1.0,mid,299,-16.16,-9.16,-16.1,-1.9,0.117,0.76,False
ICPUSDT-4h,uwd78,PB,1.0,mid,300,-17.21,-10.21,-18.3,-1.8,0.123,0.77,False
ICPUSDT-4h,uwd79,PB,1.0,mid,526,-17.15,-10.15,-16.8,-3.3,0.112,0.76,False
ICPUSDT-4h,prevBear,PB,1.0,mid,356,-13.43,-6.43,-14.4,2.6,0.104,0.9,False
ICPUSDT-4h,smaBelow,PB,1.0,mid,356,-15.72,-8.72,-16.2,-0.2,0.098,0.79,False
ICPUSDT-4h,C3_w8q,PB,1.0,mid,270,-16.72,-9.72,-16.0,-2.8,0.111,0.72,False
ICPUSDT-4h,C6_w9dip,PB,1.0,mid,183,-14.33,-7.33,-17.8,5.8,0.077,0.84,False
ICPUSDT-4h,CQ7_w78q,PB,1.0,mid,122,-13.41,-6.41,-18.7,7.0,0.156,0.9,False
ICPUSDT-4h,ALL,PB,1.5,low,757,-15.77,-8.77,-17.7,0.3,0.157,0.89,False
ICPUSDT-4h,quiet,PB,1.5,low,299,-20.53,-13.53,-25.1,-2.2,0.164,0.76,False
ICPUSDT-4h,uwd78,PB,1.5,low,300,-16.09,-9.09,-23.9,6.0,0.193,0.89,False
ICPUSDT-4h,uwd79,PB,1.5,low,526,-18.01,-11.01,-21.7,0.4,0.169,0.85,False
ICPUSDT-4h,prevBear,PB,1.5,low,356,-22.4,-15.4,-27.8,-2.6,0.143,0.75,False
ICPUSDT-4h,smaBelow,PB,1.5,low,356,-24.96,-17.96,-28.6,-7.5,0.146,0.67,False
ICPUSDT-4h,C3_w8q,PB,1.5,low,270,-24.55,-17.55,-28.7,-6.7,0.148,0.65,False
ICPUSDT-4h,C6_w9dip,PB,1.5,low,183,-25.62,-18.62,-32.4,-2.4,0.115,0.65,False
ICPUSDT-4h,CQ7_w78q,PB,1.5,low,122,-9.53,-2.53,-24.3,22.4,0.23,1.03,False
ICPUSDT-4h,ALL,PB,1.5,mid,757,-17.3,-10.3,-16.2,-4.1,0.074,0.75,False
ICPUSDT-4h,quiet,PB,1.5,mid,299,-17.66,-10.66,-18.2,-3.0,0.084,0.71,False
ICPUSDT-4h,uwd78,PB,1.5,mid,300,-15.07,-8.07,-18.0,2.5,0.103,0.85,False
ICPUSDT-4h,uwd79,PB,1.5,mid,526,-17.06,-10.06,-17.3,-2.9,0.089,0.77,False
ICPUSDT-4h,prevBear,PB,1.5,mid,356,-13.93,-6.93,-16.2,3.5,0.079,0.88,False
ICPUSDT-4h,smaBelow,PB,1.5,mid,356,-19.21,-12.21,-19.3,-4.7,0.07,0.65,False
ICPUSDT-4h,C3_w8q,PB,1.5,mid,270,-19.43,-12.43,-19.3,-5.0,0.074,0.61,False
ICPUSDT-4h,C6_w9dip,PB,1.5,mid,183,-21.29,-14.29,-23.5,-3.4,0.044,0.54,False
ICPUSDT-4h,CQ7_w78q,PB,1.5,mid,122,-12.44,-5.44,-19.5,11.2,0.123,0.94,False
BTCUSDT-15m,ALL,MKT,1.0,low,13282,-14.3,-7.3,-7.8,-6.9,0.453,0.69,False
BTCUSDT-15m,quiet,MKT,1.0,low,5351,-14.47,-7.47,-7.9,-7.0,0.448,0.59,False
BTCUSDT-15m,uwd78,MKT,1.0,low,5313,-15.64,-8.64,-9.4,-7.9,0.505,0.59,False
BTCUSDT-15m,uwd79,MKT,1.0,low,9298,-15.23,-8.23,-8.8,-7.7,0.478,0.62,False
BTCUSDT-15m,prevBear,MKT,1.0,low,6229,-14.35,-7.35,-8.0,-6.7,0.468,0.67,False
BTCUSDT-15m,smaBelow,MKT,1.0,low,5380,-14.49,-7.49,-8.3,-6.8,0.47,0.65,False
BTCUSDT-15m,C3_w8q,MKT,1.0,low,4788,-14.13,-7.13,-7.6,-6.6,0.446,0.62,False
BTCUSDT-15m,C6_w9dip,MKT,1.0,low,3012,-13.28,-6.28,-7.1,-5.4,0.442,0.76,False
BTCUSDT-15m,CQ7_w78q,MKT,1.0,low,2178,-15.86,-8.86,-9.5,-8.1,0.48,0.47,False
BTCUSDT-15m,ALL,MKT,1.0,mid,13282,-14.34,-7.34,-7.8,-6.9,0.419,0.67,False
BTCUSDT-15m,quiet,MKT,1.0,mid,5351,-14.59,-7.59,-8.0,-7.1,0.412,0.56,False
BTCUSDT-15m,uwd78,MKT,1.0,mid,5313,-15.71,-8.71,-9.5,-8.0,0.46,0.57,False
BTCUSDT-15m,uwd79,MKT,1.0,mid,9298,-15.25,-8.25,-8.8,-7.7,0.438,0.6,False
BTCUSDT-15m,prevBear,MKT,1.0,mid,6229,-14.34,-7.34,-8.0,-6.7,0.437,0.65,False
BTCUSDT-15m,smaBelow,MKT,1.0,mid,5380,-14.43,-7.43,-8.2,-6.8,0.437,0.64,False
BTCUSDT-15m,C3_w8q,MKT,1.0,mid,4788,-14.27,-7.27,-7.7,-6.8,0.411,0.59,False
BTCUSDT-15m,C6_w9dip,MKT,1.0,mid,3012,-13.25,-6.25,-7.1,-5.4,0.414,0.75,False
BTCUSDT-15m,CQ7_w78q,MKT,1.0,mid,2178,-15.98,-8.98,-9.7,-8.3,0.435,0.44,False
BTCUSDT-15m,ALL,MKT,1.5,low,13282,-12.76,-5.76,-6.3,-5.2,0.409,0.84,False
BTCUSDT-15m,quiet,MKT,1.5,low,5351,-12.93,-5.93,-6.5,-5.4,0.418,0.78,False
BTCUSDT-15m,uwd78,MKT,1.5,low,5313,-14.18,-7.18,-8.1,-6.4,0.468,0.74,False
BTCUSDT-15m,uwd79,MKT,1.5,low,9298,-13.63,-6.63,-7.2,-6.0,0.439,0.78,False
BTCUSDT-15m,prevBear,MKT,1.5,low,6229,-12.81,-5.81,-6.5,-5.1,0.425,0.83,False
BTCUSDT-15m,smaBelow,MKT,1.5,low,5380,-13.03,-6.03,-6.9,-5.2,0.428,0.81,False
BTCUSDT-15m,C3_w8q,MKT,1.5,low,4788,-12.57,-5.57,-6.1,-5.0,0.415,0.82,False
BTCUSDT-15m,C6_w9dip,MKT,1.5,low,3012,-11.51,-4.51,-5.5,-3.6,0.396,0.95,False
BTCUSDT-15m,CQ7_w78q,MKT,1.5,low,2178,-14.25,-7.25,-8.0,-6.4,0.462,0.66,False
BTCUSDT-15m,ALL,MKT,1.5,mid,13282,-12.81,-5.81,-6.3,-5.3,0.379,0.83,False
BTCUSDT-15m,quiet,MKT,1.5,mid,5351,-13.09,-6.09,-6.6,-5.6,0.386,0.75,False
BTCUSDT-15m,uwd78,MKT,1.5,mid,5313,-14.23,-7.23,-8.1,-6.4,0.428,0.72,False
BTCUSDT-15m,uwd79,MKT,1.5,mid,9298,-13.66,-6.66,-7.2,-6.1,0.403,0.77,False
BTCUSDT-15m,prevBear,MKT,1.5,mid,6229,-12.8,-5.8,-6.5,-5.1,0.398,0.82,False
BTCUSDT-15m,smaBelow,MKT,1.5,mid,5380,-12.93,-5.93,-6.7,-5.2,0.398,0.81,False
BTCUSDT-15m,C3_w8q,MKT,1.5,mid,4788,-12.73,-5.73,-6.3,-5.2,0.384,0.79,False
BTCUSDT-15m,C6_w9dip,MKT,1.5,mid,3012,-11.52,-4.52,-5.5,-3.6,0.371,0.94,False
BTCUSDT-15m,CQ7_w78q,MKT,1.5,mid,2178,-14.52,-7.52,-8.3,-6.8,0.418,0.61,False
BTCUSDT-15m,ALL,PB,1.0,low,11531,-11.64,-4.64,-4.9,-4.4,0.163,0.85,False
BTCUSDT-15m,quiet,PB,1.0,low,4793,-11.78,-4.78,-5.1,-4.5,0.164,0.77,False
BTCUSDT-15m,uwd78,PB,1.0,low,4450,-11.58,-4.58,-5.0,-4.1,0.219,0.88,False
BTCUSDT-15m,uwd79,PB,1.0,low,7930,-11.65,-4.65,-5.0,-4.3,0.194,0.86,False
BTCUSDT-15m,prevBear,PB,1.0,low,5418,-11.58,-4.58,-4.9,-4.2,0.164,0.86,False
BTCUSDT-15m,smaBelow,PB,1.0,low,4696,-11.76,-4.76,-5.2,-4.3,0.177,0.83,False
BTCUSDT-15m,C3_w8q,PB,1.0,low,4304,-11.85,-4.85,-5.1,-4.6,0.151,0.75,False
BTCUSDT-15m,C6_w9dip,PB,1.0,low,2673,-11.46,-4.46,-4.9,-4.0,0.147,0.88,False
BTCUSDT-15m,CQ7_w78q,PB,1.0,low,1902,-11.96,-4.96,-5.4,-4.5,0.217,0.77,False
BTCUSDT-15m,ALL,PB,1.0,mid,11531,-11.72,-4.72,-4.9,-4.5,0.075,0.71,False
BTCUSDT-15m,quiet,PB,1.0,mid,4793,-11.85,-4.85,-5.0,-4.7,0.072,0.59,False
BTCUSDT-15m,uwd78,PB,1.0,mid,4450,-11.87,-4.87,-5.2,-4.6,0.105,0.72,False
BTCUSDT-15m,uwd79,PB,1.0,mid,7930,-11.76,-4.76,-5.0,-4.5,0.093,0.73,False
BTCUSDT-15m,prevBear,PB,1.0,mid,5418,-11.61,-4.61,-4.8,-4.3,0.079,0.75,False
BTCUSDT-15m,smaBelow,PB,1.0,mid,4696,-11.81,-4.81,-5.1,-4.5,0.082,0.7,False
BTCUSDT-15m,C3_w8q,PB,1.0,mid,4304,-11.81,-4.81,-5.0,-4.6,0.067,0.59,False
BTCUSDT-15m,C6_w9dip,PB,1.0,mid,2673,-11.55,-4.55,-4.9,-4.2,0.065,0.75,False
BTCUSDT-15m,CQ7_w78q,PB,1.0,mid,1902,-12.12,-5.12,-5.4,-4.8,0.1,0.58,False
BTCUSDT-15m,ALL,PB,1.5,low,11531,-11.51,-4.51,-4.8,-4.2,0.135,0.88,False
BTCUSDT-15m,quiet,PB,1.5,low,4793,-11.59,-4.59,-4.9,-4.3,0.139,0.84,False
BTCUSDT-15m,uwd78,PB,1.5,low,4450,-11.6,-4.6,-5.1,-4.1,0.187,0.89,False
BTCUSDT-15m,uwd79,PB,1.5,low,7930,-11.53,-4.53,-4.9,-4.1,0.163,0.9,False
BTCUSDT-15m,prevBear,PB,1.5,low,5418,-11.6,-4.6,-5.0,-4.2,0.133,0.86,False
BTCUSDT-15m,smaBelow,PB,1.5,low,4696,-11.71,-4.71,-5.2,-4.2,0.146,0.85,False
BTCUSDT-15m,C3_w8q,PB,1.5,low,4304,-11.67,-4.67,-5.0,-4.3,0.127,0.81,False
BTCUSDT-15m,C6_w9dip,PB,1.5,low,2673,-11.17,-4.17,-4.7,-3.5,0.119,0.96,False
BTCUSDT-15m,CQ7_w78q,PB,1.5,low,1902,-11.65,-4.65,-5.2,-4.1,0.192,0.85,False
BTCUSDT-15m,ALL,PB,1.5,mid,11531,-11.59,-4.59,-4.8,-4.4,0.063,0.77,False
BTCUSDT-15m,quiet,PB,1.5,mid,4793,-11.72,-4.72,-4.9,-4.5,0.061,0.66,False
BTCUSDT-15m,uwd78,PB,1.5,mid,4450,-11.78,-4.78,-5.1,-4.4,0.089,0.75,False
BTCUSDT-15m,uwd79,PB,1.5,mid,7930,-11.61,-4.61,-4.9,-4.3,0.079,0.8,False
BTCUSDT-15m,prevBear,PB,1.5,mid,5418,-11.56,-4.56,-4.9,-4.2,0.065,0.78,False
BTCUSDT-15m,smaBelow,PB,1.5,mid,4696,-11.7,-4.7,-5.0,-4.3,0.068,0.75,False
BTCUSDT-15m,C3_w8q,PB,1.5,mid,4304,-11.68,-4.68,-4.9,-4.4,0.056,0.67,False
BTCUSDT-15m,C6_w9dip,PB,1.5,mid,2673,-11.32,-4.32,-4.7,-3.9,0.053,0.86,False
BTCUSDT-15m,CQ7_w78q,PB,1.5,mid,1902,-11.95,-4.95,-5.3,-4.6,0.086,0.65,False
BTCUSDT-1h,ALL,MKT,1.0,low,3364,-16.88,-9.88,-11.5,-8.3,0.443,0.71,False
BTCUSDT-1h,quiet,MKT,1.0,low,1366,-16.08,-9.08,-11.0,-7.4,0.444,0.64,False
BTCUSDT-1h,uwd78,MKT,1.0,low,1347,-18.28,-11.28,-13.7,-8.9,0.497,0.65,False
BTCUSDT-1h,uwd79,MKT,1.0,low,2357,-17.52,-10.52,-12.2,-8.6,0.474,0.68,False
BTCUSDT-1h,prevBear,MKT,1.0,low,1548,-16.16,-9.16,-11.6,-6.8,0.474,0.73,False
BTCUSDT-1h,smaBelow,MKT,1.0,low,1364,-18.35,-11.35,-13.7,-9.1,0.446,0.63,False
BTCUSDT-1h,C3_w8q,MKT,1.0,low,1239,-15.92,-8.92,-11.0,-7.1,0.44,0.65,False
BTCUSDT-1h,C6_w9dip,MKT,1.0,low,763,-14.68,-7.68,-10.7,-4.4,0.438,0.8,False
BTCUSDT-1h,CQ7_w78q,MKT,1.0,low,553,-16.2,-9.2,-11.3,-7.1,0.49,0.62,False
BTCUSDT-1h,ALL,MKT,1.0,mid,3364,-17.06,-10.06,-11.6,-8.5,0.403,0.68,False
BTCUSDT-1h,quiet,MKT,1.0,mid,1366,-16.03,-9.03,-10.8,-7.3,0.405,0.62,False
BTCUSDT-1h,uwd78,MKT,1.0,mid,1347,-18.64,-11.64,-14.0,-9.4,0.451,0.62,False
BTCUSDT-1h,uwd79,MKT,1.0,mid,2357,-17.84,-10.84,-12.5,-9.0,0.429,0.65,False
BTCUSDT-1h,prevBear,MKT,1.0,mid,1548,-16.33,-9.33,-11.6,-7.1,0.436,0.71,False
BTCUSDT-1h,smaBelow,MKT,1.0,mid,1364,-18.64,-11.64,-14.0,-9.5,0.401,0.6,False
BTCUSDT-1h,C3_w8q,MKT,1.0,mid,1239,-15.96,-8.96,-10.9,-7.3,0.399,0.63,False
BTCUSDT-1h,C6_w9dip,MKT,1.0,mid,763,-14.54,-7.54,-10.5,-4.4,0.401,0.79,False
BTCUSDT-1h,CQ7_w78q,MKT,1.0,mid,553,-16.42,-9.42,-11.5,-7.5,0.438,0.58,False
BTCUSDT-1h,ALL,MKT,1.5,low,3365,-14.16,-7.16,-9.0,-5.3,0.396,0.85,False
BTCUSDT-1h,quiet,MKT,1.5,low,1367,-13.17,-6.17,-8.3,-4.3,0.412,0.85,False
BTCUSDT-1h,uwd78,MKT,1.5,low,1347,-15.32,-8.32,-11.2,-5.6,0.449,0.81,False
BTCUSDT-1h,uwd79,MKT,1.5,low,2357,-14.43,-7.43,-9.5,-5.3,0.43,0.85,False
BTCUSDT-1h,prevBear,MKT,1.5,low,1549,-13.08,-6.08,-8.7,-3.4,0.434,0.9,False
BTCUSDT-1h,smaBelow,MKT,1.5,low,1364,-15.11,-8.11,-10.8,-5.5,0.408,0.8,False
BTCUSDT-1h,C3_w8q,MKT,1.5,low,1240,-13.02,-6.02,-8.3,-3.9,0.406,0.86,False
BTCUSDT-1h,C6_w9dip,MKT,1.5,low,763,-11.09,-4.09,-7.8,-0.4,0.396,1.0,False
BTCUSDT-1h,CQ7_w78q,MKT,1.5,low,553,-14.12,-7.12,-9.6,-4.7,0.448,0.79,False
BTCUSDT-1h,ALL,MKT,1.5,mid,3365,-14.37,-7.37,-9.1,-5.6,0.36,0.83,False
BTCUSDT-1h,quiet,MKT,1.5,mid,1367,-13.2,-6.2,-8.3,-4.4,0.377,0.84,False
BTCUSDT-1h,uwd78,MKT,1.5,mid,1347,-15.81,-8.81,-11.5,-6.2,0.405,0.77,False
BTCUSDT-1h,uwd79,MKT,1.5,mid,2357,-14.94,-7.94,-9.9,-5.8,0.387,0.81,False
BTCUSDT-1h,prevBear,MKT,1.5,mid,1549,-13.21,-6.21,-8.7,-3.7,0.397,0.88,False
BTCUSDT-1h,smaBelow,MKT,1.5,mid,1364,-15.42,-8.42,-11.1,-5.9,0.367,0.77,False
BTCUSDT-1h,C3_w8q,MKT,1.5,mid,1240,-13.09,-6.09,-8.3,-4.0,0.37,0.85,False
BTCUSDT-1h,C6_w9dip,MKT,1.5,mid,763,-10.94,-3.94,-7.6,-0.3,0.364,1.0,False
BTCUSDT-1h,CQ7_w78q,MKT,1.5,mid,553,-14.4,-7.4,-9.8,-5.1,0.401,0.75,False
BTCUSDT-1h,ALL,PB,1.0,low,2982,-11.83,-4.83,-5.7,-3.9,0.18,0.9,False
BTCUSDT-1h,quiet,PB,1.0,low,1249,-11.84,-4.84,-5.8,-3.9,0.191,0.86,False
BTCUSDT-1h,uwd78,PB,1.0,low,1150,-11.68,-4.68,-6.3,-3.1,0.228,0.93,False
BTCUSDT-1h,uwd79,PB,1.0,low,2052,-11.7,-4.7,-5.9,-3.6,0.209,0.92,False
BTCUSDT-1h,prevBear,PB,1.0,low,1352,-12.23,-5.23,-6.6,-3.9,0.179,0.85,False
BTCUSDT-1h,smaBelow,PB,1.0,low,1223,-12.25,-5.25,-6.6,-3.9,0.183,0.85,False
BTCUSDT-1h,C3_w8q,PB,1.0,low,1144,-11.8,-4.8,-5.8,-3.7,0.187,0.87,False
BTCUSDT-1h,C6_w9dip,PB,1.0,low,693,-11.98,-4.98,-6.7,-3.1,0.157,0.87,False
BTCUSDT-1h,CQ7_w78q,PB,1.0,low,494,-12.11,-5.11,-6.6,-3.6,0.245,0.84,False
BTCUSDT-1h,ALL,PB,1.0,mid,2982,-11.78,-4.78,-5.4,-4.1,0.092,0.84,False
BTCUSDT-1h,quiet,PB,1.0,mid,1249,-12.25,-5.25,-5.9,-4.5,0.089,0.67,False
BTCUSDT-1h,uwd78,PB,1.0,mid,1150,-11.69,-4.69,-5.8,-3.6,0.123,0.88,False
BTCUSDT-1h,uwd79,PB,1.0,mid,2052,-11.86,-4.86,-5.7,-4.0,0.109,0.84,False
BTCUSDT-1h,prevBear,PB,1.0,mid,1352,-12.0,-5.0,-5.9,-4.1,0.089,0.79,False
BTCUSDT-1h,smaBelow,PB,1.0,mid,1223,-12.27,-5.27,-6.2,-4.3,0.091,0.74,False
BTCUSDT-1h,C3_w8q,PB,1.0,mid,1144,-12.36,-5.36,-6.0,-4.6,0.082,0.63,False
BTCUSDT-1h,C6_w9dip,PB,1.0,mid,693,-12.03,-5.03,-6.2,-3.8,0.079,0.76,False
BTCUSDT-1h,CQ7_w78q,PB,1.0,mid,494,-12.52,-5.52,-6.5,-4.5,0.117,0.66,False
BTCUSDT-1h,ALL,PB,1.5,low,2982,-11.94,-4.94,-6.0,-3.9,0.146,0.89,False
BTCUSDT-1h,quiet,PB,1.5,low,1249,-11.48,-4.48,-5.6,-3.3,0.16,0.93,False
BTCUSDT-1h,uwd78,PB,1.5,low,1150,-11.94,-4.94,-6.8,-3.0,0.183,0.91,False
BTCUSDT-1h,uwd79,PB,1.5,low,2052,-11.73,-4.73,-6.1,-3.4,0.172,0.93,False
BTCUSDT-1h,prevBear,PB,1.5,low,1352,-12.62,-5.62,-7.0,-4.2,0.144,0.82,False
BTCUSDT-1h,smaBelow,PB,1.5,low,1223,-12.02,-5.02,-6.7,-3.4,0.152,0.88,False
BTCUSDT-1h,C3_w8q,PB,1.5,low,1144,-11.49,-4.49,-5.7,-3.3,0.156,0.92,False
BTCUSDT-1h,C6_w9dip,PB,1.5,low,693,-11.46,-4.46,-6.6,-2.2,0.133,0.94,False
BTCUSDT-1h,CQ7_w78q,PB,1.5,low,494,-11.89,-4.89,-6.5,-3.0,0.204,0.88,False
BTCUSDT-1h,ALL,PB,1.5,mid,2982,-11.82,-4.82,-5.5,-4.0,0.073,0.84,False
BTCUSDT-1h,quiet,PB,1.5,mid,1249,-11.9,-4.9,-5.7,-4.0,0.077,0.77,False
BTCUSDT-1h,uwd78,PB,1.5,mid,1150,-11.82,-4.82,-6.0,-3.5,0.097,0.86,False
BTCUSDT-1h,uwd79,PB,1.5,mid,2052,-11.91,-4.91,-5.9,-3.9,0.088,0.84,False
BTCUSDT-1h,prevBear,PB,1.5,mid,1352,-12.07,-5.07,-6.1,-4.0,0.07,0.78,False
BTCUSDT-1h,smaBelow,PB,1.5,mid,1223,-12.16,-5.16,-6.2,-4.0,0.074,0.77,False
BTCUSDT-1h,C3_w8q,PB,1.5,mid,1144,-12.01,-5.01,-5.8,-4.0,0.072,0.73,False
BTCUSDT-1h,C6_w9dip,PB,1.5,mid,693,-11.83,-4.83,-6.2,-3.3,0.066,0.81,False
BTCUSDT-1h,CQ7_w78q,PB,1.5,mid,494,-12.28,-5.28,-6.4,-4.0,0.101,0.72,False
ETHUSDT-1h,ALL,MKT,1.0,low,3328,-19.97,-12.97,-14.7,-11.1,0.413,0.65,False
ETHUSDT-1h,quiet,MKT,1.0,low,1368,-21.64,-14.64,-16.6,-12.6,0.395,0.48,False
ETHUSDT-1h,uwd78,MKT,1.0,low,1330,-21.41,-14.41,-17.3,-11.7,0.461,0.6,False
ETHUSDT-1h,uwd79,MKT,1.0,low,2328,-21.47,-14.47,-16.6,-12.2,0.442,0.6,False
ETHUSDT-1h,prevBear,MKT,1.0,low,1548,-20.13,-13.13,-15.8,-10.5,0.426,0.64,False
ETHUSDT-1h,smaBelow,MKT,1.0,low,1347,-21.47,-14.47,-17.4,-11.6,0.43,0.59,False
ETHUSDT-1h,C3_w8q,MKT,1.0,low,1207,-20.5,-13.5,-15.7,-11.4,0.399,0.51,False
ETHUSDT-1h,C6_w9dip,MKT,1.0,low,726,-22.0,-15.0,-18.8,-10.8,0.391,0.58,False
ETHUSDT-1h,CQ7_w78q,MKT,1.0,low,574,-23.96,-16.96,-20.2,-13.9,0.423,0.41,False
ETHUSDT-1h,ALL,MKT,1.0,mid,3328,-19.64,-12.64,-14.4,-10.9,0.377,0.64,False
ETHUSDT-1h,quiet,MKT,1.0,mid,1368,-21.53,-14.53,-16.4,-12.6,0.354,0.45,False
ETHUSDT-1h,uwd78,MKT,1.0,mid,1330,-21.52,-14.52,-17.4,-11.9,0.416,0.58,False
ETHUSDT-1h,uwd79,MKT,1.0,mid,2328,-21.29,-14.29,-16.4,-12.1,0.399,0.59,False
ETHUSDT-1h,prevBear,MKT,1.0,mid,1548,-19.72,-12.72,-15.2,-10.3,0.39,0.63,False
ETHUSDT-1h,smaBelow,MKT,1.0,mid,1347,-21.0,-14.0,-16.7,-11.2,0.395,0.58,False
ETHUSDT-1h,C3_w8q,MKT,1.0,mid,1207,-20.53,-13.53,-15.6,-11.5,0.355,0.48,False
ETHUSDT-1h,C6_w9dip,MKT,1.0,mid,726,-20.76,-13.76,-17.4,-9.7,0.368,0.59,False
ETHUSDT-1h,CQ7_w78q,MKT,1.0,mid,574,-23.65,-16.65,-19.8,-13.7,0.38,0.39,False
ETHUSDT-1h,ALL,MKT,1.5,low,3328,-16.24,-9.24,-11.4,-7.1,0.372,0.8,False
ETHUSDT-1h,quiet,MKT,1.5,low,1368,-19.11,-12.11,-14.3,-9.8,0.36,0.62,False
ETHUSDT-1h,uwd78,MKT,1.5,low,1330,-17.1,-10.1,-13.5,-6.9,0.429,0.78,False
ETHUSDT-1h,uwd79,MKT,1.5,low,2328,-17.19,-10.19,-12.8,-7.5,0.407,0.78,False
ETHUSDT-1h,prevBear,MKT,1.5,low,1548,-16.64,-9.64,-12.8,-6.5,0.383,0.79,False
ETHUSDT-1h,smaBelow,MKT,1.5,low,1347,-17.77,-10.77,-14.1,-7.4,0.387,0.74,False
ETHUSDT-1h,C3_w8q,MKT,1.5,low,1207,-17.92,-10.92,-13.3,-8.5,0.361,0.66,False
ETHUSDT-1h,C6_w9dip,MKT,1.5,low,726,-19.19,-12.19,-16.6,-7.4,0.335,0.7,False
ETHUSDT-1h,CQ7_w78q,MKT,1.5,low,574,-20.93,-13.93,-17.6,-10.5,0.401,0.56,False
ETHUSDT-1h,ALL,MKT,1.5,mid,3328,-16.14,-9.14,-11.2,-7.1,0.338,0.79,False
ETHUSDT-1h,quiet,MKT,1.5,mid,1368,-19.07,-12.07,-14.2,-9.9,0.322,0.59,False
ETHUSDT-1h,uwd78,MKT,1.5,mid,1330,-17.43,-10.43,-13.8,-7.4,0.387,0.75,False
ETHUSDT-1h,uwd79,MKT,1.5,mid,2328,-17.31,-10.31,-12.7,-7.8,0.366,0.76,False
ETHUSDT-1h,prevBear,MKT,1.5,mid,1548,-16.35,-9.35,-12.2,-6.3,0.349,0.78,False
ETHUSDT-1h,smaBelow,MKT,1.5,mid,1347,-17.66,-10.66,-13.8,-7.5,0.352,0.73,False
ETHUSDT-1h,C3_w8q,MKT,1.5,mid,1207,-18.05,-11.05,-13.4,-8.6,0.322,0.63,False
ETHUSDT-1h,C6_w9dip,MKT,1.5,mid,726,-18.36,-11.36,-15.7,-6.8,0.309,0.71,False
ETHUSDT-1h,CQ7_w78q,MKT,1.5,mid,574,-20.75,-13.75,-17.2,-10.4,0.361,0.54,False
ETHUSDT-1h,ALL,PB,1.0,low,2977,-12.5,-5.5,-6.6,-4.4,0.182,0.85,False
ETHUSDT-1h,quiet,PB,1.0,low,1277,-12.35,-5.35,-6.5,-4.2,0.196,0.83,False
ETHUSDT-1h,uwd78,PB,1.0,low,1150,-11.83,-4.83,-6.8,-2.9,0.224,0.93,False
ETHUSDT-1h,uwd79,PB,1.0,low,2041,-12.72,-5.72,-7.0,-4.3,0.205,0.84,False
ETHUSDT-1h,prevBear,PB,1.0,low,1397,-11.95,-4.95,-6.6,-3.3,0.192,0.91,False
ETHUSDT-1h,smaBelow,PB,1.0,low,1218,-12.87,-5.87,-7.6,-4.1,0.196,0.83,False
ETHUSDT-1h,C3_w8q,PB,1.0,low,1129,-12.37,-5.37,-6.5,-4.1,0.19,0.82,False
ETHUSDT-1h,C6_w9dip,PB,1.0,low,671,-14.42,-7.42,-9.4,-5.3,0.152,0.66,False
ETHUSDT-1h,CQ7_w78q,PB,1.0,low,522,-11.99,-4.99,-7.0,-2.8,0.239,0.89,False
ETHUSDT-1h,ALL,PB,1.0,mid,2977,-12.6,-5.6,-6.3,-4.9,0.089,0.73,False
ETHUSDT-1h,quiet,PB,1.0,mid,1277,-12.35,-5.35,-6.1,-4.5,0.094,0.72,False
ETHUSDT-1h,uwd78,PB,1.0,mid,1150,-12.63,-5.63,-7.0,-4.2,0.111,0.77,False
ETHUSDT-1h,uwd79,PB,1.0,mid,2041,-13.02,-6.02,-6.9,-5.1,0.098,0.7,False
ETHUSDT-1h,prevBear,PB,1.0,mid,1397,-12.05,-5.05,-6.2,-3.9,0.099,0.83,False
ETHUSDT-1h,smaBelow,PB,1.0,mid,1218,-12.95,-5.95,-7.1,-4.7,0.095,0.7,False
ETHUSDT-1h,C3_w8q,PB,1.0,mid,1129,-12.34,-5.34,-6.1,-4.5,0.092,0.71,False
ETHUSDT-1h,C6_w9dip,PB,1.0,mid,671,-13.24,-6.24,-7.6,-4.9,0.075,0.61,False
ETHUSDT-1h,CQ7_w78q,PB,1.0,mid,522,-11.75,-4.75,-6.3,-2.9,0.126,0.86,False
ETHUSDT-1h,ALL,PB,1.5,low,2977,-12.62,-5.62,-6.9,-4.4,0.143,0.85,False
ETHUSDT-1h,quiet,PB,1.5,low,1277,-12.86,-5.86,-7.2,-4.5,0.152,0.79,False
ETHUSDT-1h,uwd78,PB,1.5,low,1150,-12.26,-5.26,-7.4,-3.0,0.179,0.9,False
ETHUSDT-1h,uwd79,PB,1.5,low,2041,-12.76,-5.76,-7.3,-4.1,0.166,0.85,False
ETHUSDT-1h,prevBear,PB,1.5,low,1397,-12.07,-5.07,-7.0,-3.2,0.152,0.9,False
ETHUSDT-1h,smaBelow,PB,1.5,low,1218,-12.64,-5.64,-7.6,-3.5,0.159,0.86,False
ETHUSDT-1h,C3_w8q,PB,1.5,low,1129,-12.51,-5.51,-6.9,-4.0,0.15,0.82,False
ETHUSDT-1h,C6_w9dip,PB,1.5,low,671,-14.03,-7.03,-9.4,-4.5,0.119,0.72,False
ETHUSDT-1h,CQ7_w78q,PB,1.5,low,522,-13.32,-6.32,-8.5,-3.7,0.184,0.77,False
ETHUSDT-1h,ALL,PB,1.5,mid,2977,-12.55,-5.55,-6.4,-4.7,0.07,0.75,False
ETHUSDT-1h,quiet,PB,1.5,mid,1277,-12.32,-5.32,-6.3,-4.3,0.076,0.73,False
ETHUSDT-1h,uwd78,PB,1.5,mid,1150,-12.79,-5.79,-7.3,-4.1,0.089,0.76,False
ETHUSDT-1h,uwd79,PB,1.5,mid,2041,-12.96,-5.96,-7.0,-4.8,0.079,0.72,False
ETHUSDT-1h,prevBear,PB,1.5,mid,1397,-12.19,-5.19,-6.5,-3.8,0.076,0.81,False
ETHUSDT-1h,smaBelow,PB,1.5,mid,1218,-12.83,-5.83,-7.2,-4.4,0.076,0.73,False
ETHUSDT-1h,C3_w8q,PB,1.5,mid,1129,-12.14,-5.14,-6.1,-4.1,0.075,0.76,False
ETHUSDT-1h,C6_w9dip,PB,1.5,mid,671,-12.97,-5.97,-7.6,-4.2,0.058,0.66,False
ETHUSDT-1h,CQ7_w78q,PB,1.5,mid,522,-11.94,-4.94,-6.7,-2.8,0.102,0.84,False
