series,cond,entry,f,sl,N,net_taker,net_maker,ci_lo_m,ci_hi_m,wr,sig_maker
SOLUSDT-5m,loud,MKT,1.0,low,15890,-15.73,-8.73,-9.5,-8.0,0.453,False
SOLUSDT-5m,uwd10,MKT,1.0,low,12062,-14.7,-7.7,-8.4,-7.0,0.351,False
SOLUSDT-5m,uwd910,MKT,1.0,low,24126,-15.39,-8.39,-8.8,-7.9,0.394,False
SOLUSDT-5m,prevBull,MKT,1.0,low,20253,-16.14,-9.14,-9.6,-8.6,0.431,False
SOLUSDT-5m,smaAbove,MKT,1.0,low,23307,-16.2,-9.2,-9.7,-8.8,0.432,False
SOLUSDT-5m,trendHi,MKT,1.0,low,16584,-17.02,-10.02,-10.6,-9.4,0.421,False
SOLUSDT-5m,XL,MKT,1.0,low,9388,-15.03,-8.03,-9.0,-7.2,0.395,False
SOLUSDT-5m,XLtrend,MKT,1.0,low,4519,-16.68,-9.68,-11.0,-8.3,0.372,False
SOLUSDT-5m,loud,MKT,1.0,mid,15890,-15.62,-8.62,-9.4,-7.9,0.427,False
SOLUSDT-5m,uwd10,MKT,1.0,mid,12062,-14.63,-7.63,-8.3,-7.0,0.336,False
SOLUSDT-5m,uwd910,MKT,1.0,mid,24126,-15.37,-8.37,-8.8,-7.9,0.372,False
SOLUSDT-5m,prevBull,MKT,1.0,mid,20253,-16.13,-9.13,-9.6,-8.7,0.402,False
SOLUSDT-5m,smaAbove,MKT,1.0,mid,23307,-16.18,-9.18,-9.6,-8.8,0.405,False
SOLUSDT-5m,trendHi,MKT,1.0,mid,16584,-16.97,-9.97,-10.5,-9.4,0.393,False
SOLUSDT-5m,XL,MKT,1.0,mid,9388,-14.98,-7.98,-8.9,-7.1,0.373,False
SOLUSDT-5m,XLtrend,MKT,1.0,mid,4519,-16.64,-9.64,-10.9,-8.3,0.35,False
SOLUSDT-5m,loud,MKT,1.5,low,15890,-13.89,-6.89,-7.8,-6.0,0.401,False
SOLUSDT-5m,uwd10,MKT,1.5,low,12062,-12.91,-5.91,-6.7,-5.1,0.308,False
SOLUSDT-5m,uwd910,MKT,1.5,low,24126,-13.61,-6.61,-7.2,-6.0,0.352,False
SOLUSDT-5m,prevBull,MKT,1.5,low,20253,-14.34,-7.34,-7.9,-6.8,0.39,False
SOLUSDT-5m,smaAbove,MKT,1.5,low,23307,-14.41,-7.41,-8.0,-6.9,0.391,False
SOLUSDT-5m,trendHi,MKT,1.5,low,16584,-15.14,-8.14,-8.8,-7.4,0.38,False
SOLUSDT-5m,XL,MKT,1.5,low,9388,-13.4,-6.4,-7.5,-5.3,0.34,False
SOLUSDT-5m,XLtrend,MKT,1.5,low,4519,-15.31,-8.31,-9.9,-6.7,0.315,False
SOLUSDT-5m,loud,MKT,1.5,mid,15890,-13.75,-6.75,-7.6,-5.9,0.377,False
SOLUSDT-5m,uwd10,MKT,1.5,mid,12062,-12.77,-5.77,-6.5,-5.0,0.295,False
SOLUSDT-5m,uwd910,MKT,1.5,mid,24126,-13.56,-6.56,-7.1,-6.0,0.332,False
SOLUSDT-5m,prevBull,MKT,1.5,mid,20253,-14.3,-7.3,-7.9,-6.7,0.365,False
SOLUSDT-5m,smaAbove,MKT,1.5,mid,23307,-14.4,-7.4,-7.9,-6.9,0.367,False
SOLUSDT-5m,trendHi,MKT,1.5,mid,16584,-15.13,-8.13,-8.8,-7.4,0.354,False
SOLUSDT-5m,XL,MKT,1.5,mid,9388,-13.34,-6.34,-7.4,-5.3,0.32,False
SOLUSDT-5m,XLtrend,MKT,1.5,mid,4519,-15.4,-8.4,-9.9,-6.8,0.294,False
SOLUSDT-5m,loud,PB,1.0,low,13403,-12.07,-5.07,-5.4,-4.7,0.137,False
SOLUSDT-5m,uwd10,PB,1.0,low,11014,-12.28,-5.28,-5.6,-5.0,0.068,False
SOLUSDT-5m,uwd910,PB,1.0,low,21553,-12.26,-5.26,-5.5,-5.0,0.104,False
SOLUSDT-5m,prevBull,PB,1.0,low,17735,-12.23,-5.23,-5.5,-5.0,0.135,False
SOLUSDT-5m,smaAbove,PB,1.0,low,20283,-12.07,-5.07,-5.3,-4.8,0.127,False
SOLUSDT-5m,trendHi,PB,1.0,low,14453,-12.27,-5.27,-5.6,-5.0,0.129,False
SOLUSDT-5m,XL,PB,1.0,low,8219,-12.41,-5.41,-5.8,-5.0,0.104,False
SOLUSDT-5m,XLtrend,PB,1.0,low,3948,-12.87,-5.87,-6.5,-5.3,0.09,False
SOLUSDT-5m,loud,PB,1.0,mid,13403,-12.03,-5.03,-5.3,-4.8,0.069,False
SOLUSDT-5m,uwd10,PB,1.0,mid,11014,-11.85,-4.85,-5.0,-4.7,0.029,False
SOLUSDT-5m,uwd910,PB,1.0,mid,21553,-11.96,-4.96,-5.1,-4.8,0.048,False
SOLUSDT-5m,prevBull,PB,1.0,mid,17735,-12.08,-5.08,-5.3,-4.9,0.064,False
SOLUSDT-5m,smaAbove,PB,1.0,mid,20283,-11.97,-4.97,-5.1,-4.8,0.061,False
SOLUSDT-5m,trendHi,PB,1.0,mid,14453,-12.06,-5.06,-5.3,-4.9,0.063,False
SOLUSDT-5m,XL,PB,1.0,mid,8219,-12.03,-5.03,-5.3,-4.7,0.051,False
SOLUSDT-5m,XLtrend,PB,1.0,mid,3948,-12.27,-5.27,-5.6,-4.9,0.045,False
SOLUSDT-5m,loud,PB,1.5,low,13403,-12.09,-5.09,-5.5,-4.7,0.112,False
SOLUSDT-5m,uwd10,PB,1.5,low,11014,-12.29,-5.29,-5.6,-4.9,0.051,False
SOLUSDT-5m,uwd910,PB,1.5,low,21553,-12.28,-5.28,-5.5,-5.0,0.083,False
SOLUSDT-5m,prevBull,PB,1.5,low,17735,-12.26,-5.26,-5.6,-5.0,0.111,False
SOLUSDT-5m,smaAbove,PB,1.5,low,20283,-12.12,-5.12,-5.4,-4.8,0.104,False
SOLUSDT-5m,trendHi,PB,1.5,low,14453,-12.31,-5.31,-5.7,-5.0,0.105,False
SOLUSDT-5m,XL,PB,1.5,low,8219,-12.53,-5.53,-6.0,-5.0,0.082,False
SOLUSDT-5m,XLtrend,PB,1.5,low,3948,-13.17,-6.17,-6.8,-5.5,0.069,False
SOLUSDT-5m,loud,PB,1.5,mid,13403,-11.95,-4.95,-5.2,-4.6,0.055,False
SOLUSDT-5m,uwd10,PB,1.5,mid,11014,-11.81,-4.81,-5.0,-4.6,0.022,False
SOLUSDT-5m,uwd910,PB,1.5,mid,21553,-11.94,-4.94,-5.1,-4.8,0.037,False
SOLUSDT-5m,prevBull,PB,1.5,mid,17735,-12.04,-5.04,-5.2,-4.8,0.053,False
SOLUSDT-5m,smaAbove,PB,1.5,mid,20283,-11.98,-4.98,-5.1,-4.8,0.048,False
SOLUSDT-5m,trendHi,PB,1.5,mid,14453,-12.08,-5.08,-5.3,-4.9,0.05,False
SOLUSDT-5m,XL,PB,1.5,mid,8219,-12.04,-5.04,-5.4,-4.7,0.038,False
SOLUSDT-5m,XLtrend,PB,1.5,mid,3948,-12.46,-5.46,-5.8,-5.0,0.032,False
SOLUSDT-15m,loud,MKT,1.0,low,5423,-18.66,-11.66,-13.9,-9.3,0.444,False
SOLUSDT-15m,uwd10,MKT,1.0,low,4061,-17.34,-10.34,-12.7,-8.0,0.352,False
SOLUSDT-15m,uwd910,MKT,1.0,low,8117,-18.87,-11.87,-13.5,-10.3,0.39,False
SOLUSDT-15m,prevBull,MKT,1.0,low,6837,-20.74,-13.74,-15.2,-12.3,0.417,False
SOLUSDT-15m,smaAbove,MKT,1.0,low,7809,-20.27,-13.27,-14.6,-12.0,0.423,False
SOLUSDT-15m,trendHi,MKT,1.0,low,5668,-21.27,-14.27,-16.0,-12.5,0.418,False
SOLUSDT-15m,XL,MKT,1.0,low,3244,-18.15,-11.15,-14.1,-7.7,0.383,False
SOLUSDT-15m,XLtrend,MKT,1.0,low,1574,-18.24,-11.24,-15.6,-6.7,0.367,False
SOLUSDT-15m,loud,MKT,1.0,mid,5423,-18.94,-11.94,-14.1,-9.8,0.412,False
SOLUSDT-15m,uwd10,MKT,1.0,mid,4061,-17.7,-10.7,-12.9,-8.5,0.331,False
SOLUSDT-15m,uwd910,MKT,1.0,mid,8117,-19.0,-12.0,-13.5,-10.6,0.361,False
SOLUSDT-15m,prevBull,MKT,1.0,mid,6837,-20.66,-13.66,-15.0,-12.3,0.383,False
SOLUSDT-15m,smaAbove,MKT,1.0,mid,7809,-20.38,-13.38,-14.6,-12.1,0.389,False
SOLUSDT-15m,trendHi,MKT,1.0,mid,5668,-21.3,-14.3,-16.0,-12.6,0.387,False
SOLUSDT-15m,XL,MKT,1.0,mid,3244,-18.48,-11.48,-14.4,-8.2,0.354,False
SOLUSDT-15m,XLtrend,MKT,1.0,mid,1574,-18.11,-11.11,-15.2,-6.8,0.339,False
SOLUSDT-15m,loud,MKT,1.5,low,5423,-15.33,-8.33,-11.1,-5.5,0.391,False
SOLUSDT-15m,uwd10,MKT,1.5,low,4061,-13.94,-6.94,-9.7,-4.0,0.306,False
SOLUSDT-15m,uwd910,MKT,1.5,low,8117,-15.31,-8.31,-10.2,-6.4,0.348,False
SOLUSDT-15m,prevBull,MKT,1.5,low,6837,-17.45,-10.45,-12.2,-8.7,0.377,False
SOLUSDT-15m,smaAbove,MKT,1.5,low,7809,-17.12,-10.12,-11.7,-8.6,0.381,False
SOLUSDT-15m,trendHi,MKT,1.5,low,5668,-17.85,-10.85,-12.9,-8.7,0.376,False
SOLUSDT-15m,XL,MKT,1.5,low,3244,-14.76,-7.76,-11.5,-3.4,0.327,False
SOLUSDT-15m,XLtrend,MKT,1.5,low,1574,-14.46,-7.46,-12.6,-2.1,0.313,False
SOLUSDT-15m,loud,MKT,1.5,mid,5423,-15.6,-8.6,-11.2,-5.9,0.362,False
SOLUSDT-15m,uwd10,MKT,1.5,mid,4061,-14.51,-7.51,-10.1,-4.7,0.288,False
SOLUSDT-15m,uwd910,MKT,1.5,mid,8117,-15.53,-8.53,-10.3,-6.7,0.323,False
SOLUSDT-15m,prevBull,MKT,1.5,mid,6837,-17.24,-10.24,-11.9,-8.5,0.348,False
SOLUSDT-15m,smaAbove,MKT,1.5,mid,7809,-17.17,-10.17,-11.6,-8.6,0.352,False
SOLUSDT-15m,trendHi,MKT,1.5,mid,5668,-17.75,-10.75,-12.8,-8.7,0.35,False
SOLUSDT-15m,XL,MKT,1.5,mid,3244,-15.27,-8.27,-11.8,-4.2,0.302,False
SOLUSDT-15m,XLtrend,MKT,1.5,mid,1574,-14.29,-7.29,-12.5,-2.2,0.289,False
SOLUSDT-15m,loud,PB,1.0,low,4623,-12.39,-5.39,-6.8,-4.0,0.157,False
SOLUSDT-15m,uwd10,PB,1.0,low,3739,-12.48,-5.48,-6.5,-4.3,0.103,False
SOLUSDT-15m,uwd910,PB,1.0,low,7347,-12.86,-5.86,-6.6,-5.1,0.137,False
SOLUSDT-15m,prevBull,PB,1.0,low,6055,-12.82,-5.82,-6.7,-4.9,0.164,False
SOLUSDT-15m,smaAbove,PB,1.0,low,6878,-12.22,-5.22,-6.0,-4.5,0.16,False
SOLUSDT-15m,trendHi,PB,1.0,low,4967,-12.65,-5.65,-6.5,-4.7,0.16,False
SOLUSDT-15m,XL,PB,1.0,low,2862,-13.72,-6.72,-8.2,-5.0,0.124,False
SOLUSDT-15m,XLtrend,PB,1.0,low,1372,-14.68,-7.68,-9.3,-5.9,0.108,False
SOLUSDT-15m,loud,PB,1.0,mid,4623,-12.54,-5.54,-6.3,-4.7,0.084,False
SOLUSDT-15m,uwd10,PB,1.0,mid,3739,-12.41,-5.41,-6.0,-4.8,0.049,False
SOLUSDT-15m,uwd910,PB,1.0,mid,7347,-12.44,-5.44,-5.9,-4.8,0.069,False
SOLUSDT-15m,prevBull,PB,1.0,mid,6055,-12.47,-5.47,-6.1,-4.8,0.083,False
SOLUSDT-15m,smaAbove,PB,1.0,mid,6878,-12.24,-5.24,-5.7,-4.7,0.083,False
SOLUSDT-15m,trendHi,PB,1.0,mid,4967,-12.55,-5.55,-6.1,-4.9,0.085,False
SOLUSDT-15m,XL,PB,1.0,mid,2862,-13.18,-6.18,-7.0,-5.3,0.064,False
SOLUSDT-15m,XLtrend,PB,1.0,mid,1372,-13.17,-6.17,-7.2,-5.0,0.055,False
SOLUSDT-15m,loud,PB,1.5,low,4623,-12.46,-5.46,-7.0,-3.8,0.127,False
SOLUSDT-15m,uwd10,PB,1.5,low,3739,-11.83,-4.83,-6.2,-3.2,0.082,False
SOLUSDT-15m,uwd910,PB,1.5,low,7347,-12.29,-5.29,-6.3,-4.2,0.113,False
SOLUSDT-15m,prevBull,PB,1.5,low,6055,-12.39,-5.39,-6.4,-4.3,0.139,False
SOLUSDT-15m,smaAbove,PB,1.5,low,6878,-12.01,-5.01,-5.8,-4.1,0.133,False
SOLUSDT-15m,trendHi,PB,1.5,low,4967,-12.16,-5.16,-6.2,-4.0,0.136,False
SOLUSDT-15m,XL,PB,1.5,low,2862,-13.38,-6.38,-8.3,-4.1,0.097,False
SOLUSDT-15m,XLtrend,PB,1.5,low,1372,-14.23,-7.23,-9.2,-5.3,0.088,False
SOLUSDT-15m,loud,PB,1.5,mid,4623,-12.82,-5.82,-6.6,-5.0,0.066,False
SOLUSDT-15m,uwd10,PB,1.5,mid,3739,-12.13,-5.13,-5.8,-4.4,0.039,False
SOLUSDT-15m,uwd910,PB,1.5,mid,7347,-12.07,-5.07,-5.7,-4.3,0.057,False
SOLUSDT-15m,prevBull,PB,1.5,mid,6055,-12.2,-5.2,-6.0,-4.3,0.07,False
SOLUSDT-15m,smaAbove,PB,1.5,mid,6878,-12.1,-5.1,-5.7,-4.5,0.069,False
SOLUSDT-15m,trendHi,PB,1.5,mid,4967,-12.26,-5.26,-5.9,-4.5,0.071,False
SOLUSDT-15m,XL,PB,1.5,mid,2862,-13.23,-6.23,-7.1,-5.3,0.048,False
SOLUSDT-15m,XLtrend,PB,1.5,mid,1372,-13.14,-6.14,-7.4,-4.7,0.044,False
SOLUSDT-30m,loud,MKT,1.0,low,2723,-22.95,-15.95,-20.1,-11.8,0.437,False
SOLUSDT-30m,uwd10,MKT,1.0,low,2045,-17.9,-10.9,-14.8,-7.0,0.358,False
SOLUSDT-30m,uwd910,MKT,1.0,low,4089,-21.5,-14.5,-17.4,-11.6,0.393,False
SOLUSDT-30m,prevBull,MKT,1.0,low,3520,-21.54,-14.54,-17.5,-11.5,0.424,False
SOLUSDT-30m,smaAbove,MKT,1.0,low,3859,-21.38,-14.38,-17.1,-11.7,0.433,False
SOLUSDT-30m,trendHi,MKT,1.0,low,2823,-21.2,-14.2,-17.7,-10.9,0.437,False
SOLUSDT-30m,XL,MKT,1.0,low,1682,-20.53,-13.53,-19.1,-7.9,0.397,False
SOLUSDT-30m,XLtrend,MKT,1.0,low,823,-16.48,-9.48,-18.1,-0.6,0.39,False
SOLUSDT-30m,loud,MKT,1.0,mid,2723,-23.01,-16.01,-19.9,-12.0,0.401,False
SOLUSDT-30m,uwd10,MKT,1.0,mid,2045,-17.66,-10.66,-14.3,-7.0,0.333,False
SOLUSDT-30m,uwd910,MKT,1.0,mid,4089,-21.48,-14.48,-17.3,-11.7,0.363,False
SOLUSDT-30m,prevBull,MKT,1.0,mid,3520,-21.94,-14.94,-17.9,-11.9,0.383,False
SOLUSDT-30m,smaAbove,MKT,1.0,mid,3859,-21.8,-14.8,-17.4,-12.2,0.396,False
SOLUSDT-30m,trendHi,MKT,1.0,mid,2823,-21.6,-14.6,-18.0,-11.4,0.404,False
SOLUSDT-30m,XL,MKT,1.0,mid,1682,-20.66,-13.66,-19.0,-8.1,0.365,False
SOLUSDT-30m,XLtrend,MKT,1.0,mid,823,-17.28,-10.28,-18.5,-1.5,0.361,False
SOLUSDT-30m,loud,MKT,1.5,low,2723,-18.42,-11.42,-16.3,-6.3,0.382,False
SOLUSDT-30m,uwd10,MKT,1.5,low,2045,-13.94,-6.94,-11.3,-2.4,0.311,False
SOLUSDT-30m,uwd910,MKT,1.5,low,4089,-17.05,-10.05,-13.5,-6.8,0.348,False
SOLUSDT-30m,prevBull,MKT,1.5,low,3520,-16.88,-9.88,-13.3,-6.2,0.379,False
SOLUSDT-30m,smaAbove,MKT,1.5,low,3859,-17.16,-10.16,-13.4,-6.9,0.387,False
SOLUSDT-30m,trendHi,MKT,1.5,low,2823,-16.32,-9.32,-13.4,-5.4,0.39,False
SOLUSDT-30m,XL,MKT,1.5,low,1682,-16.5,-9.5,-15.7,-2.9,0.34,False
SOLUSDT-30m,XLtrend,MKT,1.5,low,823,-12.53,-5.53,-15.5,5.0,0.328,False
SOLUSDT-30m,loud,MKT,1.5,mid,2723,-18.28,-11.28,-15.9,-6.4,0.349,False
SOLUSDT-30m,uwd10,MKT,1.5,mid,2045,-13.67,-6.67,-10.8,-2.2,0.287,False
SOLUSDT-30m,uwd910,MKT,1.5,mid,4089,-17.17,-10.17,-13.4,-7.0,0.32,False
SOLUSDT-30m,prevBull,MKT,1.5,mid,3520,-17.35,-10.35,-13.7,-6.8,0.341,False
SOLUSDT-30m,smaAbove,MKT,1.5,mid,3859,-17.35,-10.35,-13.5,-7.3,0.355,False
SOLUSDT-30m,trendHi,MKT,1.5,mid,2823,-16.4,-9.4,-13.4,-5.5,0.362,False
SOLUSDT-30m,XL,MKT,1.5,mid,1682,-16.75,-9.75,-16.0,-3.3,0.309,False
SOLUSDT-30m,XLtrend,MKT,1.5,mid,823,-13.21,-6.21,-16.0,4.1,0.301,False
SOLUSDT-30m,loud,PB,1.0,low,2361,-12.87,-5.87,-8.1,-3.4,0.175,False
SOLUSDT-30m,uwd10,PB,1.0,low,1914,-13.19,-6.19,-8.2,-4.0,0.119,False
SOLUSDT-30m,uwd910,PB,1.0,low,3747,-12.68,-5.68,-7.2,-4.3,0.156,False
SOLUSDT-30m,prevBull,PB,1.0,low,3161,-10.41,-3.41,-5.1,-1.6,0.199,False
SOLUSDT-30m,smaAbove,PB,1.0,low,3430,-11.17,-4.17,-5.6,-2.7,0.185,False
SOLUSDT-30m,trendHi,PB,1.0,low,2504,-10.4,-3.4,-5.2,-1.4,0.187,False
SOLUSDT-30m,XL,PB,1.0,low,1505,-13.12,-6.12,-8.9,-3.1,0.15,False
SOLUSDT-30m,XLtrend,PB,1.0,low,737,-10.05,-3.05,-7.3,1.9,0.152,False
SOLUSDT-30m,loud,PB,1.0,mid,2361,-12.46,-5.46,-6.9,-3.8,0.097,False
SOLUSDT-30m,uwd10,PB,1.0,mid,1914,-11.9,-4.9,-6.3,-3.3,0.063,False
SOLUSDT-30m,uwd910,PB,1.0,mid,3747,-12.52,-5.52,-6.5,-4.5,0.078,False
SOLUSDT-30m,prevBull,PB,1.0,mid,3161,-12.0,-5.0,-6.1,-3.8,0.102,False
SOLUSDT-30m,smaAbove,PB,1.0,mid,3430,-12.24,-5.24,-6.2,-4.2,0.093,False
SOLUSDT-30m,trendHi,PB,1.0,mid,2504,-11.89,-4.89,-6.2,-3.6,0.095,False
SOLUSDT-30m,XL,PB,1.0,mid,1505,-12.76,-5.76,-7.7,-3.7,0.077,False
SOLUSDT-30m,XLtrend,PB,1.0,mid,737,-12.25,-5.25,-7.8,-2.3,0.076,False
SOLUSDT-30m,loud,PB,1.5,low,2361,-12.71,-5.71,-8.2,-3.0,0.142,False
SOLUSDT-30m,uwd10,PB,1.5,low,1914,-12.38,-5.38,-7.8,-2.8,0.098,False
SOLUSDT-30m,uwd910,PB,1.5,low,3747,-11.92,-4.92,-6.5,-3.3,0.129,False
SOLUSDT-30m,prevBull,PB,1.5,low,3161,-9.71,-2.71,-4.7,-0.6,0.168,False
SOLUSDT-30m,smaAbove,PB,1.5,low,3430,-10.87,-3.87,-5.5,-2.2,0.154,False
SOLUSDT-30m,trendHi,PB,1.5,low,2504,-10.07,-3.07,-5.3,-0.9,0.155,False
SOLUSDT-30m,XL,PB,1.5,low,1505,-12.52,-5.52,-8.8,-2.1,0.122,False
SOLUSDT-30m,XLtrend,PB,1.5,low,737,-10.21,-3.21,-7.6,1.8,0.123,False
SOLUSDT-30m,loud,PB,1.5,mid,2361,-12.05,-5.05,-6.8,-3.1,0.077,False
SOLUSDT-30m,uwd10,PB,1.5,mid,1914,-11.45,-4.45,-6.2,-2.4,0.051,False
SOLUSDT-30m,uwd910,PB,1.5,mid,3747,-11.98,-4.98,-6.1,-3.8,0.064,False
SOLUSDT-30m,prevBull,PB,1.5,mid,3161,-11.3,-4.3,-5.6,-2.8,0.087,False
SOLUSDT-30m,smaAbove,PB,1.5,mid,3430,-11.7,-4.7,-5.8,-3.5,0.078,False
SOLUSDT-30m,trendHi,PB,1.5,mid,2504,-11.16,-4.16,-5.7,-2.6,0.081,False
SOLUSDT-30m,XL,PB,1.5,mid,1505,-12.3,-5.3,-7.6,-2.7,0.061,False
SOLUSDT-30m,XLtrend,PB,1.5,mid,737,-12.28,-5.28,-8.1,-2.3,0.061,False
SOLUSDT-1h,loud,MKT,1.0,low,1347,-29.84,-22.84,-31.2,-14.4,0.428,False
SOLUSDT-1h,uwd10,MKT,1.0,low,998,-22.13,-15.13,-22.5,-7.7,0.353,False
SOLUSDT-1h,uwd910,MKT,1.0,low,1996,-26.58,-19.58,-25.2,-14.1,0.38,False
SOLUSDT-1h,prevBull,MKT,1.0,low,1705,-29.6,-22.6,-28.4,-16.8,0.412,False
SOLUSDT-1h,smaAbove,MKT,1.0,low,1880,-27.87,-20.87,-26.4,-15.9,0.429,False
SOLUSDT-1h,trendHi,MKT,1.0,low,1384,-30.06,-23.06,-29.7,-16.6,0.413,False
SOLUSDT-1h,XL,MKT,1.0,low,809,-24.63,-17.63,-29.5,-5.7,0.383,False
SOLUSDT-1h,XLtrend,MKT,1.0,low,391,-14.17,-7.17,-23.9,9.5,0.394,False
SOLUSDT-1h,loud,MKT,1.0,mid,1347,-28.24,-21.24,-29.4,-13.2,0.396,False
SOLUSDT-1h,uwd10,MKT,1.0,mid,998,-23.04,-16.04,-23.0,-9.0,0.322,False
SOLUSDT-1h,uwd910,MKT,1.0,mid,1996,-26.05,-19.05,-24.3,-13.9,0.351,False
SOLUSDT-1h,prevBull,MKT,1.0,mid,1705,-28.87,-21.87,-27.3,-16.2,0.378,False
SOLUSDT-1h,smaAbove,MKT,1.0,mid,1880,-27.01,-20.01,-25.2,-15.0,0.393,False
SOLUSDT-1h,trendHi,MKT,1.0,mid,1384,-29.1,-22.1,-28.4,-16.0,0.38,False
SOLUSDT-1h,XL,MKT,1.0,mid,809,-23.66,-16.66,-28.2,-5.3,0.355,False
SOLUSDT-1h,XLtrend,MKT,1.0,mid,391,-13.02,-6.02,-21.9,9.8,0.371,False
SOLUSDT-1h,loud,MKT,1.5,low,1347,-24.73,-17.73,-27.0,-7.9,0.366,False
SOLUSDT-1h,uwd10,MKT,1.5,low,998,-16.95,-9.95,-18.1,-1.5,0.305,False
SOLUSDT-1h,uwd910,MKT,1.5,low,1996,-20.34,-13.34,-19.8,-7.1,0.336,False
SOLUSDT-1h,prevBull,MKT,1.5,low,1705,-24.3,-17.3,-23.8,-10.8,0.366,False
SOLUSDT-1h,smaAbove,MKT,1.5,low,1880,-21.68,-14.68,-20.9,-8.5,0.385,False
SOLUSDT-1h,trendHi,MKT,1.5,low,1384,-23.16,-16.16,-24.1,-8.9,0.368,False
SOLUSDT-1h,XL,MKT,1.5,low,809,-18.35,-11.35,-25.3,2.4,0.325,False
SOLUSDT-1h,XLtrend,MKT,1.5,low,391,-7.99,-0.99,-20.7,19.7,0.322,False
SOLUSDT-1h,loud,MKT,1.5,mid,1347,-21.98,-14.98,-24.0,-5.4,0.339,False
SOLUSDT-1h,uwd10,MKT,1.5,mid,998,-16.78,-9.78,-17.6,-1.6,0.285,False
SOLUSDT-1h,uwd910,MKT,1.5,mid,1996,-19.34,-12.34,-18.4,-6.3,0.313,False
SOLUSDT-1h,prevBull,MKT,1.5,mid,1705,-23.14,-16.14,-22.4,-9.7,0.338,False
SOLUSDT-1h,smaAbove,MKT,1.5,mid,1880,-20.42,-13.42,-19.4,-7.5,0.354,False
SOLUSDT-1h,trendHi,MKT,1.5,mid,1384,-21.73,-14.73,-22.3,-7.6,0.341,False
SOLUSDT-1h,XL,MKT,1.5,mid,809,-16.35,-9.35,-22.6,4.1,0.303,False
SOLUSDT-1h,XLtrend,MKT,1.5,mid,391,-4.46,2.54,-16.6,23.2,0.307,False
SOLUSDT-1h,loud,PB,1.0,low,1162,-13.58,-6.58,-11.4,-1.8,0.196,False
SOLUSDT-1h,uwd10,PB,1.0,low,930,-11.23,-4.23,-7.9,-0.4,0.153,False
SOLUSDT-1h,uwd910,PB,1.0,low,1828,-13.99,-6.99,-9.5,-4.3,0.166,False
SOLUSDT-1h,prevBull,PB,1.0,low,1544,-11.66,-4.66,-7.9,-1.5,0.207,False
SOLUSDT-1h,smaAbove,PB,1.0,low,1664,-12.89,-5.89,-9.0,-2.7,0.199,False
SOLUSDT-1h,trendHi,PB,1.0,low,1225,-12.12,-5.12,-9.2,-1.2,0.195,False
SOLUSDT-1h,XL,PB,1.0,low,713,-14.92,-7.92,-13.3,-2.4,0.158,False
SOLUSDT-1h,XLtrend,PB,1.0,low,339,-11.48,-4.48,-13.0,4.8,0.15,False
SOLUSDT-1h,loud,PB,1.0,mid,1162,-14.61,-7.61,-10.5,-4.5,0.099,False
SOLUSDT-1h,uwd10,PB,1.0,mid,930,-11.65,-4.65,-7.1,-2.1,0.075,False
SOLUSDT-1h,uwd910,PB,1.0,mid,1828,-13.79,-6.79,-8.4,-5.0,0.081,False
SOLUSDT-1h,prevBull,PB,1.0,mid,1544,-13.57,-6.57,-8.5,-4.5,0.102,False
SOLUSDT-1h,smaAbove,PB,1.0,mid,1664,-12.84,-5.84,-7.9,-3.7,0.108,False
SOLUSDT-1h,trendHi,PB,1.0,mid,1225,-11.65,-4.65,-7.3,-1.9,0.112,False
SOLUSDT-1h,XL,PB,1.0,mid,713,-15.17,-8.17,-11.3,-4.7,0.073,False
SOLUSDT-1h,XLtrend,PB,1.0,mid,339,-11.79,-4.79,-10.4,1.5,0.077,False
SOLUSDT-1h,loud,PB,1.5,low,1162,-12.96,-5.96,-11.3,-0.8,0.162,False
SOLUSDT-1h,uwd10,PB,1.5,low,930,-9.61,-2.61,-6.7,1.6,0.126,False
SOLUSDT-1h,uwd910,PB,1.5,low,1828,-12.67,-5.67,-8.5,-2.6,0.138,False
SOLUSDT-1h,prevBull,PB,1.5,low,1544,-10.99,-3.99,-7.3,-0.3,0.173,False
SOLUSDT-1h,smaAbove,PB,1.5,low,1664,-11.73,-4.73,-8.1,-1.2,0.169,False
SOLUSDT-1h,trendHi,PB,1.5,low,1225,-10.49,-3.49,-7.9,0.9,0.165,False
SOLUSDT-1h,XL,PB,1.5,low,713,-12.62,-5.62,-11.3,0.5,0.136,False
SOLUSDT-1h,XLtrend,PB,1.5,low,339,-9.33,-2.33,-11.4,7.4,0.127,False
SOLUSDT-1h,loud,PB,1.5,mid,1162,-13.31,-6.31,-9.8,-2.5,0.081,False
SOLUSDT-1h,uwd10,PB,1.5,mid,930,-8.97,-1.97,-5.2,1.4,0.07,False
SOLUSDT-1h,uwd910,PB,1.5,mid,1828,-12.0,-5.0,-7.1,-2.7,0.072,False
SOLUSDT-1h,prevBull,PB,1.5,mid,1544,-12.34,-5.34,-7.6,-2.8,0.088,False
SOLUSDT-1h,smaAbove,PB,1.5,mid,1664,-10.81,-3.81,-6.3,-1.2,0.097,False
SOLUSDT-1h,trendHi,PB,1.5,mid,1225,-8.89,-1.89,-5.3,1.6,0.102,False
SOLUSDT-1h,XL,PB,1.5,mid,713,-13.15,-6.15,-10.0,-1.8,0.063,False
SOLUSDT-1h,XLtrend,PB,1.5,mid,339,-8.64,-1.64,-8.9,6.7,0.068,False
SOLUSDT-4h,loud,MKT,1.0,low,332,-10.7,-3.7,-30.0,23.9,0.461,False
SOLUSDT-4h,uwd10,MKT,1.0,low,253,-15.49,-8.49,-34.0,16.6,0.383,False
SOLUSDT-4h,uwd910,MKT,1.0,low,505,-20.49,-13.49,-30.4,4.5,0.408,False
SOLUSDT-4h,prevBull,MKT,1.0,low,465,-38.88,-31.88,-49.3,-14.5,0.419,False
SOLUSDT-4h,smaAbove,MKT,1.0,low,453,-24.36,-17.36,-36.8,2.4,0.453,False
SOLUSDT-4h,trendHi,MKT,1.0,low,325,-20.17,-13.17,-37.4,12.5,0.455,False
SOLUSDT-4h,XL,MKT,1.0,low,203,-15.75,-8.75,-42.7,24.7,0.404,False
SOLUSDT-4h,XLtrend,MKT,1.0,low,102,-7.23,-0.23,-55.3,56.5,0.422,False
SOLUSDT-4h,loud,MKT,1.0,mid,332,-14.0,-7.0,-33.4,19.9,0.425,False
SOLUSDT-4h,uwd10,MKT,1.0,mid,253,-14.04,-7.04,-31.6,16.5,0.352,False
SOLUSDT-4h,uwd910,MKT,1.0,mid,505,-19.44,-12.44,-28.8,4.7,0.376,False
SOLUSDT-4h,prevBull,MKT,1.0,mid,465,-39.54,-32.54,-49.0,-15.5,0.383,False
SOLUSDT-4h,smaAbove,MKT,1.0,mid,453,-23.69,-16.69,-34.7,2.2,0.417,False
SOLUSDT-4h,trendHi,MKT,1.0,mid,325,-18.31,-11.31,-34.8,13.2,0.422,False
SOLUSDT-4h,XL,MKT,1.0,mid,203,-10.55,-3.55,-37.4,29.5,0.384,False
SOLUSDT-4h,XLtrend,MKT,1.0,mid,102,0.94,7.94,-46.1,63.1,0.412,False
SOLUSDT-4h,loud,MKT,1.5,low,332,2.52,9.52,-24.1,44.3,0.395,False
SOLUSDT-4h,uwd10,MKT,1.5,low,253,3.37,10.37,-19.1,40.5,0.34,False
SOLUSDT-4h,uwd910,MKT,1.5,low,505,-7.85,-0.85,-21.8,20.4,0.362,False
SOLUSDT-4h,prevBull,MKT,1.5,low,465,-28.56,-21.56,-41.8,-0.7,0.374,False
SOLUSDT-4h,smaAbove,MKT,1.5,low,453,-14.45,-7.45,-31.1,16.1,0.402,False
SOLUSDT-4h,trendHi,MKT,1.5,low,325,-12.96,-5.96,-37.0,25.3,0.397,False
SOLUSDT-4h,XL,MKT,1.5,low,203,-6.62,0.38,-39.4,40.6,0.33,False
SOLUSDT-4h,XLtrend,MKT,1.5,low,102,-8.44,-1.44,-65.0,65.3,0.324,False
SOLUSDT-4h,loud,MKT,1.5,mid,332,-0.94,6.06,-26.0,38.9,0.367,False
SOLUSDT-4h,uwd10,MKT,1.5,mid,253,1.15,8.15,-19.8,36.5,0.312,False
SOLUSDT-4h,uwd910,MKT,1.5,mid,505,-7.82,-0.82,-19.5,18.8,0.337,False
SOLUSDT-4h,prevBull,MKT,1.5,mid,465,-30.99,-23.99,-43.3,-4.9,0.344,False
SOLUSDT-4h,smaAbove,MKT,1.5,mid,453,-14.07,-7.07,-28.3,14.3,0.373,False
SOLUSDT-4h,trendHi,MKT,1.5,mid,325,-13.16,-6.16,-34.4,21.4,0.366,False
SOLUSDT-4h,XL,MKT,1.5,mid,203,-6.12,0.88,-37.3,38.9,0.31,False
SOLUSDT-4h,XLtrend,MKT,1.5,mid,102,-10.82,-3.82,-62.1,53.4,0.304,False
SOLUSDT-4h,loud,PB,1.0,low,284,-2.7,4.3,-13.7,22.4,0.236,False
SOLUSDT-4h,uwd10,PB,1.0,low,230,-0.97,6.03,-9.7,22.9,0.183,False
SOLUSDT-4h,uwd910,PB,1.0,low,459,-8.05,-1.05,-11.8,10.1,0.179,False
SOLUSDT-4h,prevBull,PB,1.0,low,423,-12.51,-5.51,-16.6,5.7,0.201,False
SOLUSDT-4h,smaAbove,PB,1.0,low,401,-4.36,2.64,-9.3,15.2,0.217,False
SOLUSDT-4h,trendHi,PB,1.0,low,291,-7.98,-0.98,-15.5,15.4,0.216,False
SOLUSDT-4h,XL,PB,1.0,low,179,-1.43,5.57,-15.0,26.9,0.201,False
SOLUSDT-4h,XLtrend,PB,1.0,low,90,-3.16,3.84,-30.2,39.6,0.178,False
SOLUSDT-4h,loud,PB,1.0,mid,284,-20.01,-13.01,-23.1,-1.8,0.099,False
SOLUSDT-4h,uwd10,PB,1.0,mid,230,-15.79,-8.79,-17.2,0.8,0.083,False
SOLUSDT-4h,uwd910,PB,1.0,mid,459,-16.53,-9.53,-15.9,-2.5,0.081,False
SOLUSDT-4h,prevBull,PB,1.0,mid,423,-19.66,-12.66,-18.6,-6.1,0.092,False
SOLUSDT-4h,smaAbove,PB,1.0,mid,401,-15.71,-8.71,-15.8,-0.9,0.1,False
SOLUSDT-4h,trendHi,PB,1.0,mid,291,-18.41,-11.41,-20.3,-1.0,0.1,False
SOLUSDT-4h,XL,PB,1.0,mid,179,-23.02,-16.02,-26.6,-3.8,0.067,False
SOLUSDT-4h,XLtrend,PB,1.0,mid,90,-26.96,-19.96,-34.9,-1.9,0.056,False
SOLUSDT-4h,loud,PB,1.5,low,284,-9.58,-2.58,-22.7,18.7,0.187,False
SOLUSDT-4h,uwd10,PB,1.5,low,230,-1.84,5.16,-14.3,26.1,0.139,False
SOLUSDT-4h,uwd910,PB,1.5,low,459,-9.71,-2.71,-15.3,10.6,0.135,False
SOLUSDT-4h,prevBull,PB,1.5,low,423,-12.33,-5.33,-18.0,8.0,0.163,False
SOLUSDT-4h,smaAbove,PB,1.5,low,401,-4.13,2.87,-11.4,17.5,0.18,False
SOLUSDT-4h,trendHi,PB,1.5,low,291,-6.38,0.62,-16.7,18.9,0.186,False
SOLUSDT-4h,XL,PB,1.5,low,179,-4.39,2.61,-21.5,30.3,0.151,False
SOLUSDT-4h,XLtrend,PB,1.5,low,90,-5.8,1.2,-38.5,46.9,0.133,False
SOLUSDT-4h,loud,PB,1.5,mid,284,-22.43,-15.43,-25.9,-4.0,0.081,False
SOLUSDT-4h,uwd10,PB,1.5,mid,230,-14.36,-7.36,-17.3,4.5,0.065,False
SOLUSDT-4h,uwd910,PB,1.5,mid,459,-17.67,-10.67,-17.6,-2.8,0.059,False
SOLUSDT-4h,prevBull,PB,1.5,mid,423,-18.93,-11.93,-18.7,-4.3,0.076,False
SOLUSDT-4h,smaAbove,PB,1.5,mid,401,-15.34,-8.34,-16.3,0.2,0.085,False
SOLUSDT-4h,trendHi,PB,1.5,mid,291,-19.2,-12.2,-22.0,-1.4,0.082,False
SOLUSDT-4h,XL,PB,1.5,mid,179,-23.95,-16.95,-28.5,-3.2,0.05,False
SOLUSDT-4h,XLtrend,PB,1.5,mid,90,-31.1,-24.1,-39.3,-4.3,0.033,False
ICPUSDT-5m,loud,MKT,1.0,low,15541,-17.05,-10.05,-10.6,-9.5,0.469,False
ICPUSDT-5m,uwd10,MKT,1.0,low,11101,-15.47,-8.47,-9.0,-7.9,0.374,False
ICPUSDT-5m,uwd910,MKT,1.0,low,22294,-16.46,-9.46,-9.9,-9.1,0.408,False
ICPUSDT-5m,prevBull,MKT,1.0,low,17316,-17.87,-10.87,-11.3,-10.4,0.444,False
ICPUSDT-5m,smaAbove,MKT,1.0,low,20598,-17.79,-10.79,-11.2,-10.3,0.443,False
ICPUSDT-5m,trendHi,MKT,1.0,low,14814,-18.3,-11.3,-11.9,-10.7,0.443,False
ICPUSDT-5m,XL,MKT,1.0,low,9173,-16.01,-9.01,-9.7,-8.3,0.418,False
ICPUSDT-5m,XLtrend,MKT,1.0,low,4213,-17.06,-10.06,-11.3,-8.9,0.404,False
ICPUSDT-5m,loud,MKT,1.0,mid,15541,-16.96,-9.96,-10.5,-9.4,0.449,False
ICPUSDT-5m,uwd10,MKT,1.0,mid,11101,-15.43,-8.43,-9.0,-7.9,0.362,False
ICPUSDT-5m,uwd910,MKT,1.0,mid,22294,-16.38,-9.38,-9.8,-9.0,0.392,False
ICPUSDT-5m,prevBull,MKT,1.0,mid,17316,-17.81,-10.81,-11.3,-10.4,0.421,False
ICPUSDT-5m,smaAbove,MKT,1.0,mid,20598,-17.63,-10.63,-11.1,-10.2,0.424,False
ICPUSDT-5m,trendHi,MKT,1.0,mid,14814,-18.15,-11.15,-11.7,-10.6,0.422,False
ICPUSDT-5m,XL,MKT,1.0,mid,9173,-15.87,-8.87,-9.6,-8.2,0.403,False
ICPUSDT-5m,XLtrend,MKT,1.0,mid,4213,-16.69,-9.69,-10.9,-8.5,0.389,False
ICPUSDT-5m,loud,MKT,1.5,low,15541,-15.46,-8.46,-9.1,-7.8,0.418,False
ICPUSDT-5m,uwd10,MKT,1.5,low,11101,-13.5,-6.5,-7.1,-5.8,0.329,False
ICPUSDT-5m,uwd910,MKT,1.5,low,22294,-14.75,-7.75,-8.2,-7.3,0.364,False
ICPUSDT-5m,prevBull,MKT,1.5,low,17316,-16.18,-9.18,-9.7,-8.7,0.405,False
ICPUSDT-5m,smaAbove,MKT,1.5,low,20598,-16.29,-9.29,-9.8,-8.8,0.401,False
ICPUSDT-5m,trendHi,MKT,1.5,low,14814,-16.59,-9.59,-10.3,-9.0,0.402,False
ICPUSDT-5m,XL,MKT,1.5,low,9173,-14.51,-7.51,-8.3,-6.7,0.363,False
ICPUSDT-5m,XLtrend,MKT,1.5,low,4213,-15.98,-8.98,-10.3,-7.6,0.348,False
ICPUSDT-5m,loud,MKT,1.5,mid,15541,-15.29,-8.29,-8.9,-7.6,0.4,False
ICPUSDT-5m,uwd10,MKT,1.5,mid,11101,-13.43,-6.43,-7.1,-5.8,0.319,False
ICPUSDT-5m,uwd910,MKT,1.5,mid,22294,-14.65,-7.65,-8.1,-7.2,0.35,False
ICPUSDT-5m,prevBull,MKT,1.5,mid,17316,-16.12,-9.12,-9.7,-8.6,0.385,False
ICPUSDT-5m,smaAbove,MKT,1.5,mid,20598,-16.12,-9.12,-9.6,-8.6,0.384,False
ICPUSDT-5m,trendHi,MKT,1.5,mid,14814,-16.42,-9.42,-10.1,-8.8,0.384,False
ICPUSDT-5m,XL,MKT,1.5,mid,9173,-14.31,-7.31,-8.1,-6.5,0.35,False
ICPUSDT-5m,XLtrend,MKT,1.5,mid,4213,-15.48,-8.48,-9.8,-7.1,0.335,False
ICPUSDT-5m,loud,PB,1.0,low,12709,-12.64,-5.64,-6.0,-5.3,0.118,False
ICPUSDT-5m,uwd10,PB,1.0,low,9916,-12.03,-5.03,-5.3,-4.8,0.062,False
ICPUSDT-5m,uwd910,PB,1.0,low,19255,-12.23,-5.23,-5.4,-5.0,0.086,False
ICPUSDT-5m,prevBull,PB,1.0,low,14848,-12.4,-5.4,-5.7,-5.2,0.12,False
ICPUSDT-5m,smaAbove,PB,1.0,low,17450,-12.44,-5.44,-5.7,-5.2,0.106,False
ICPUSDT-5m,trendHi,PB,1.0,low,12582,-12.6,-5.6,-5.9,-5.3,0.111,False
ICPUSDT-5m,XL,PB,1.0,low,7746,-12.62,-5.62,-6.0,-5.3,0.087,False
ICPUSDT-5m,XLtrend,PB,1.0,low,3616,-13.04,-6.04,-6.6,-5.4,0.081,False
ICPUSDT-5m,loud,PB,1.0,mid,12709,-12.06,-5.06,-5.3,-4.8,0.063,False
ICPUSDT-5m,uwd10,PB,1.0,mid,9916,-11.69,-4.69,-4.8,-4.5,0.03,False
ICPUSDT-5m,uwd910,PB,1.0,mid,19255,-11.82,-4.82,-4.9,-4.7,0.043,False
ICPUSDT-5m,prevBull,PB,1.0,mid,14848,-12.02,-5.02,-5.2,-4.9,0.062,False
ICPUSDT-5m,smaAbove,PB,1.0,mid,17450,-12.0,-5.0,-5.2,-4.8,0.054,False
ICPUSDT-5m,trendHi,PB,1.0,mid,12582,-12.07,-5.07,-5.3,-4.9,0.057,False
ICPUSDT-5m,XL,PB,1.0,mid,7746,-11.92,-4.92,-5.2,-4.6,0.047,False
ICPUSDT-5m,XLtrend,PB,1.0,mid,3616,-11.86,-4.86,-5.3,-4.4,0.048,False
ICPUSDT-5m,loud,PB,1.5,low,12709,-12.66,-5.66,-6.0,-5.3,0.097,False
ICPUSDT-5m,uwd10,PB,1.5,low,9916,-11.95,-4.95,-5.2,-4.7,0.048,False
ICPUSDT-5m,uwd910,PB,1.5,low,19255,-12.18,-5.18,-5.4,-5.0,0.069,False
ICPUSDT-5m,prevBull,PB,1.5,low,14848,-12.38,-5.38,-5.7,-5.1,0.1,False
ICPUSDT-5m,smaAbove,PB,1.5,low,17450,-12.42,-5.42,-5.7,-5.2,0.088,False
ICPUSDT-5m,trendHi,PB,1.5,low,12582,-12.61,-5.61,-5.9,-5.3,0.092,False
ICPUSDT-5m,XL,PB,1.5,low,7746,-12.64,-5.64,-6.1,-5.2,0.069,False
ICPUSDT-5m,XLtrend,PB,1.5,low,3616,-13.22,-6.22,-6.9,-5.5,0.062,False
ICPUSDT-5m,loud,PB,1.5,mid,12709,-11.98,-4.98,-5.2,-4.7,0.052,False
ICPUSDT-5m,uwd10,PB,1.5,mid,9916,-11.58,-4.58,-4.8,-4.4,0.023,False
ICPUSDT-5m,uwd910,PB,1.5,mid,19255,-11.74,-4.74,-4.9,-4.6,0.035,False
ICPUSDT-5m,prevBull,PB,1.5,mid,14848,-11.92,-4.92,-5.1,-4.7,0.051,False
ICPUSDT-5m,smaAbove,PB,1.5,mid,17450,-11.92,-4.92,-5.1,-4.7,0.045,False
ICPUSDT-5m,trendHi,PB,1.5,mid,12582,-11.99,-4.99,-5.2,-4.7,0.048,False
ICPUSDT-5m,XL,PB,1.5,mid,7746,-11.89,-4.89,-5.2,-4.6,0.037,False
ICPUSDT-5m,XLtrend,PB,1.5,mid,3616,-11.86,-4.86,-5.3,-4.3,0.037,False
ICPUSDT-15m,loud,MKT,1.0,low,5323,-20.85,-13.85,-15.6,-12.2,0.462,False
ICPUSDT-15m,uwd10,MKT,1.0,low,3853,-17.63,-10.63,-12.2,-8.9,0.372,False
ICPUSDT-15m,uwd910,MKT,1.0,low,7744,-19.7,-12.7,-13.9,-11.5,0.404,False
ICPUSDT-15m,prevBull,MKT,1.0,low,5946,-22.98,-15.98,-17.4,-14.6,0.423,False
ICPUSDT-15m,smaAbove,MKT,1.0,low,7150,-22.2,-15.2,-16.4,-13.9,0.432,False
ICPUSDT-15m,trendHi,MKT,1.0,low,5190,-23.4,-16.4,-18.1,-14.9,0.433,False
ICPUSDT-15m,XL,MKT,1.0,low,3172,-19.22,-12.22,-14.4,-10.1,0.41,False
ICPUSDT-15m,XLtrend,MKT,1.0,low,1461,-21.63,-14.63,-18.2,-11.2,0.397,False
ICPUSDT-15m,loud,MKT,1.0,mid,5323,-20.86,-13.86,-15.5,-12.2,0.435,False
ICPUSDT-15m,uwd10,MKT,1.0,mid,3853,-17.45,-10.45,-12.0,-8.8,0.357,False
ICPUSDT-15m,uwd910,MKT,1.0,mid,7744,-19.67,-12.67,-13.8,-11.6,0.382,False
ICPUSDT-15m,prevBull,MKT,1.0,mid,5946,-22.65,-15.65,-17.0,-14.4,0.395,False
ICPUSDT-15m,smaAbove,MKT,1.0,mid,7150,-21.82,-14.82,-16.0,-13.6,0.408,False
ICPUSDT-15m,trendHi,MKT,1.0,mid,5190,-22.93,-15.93,-17.5,-14.4,0.408,False
ICPUSDT-15m,XL,MKT,1.0,mid,3172,-19.01,-12.01,-14.2,-10.0,0.391,False
ICPUSDT-15m,XLtrend,MKT,1.0,mid,1461,-21.28,-14.28,-17.7,-11.0,0.378,False
ICPUSDT-15m,loud,MKT,1.5,low,5323,-18.22,-11.22,-13.3,-9.3,0.407,False
ICPUSDT-15m,uwd10,MKT,1.5,low,3853,-14.94,-7.94,-9.8,-6.0,0.322,False
ICPUSDT-15m,uwd910,MKT,1.5,low,7744,-16.96,-9.96,-11.3,-8.6,0.356,False
ICPUSDT-15m,prevBull,MKT,1.5,low,5946,-20.03,-13.03,-14.6,-11.5,0.382,False
ICPUSDT-15m,smaAbove,MKT,1.5,low,7150,-19.41,-12.41,-13.8,-11.0,0.388,False
ICPUSDT-15m,trendHi,MKT,1.5,low,5190,-20.4,-13.4,-15.2,-11.5,0.389,False
ICPUSDT-15m,XL,MKT,1.5,low,3172,-16.87,-9.87,-12.4,-7.4,0.35,False
ICPUSDT-15m,XLtrend,MKT,1.5,low,1461,-18.52,-11.52,-15.6,-7.5,0.341,False
ICPUSDT-15m,loud,MKT,1.5,mid,5323,-17.93,-10.93,-12.9,-9.0,0.384,False
ICPUSDT-15m,uwd10,MKT,1.5,mid,3853,-14.58,-7.58,-9.4,-5.7,0.309,False
ICPUSDT-15m,uwd910,MKT,1.5,mid,7744,-16.72,-9.72,-11.1,-8.4,0.338,False
ICPUSDT-15m,prevBull,MKT,1.5,mid,5946,-19.66,-12.66,-14.2,-11.2,0.358,False
ICPUSDT-15m,smaAbove,MKT,1.5,mid,7150,-18.88,-11.88,-13.2,-10.5,0.368,False
ICPUSDT-15m,trendHi,MKT,1.5,mid,5190,-19.71,-12.71,-14.5,-11.0,0.369,False
ICPUSDT-15m,XL,MKT,1.5,mid,3172,-16.15,-9.15,-11.6,-6.7,0.335,False
ICPUSDT-15m,XLtrend,MKT,1.5,mid,1461,-17.59,-10.59,-14.6,-6.7,0.327,False
ICPUSDT-15m,loud,PB,1.0,low,4471,-12.6,-5.6,-6.6,-4.6,0.142,False
ICPUSDT-15m,uwd10,PB,1.0,low,3498,-12.98,-5.98,-6.7,-5.2,0.076,False
ICPUSDT-15m,uwd910,PB,1.0,low,6849,-13.05,-6.05,-6.6,-5.4,0.105,False
ICPUSDT-15m,prevBull,PB,1.0,low,5223,-13.64,-6.64,-7.4,-5.8,0.14,False
ICPUSDT-15m,smaAbove,PB,1.0,low,6177,-13.09,-6.09,-6.8,-5.4,0.129,False
ICPUSDT-15m,trendHi,PB,1.0,low,4490,-12.69,-5.69,-6.6,-4.8,0.142,False
ICPUSDT-15m,XL,PB,1.0,low,2747,-13.35,-6.35,-7.6,-5.2,0.105,False
ICPUSDT-15m,XLtrend,PB,1.0,low,1268,-13.4,-6.4,-8.4,-4.4,0.101,False
ICPUSDT-15m,loud,PB,1.0,mid,4471,-13.12,-6.12,-6.7,-5.5,0.068,False
ICPUSDT-15m,uwd10,PB,1.0,mid,3498,-12.67,-5.67,-6.1,-5.2,0.032,False
ICPUSDT-15m,uwd910,PB,1.0,mid,6849,-12.75,-5.75,-6.1,-5.4,0.051,False
ICPUSDT-15m,prevBull,PB,1.0,mid,5223,-13.3,-6.3,-6.8,-5.8,0.069,False
ICPUSDT-15m,smaAbove,PB,1.0,mid,6177,-12.99,-5.99,-6.4,-5.5,0.063,False
ICPUSDT-15m,trendHi,PB,1.0,mid,4490,-12.8,-5.8,-6.4,-5.2,0.073,False
ICPUSDT-15m,XL,PB,1.0,mid,2747,-13.35,-6.35,-7.1,-5.6,0.046,False
ICPUSDT-15m,XLtrend,PB,1.0,mid,1268,-13.65,-6.65,-7.8,-5.4,0.044,False
ICPUSDT-15m,loud,PB,1.5,low,4471,-13.3,-6.3,-7.4,-5.2,0.114,False
ICPUSDT-15m,uwd10,PB,1.5,low,3498,-13.48,-6.48,-7.3,-5.6,0.057,False
ICPUSDT-15m,uwd910,PB,1.5,low,6849,-13.38,-6.38,-7.1,-5.7,0.083,False
ICPUSDT-15m,prevBull,PB,1.5,low,5223,-13.68,-6.68,-7.6,-5.8,0.116,False
ICPUSDT-15m,smaAbove,PB,1.5,low,6177,-13.55,-6.55,-7.3,-5.7,0.105,False
ICPUSDT-15m,trendHi,PB,1.5,low,4490,-13.22,-6.22,-7.2,-5.2,0.116,False
ICPUSDT-15m,XL,PB,1.5,low,2747,-14.05,-7.05,-8.3,-5.7,0.08,False
ICPUSDT-15m,XLtrend,PB,1.5,low,1268,-14.26,-7.26,-9.4,-5.0,0.078,False
ICPUSDT-15m,loud,PB,1.5,mid,4471,-13.41,-6.41,-7.1,-5.7,0.053,False
ICPUSDT-15m,uwd10,PB,1.5,mid,3498,-12.61,-5.61,-6.1,-5.0,0.026,False
ICPUSDT-15m,uwd910,PB,1.5,mid,6849,-12.76,-5.76,-6.2,-5.3,0.041,False
ICPUSDT-15m,prevBull,PB,1.5,mid,5223,-13.21,-6.21,-6.7,-5.6,0.057,False
ICPUSDT-15m,smaAbove,PB,1.5,mid,6177,-13.06,-6.06,-6.6,-5.5,0.051,False
ICPUSDT-15m,trendHi,PB,1.5,mid,4490,-12.88,-5.88,-6.6,-5.2,0.058,False
ICPUSDT-15m,XL,PB,1.5,mid,2747,-13.47,-6.47,-7.3,-5.6,0.034,False
ICPUSDT-15m,XLtrend,PB,1.5,mid,1268,-13.7,-6.7,-8.0,-5.2,0.034,False
ICPUSDT-30m,loud,MKT,1.0,low,2578,-20.86,-13.86,-17.3,-10.6,0.452,False
ICPUSDT-30m,uwd10,MKT,1.0,low,1943,-20.23,-13.23,-16.3,-10.2,0.35,False
ICPUSDT-30m,uwd910,MKT,1.0,low,3906,-20.92,-13.92,-16.2,-11.8,0.394,False
ICPUSDT-30m,prevBull,MKT,1.0,low,3134,-24.84,-17.84,-20.4,-15.3,0.417,False
ICPUSDT-30m,smaAbove,MKT,1.0,low,3493,-24.16,-17.16,-19.7,-14.6,0.421,False
ICPUSDT-30m,trendHi,MKT,1.0,low,2561,-25.39,-18.39,-21.5,-15.4,0.422,False
ICPUSDT-30m,XL,MKT,1.0,low,1551,-17.81,-10.81,-15.0,-6.8,0.412,False
ICPUSDT-30m,XLtrend,MKT,1.0,low,731,-19.95,-12.95,-19.7,-6.7,0.406,False
ICPUSDT-30m,loud,MKT,1.0,mid,2578,-20.91,-13.91,-17.2,-10.9,0.419,False
ICPUSDT-30m,uwd10,MKT,1.0,mid,1943,-19.78,-12.78,-15.7,-10.0,0.334,False
ICPUSDT-30m,uwd910,MKT,1.0,mid,3906,-20.98,-13.98,-16.1,-12.0,0.366,False
ICPUSDT-30m,prevBull,MKT,1.0,mid,3134,-24.64,-17.64,-20.1,-15.2,0.381,False
ICPUSDT-30m,smaAbove,MKT,1.0,mid,3493,-23.86,-16.86,-19.3,-14.4,0.391,False
ICPUSDT-30m,trendHi,MKT,1.0,mid,2561,-25.31,-18.31,-21.3,-15.4,0.389,False
ICPUSDT-30m,XL,MKT,1.0,mid,1551,-18.02,-11.02,-15.1,-7.1,0.384,False
ICPUSDT-30m,XLtrend,MKT,1.0,mid,731,-19.76,-12.76,-19.1,-6.7,0.383,False
ICPUSDT-30m,loud,MKT,1.5,low,2578,-17.28,-10.28,-14.1,-6.4,0.396,False
ICPUSDT-30m,uwd10,MKT,1.5,low,1943,-16.59,-9.59,-13.3,-6.1,0.3,False
ICPUSDT-30m,uwd910,MKT,1.5,low,3906,-16.74,-9.74,-12.4,-7.2,0.35,False
ICPUSDT-30m,prevBull,MKT,1.5,low,3134,-21.35,-14.35,-17.3,-11.5,0.374,False
ICPUSDT-30m,smaAbove,MKT,1.5,low,3493,-20.15,-13.15,-16.1,-10.3,0.379,False
ICPUSDT-30m,trendHi,MKT,1.5,low,2561,-21.38,-14.38,-18.0,-10.9,0.379,False
ICPUSDT-30m,XL,MKT,1.5,low,1551,-14.57,-7.57,-12.6,-2.7,0.351,False
ICPUSDT-30m,XLtrend,MKT,1.5,low,731,-15.02,-8.02,-15.6,-0.5,0.353,False
ICPUSDT-30m,loud,MKT,1.5,mid,2578,-16.25,-9.25,-13.0,-5.5,0.371,False
ICPUSDT-30m,uwd10,MKT,1.5,mid,1943,-15.77,-8.77,-12.4,-5.4,0.287,False
ICPUSDT-30m,uwd910,MKT,1.5,mid,3906,-16.15,-9.15,-11.8,-6.8,0.328,False
ICPUSDT-30m,prevBull,MKT,1.5,mid,3134,-20.48,-13.48,-16.3,-10.7,0.347,False
ICPUSDT-30m,smaAbove,MKT,1.5,mid,3493,-19.47,-12.47,-15.2,-9.9,0.353,False
ICPUSDT-30m,trendHi,MKT,1.5,mid,2561,-20.93,-13.93,-17.3,-10.5,0.349,False
ICPUSDT-30m,XL,MKT,1.5,mid,1551,-13.02,-6.02,-10.9,-1.3,0.335,False
ICPUSDT-30m,XLtrend,MKT,1.5,mid,731,-13.37,-6.37,-13.8,1.1,0.338,False
ICPUSDT-30m,loud,PB,1.0,low,2231,-12.13,-5.13,-7.3,-3.0,0.176,False
ICPUSDT-30m,uwd10,PB,1.0,low,1801,-12.81,-5.81,-7.4,-4.1,0.108,False
ICPUSDT-30m,uwd910,PB,1.0,low,3556,-12.57,-5.57,-6.8,-4.3,0.143,False
ICPUSDT-30m,prevBull,PB,1.0,low,2788,-13.72,-6.72,-8.2,-5.1,0.172,False
ICPUSDT-30m,smaAbove,PB,1.0,low,3091,-12.03,-5.03,-6.5,-3.6,0.171,False
ICPUSDT-30m,trendHi,PB,1.0,low,2269,-11.86,-4.86,-6.8,-3.0,0.176,False
ICPUSDT-30m,XL,PB,1.0,low,1370,-11.77,-4.77,-7.2,-2.2,0.145,False
ICPUSDT-30m,XLtrend,PB,1.0,low,645,-10.55,-3.55,-7.5,0.7,0.152,False
ICPUSDT-30m,loud,PB,1.0,mid,2231,-11.08,-4.08,-5.6,-2.4,0.104,False
ICPUSDT-30m,uwd10,PB,1.0,mid,1801,-11.56,-4.56,-5.8,-3.2,0.058,False
ICPUSDT-30m,uwd910,PB,1.0,mid,3556,-11.86,-4.86,-5.7,-3.9,0.078,False
ICPUSDT-30m,prevBull,PB,1.0,mid,2788,-12.37,-5.37,-6.5,-4.2,0.094,False
ICPUSDT-30m,smaAbove,PB,1.0,mid,3091,-11.65,-4.65,-5.7,-3.5,0.091,False
ICPUSDT-30m,trendHi,PB,1.0,mid,2269,-11.45,-4.45,-5.8,-3.0,0.094,False
ICPUSDT-30m,XL,PB,1.0,mid,1370,-10.41,-3.41,-5.4,-1.4,0.088,False
ICPUSDT-30m,XLtrend,PB,1.0,mid,645,-8.94,-1.94,-5.1,1.4,0.098,False
ICPUSDT-30m,loud,PB,1.5,low,2231,-12.57,-5.57,-8.0,-3.1,0.141,False
ICPUSDT-30m,uwd10,PB,1.5,low,1801,-12.73,-5.73,-7.6,-3.7,0.082,False
ICPUSDT-30m,uwd910,PB,1.5,low,3556,-12.51,-5.51,-7.0,-4.0,0.113,False
ICPUSDT-30m,prevBull,PB,1.5,low,2788,-14.27,-7.27,-9.0,-5.6,0.136,False
ICPUSDT-30m,smaAbove,PB,1.5,low,3091,-12.21,-5.21,-7.0,-3.5,0.137,False
ICPUSDT-30m,trendHi,PB,1.5,low,2269,-12.1,-5.1,-7.3,-2.8,0.14,False
ICPUSDT-30m,XL,PB,1.5,low,1370,-12.07,-5.07,-8.0,-2.2,0.114,False
ICPUSDT-30m,XLtrend,PB,1.5,low,645,-10.05,-3.05,-7.8,1.8,0.119,False
ICPUSDT-30m,loud,PB,1.5,mid,2231,-10.64,-3.64,-5.6,-1.6,0.084,False
ICPUSDT-30m,uwd10,PB,1.5,mid,1801,-11.38,-4.38,-5.8,-2.8,0.043,False
ICPUSDT-30m,uwd910,PB,1.5,mid,3556,-11.48,-4.48,-5.6,-3.3,0.062,False
ICPUSDT-30m,prevBull,PB,1.5,mid,2788,-12.33,-5.33,-6.6,-3.9,0.075,False
ICPUSDT-30m,smaAbove,PB,1.5,mid,3091,-11.35,-4.35,-5.6,-3.0,0.072,False
ICPUSDT-30m,trendHi,PB,1.5,mid,2269,-10.93,-3.93,-5.6,-2.2,0.074,False
ICPUSDT-30m,XL,PB,1.5,mid,1370,-9.79,-2.79,-5.1,-0.5,0.071,False
ICPUSDT-30m,XLtrend,PB,1.5,mid,645,-7.47,-0.47,-4.3,3.9,0.078,False
ICPUSDT-1h,loud,MKT,1.0,low,1328,-30.7,-23.7,-30.1,-17.3,0.437,False
ICPUSDT-1h,uwd10,MKT,1.0,low,979,-21.76,-14.76,-20.8,-8.5,0.371,False
ICPUSDT-1h,uwd910,MKT,1.0,low,1958,-24.53,-17.53,-21.9,-13.3,0.401,False
ICPUSDT-1h,prevBull,MKT,1.0,low,1611,-31.19,-24.19,-28.9,-19.2,0.412,False
ICPUSDT-1h,smaAbove,MKT,1.0,low,1764,-30.75,-23.75,-28.5,-19.0,0.416,False
ICPUSDT-1h,trendHi,MKT,1.0,low,1309,-32.26,-25.26,-31.4,-19.5,0.42,False
ICPUSDT-1h,XL,MKT,1.0,low,805,-20.23,-13.23,-21.0,-5.2,0.422,False
ICPUSDT-1h,XLtrend,MKT,1.0,low,406,-26.71,-19.71,-32.0,-7.9,0.397,False
ICPUSDT-1h,loud,MKT,1.0,mid,1328,-30.56,-23.56,-29.5,-17.4,0.398,False
ICPUSDT-1h,uwd10,MKT,1.0,mid,979,-22.43,-15.43,-21.2,-9.1,0.339,False
ICPUSDT-1h,uwd910,MKT,1.0,mid,1958,-25.28,-18.28,-22.5,-14.0,0.363,False
ICPUSDT-1h,prevBull,MKT,1.0,mid,1611,-31.51,-24.51,-29.3,-19.9,0.371,False
ICPUSDT-1h,smaAbove,MKT,1.0,mid,1764,-30.82,-23.82,-28.5,-19.2,0.378,False
ICPUSDT-1h,trendHi,MKT,1.0,mid,1309,-32.65,-25.65,-31.3,-20.2,0.38,False
ICPUSDT-1h,XL,MKT,1.0,mid,805,-21.81,-14.81,-22.1,-7.3,0.379,False
ICPUSDT-1h,XLtrend,MKT,1.0,mid,406,-28.94,-21.94,-33.1,-10.7,0.355,False
ICPUSDT-1h,loud,MKT,1.5,low,1328,-26.86,-19.86,-27.6,-12.4,0.378,False
ICPUSDT-1h,uwd10,MKT,1.5,low,979,-14.32,-7.32,-14.6,0.3,0.32,False
ICPUSDT-1h,uwd910,MKT,1.5,low,1958,-18.81,-11.81,-16.9,-6.6,0.351,False
ICPUSDT-1h,prevBull,MKT,1.5,low,1611,-26.62,-19.62,-25.5,-14.0,0.368,False
ICPUSDT-1h,smaAbove,MKT,1.5,low,1764,-26.8,-19.8,-25.6,-14.2,0.366,False
ICPUSDT-1h,trendHi,MKT,1.5,low,1309,-27.72,-20.72,-27.9,-13.8,0.371,False
ICPUSDT-1h,XL,MKT,1.5,low,805,-14.46,-7.46,-16.7,1.7,0.358,False
ICPUSDT-1h,XLtrend,MKT,1.5,low,406,-17.44,-10.44,-25.0,4.3,0.345,False
ICPUSDT-1h,loud,MKT,1.5,mid,1328,-26.42,-19.42,-27.0,-12.1,0.346,False
ICPUSDT-1h,uwd10,MKT,1.5,mid,979,-15.03,-8.03,-14.9,-0.5,0.293,False
ICPUSDT-1h,uwd910,MKT,1.5,mid,1958,-19.21,-12.21,-17.1,-7.2,0.321,False
ICPUSDT-1h,prevBull,MKT,1.5,mid,1611,-26.24,-19.24,-25.0,-13.7,0.338,False
ICPUSDT-1h,smaAbove,MKT,1.5,mid,1764,-26.61,-19.61,-25.3,-14.5,0.337,False
ICPUSDT-1h,trendHi,MKT,1.5,mid,1309,-27.77,-20.77,-27.4,-14.1,0.34,False
ICPUSDT-1h,XL,MKT,1.5,mid,805,-16.18,-9.18,-18.0,-0.4,0.32,False
ICPUSDT-1h,XLtrend,MKT,1.5,mid,406,-20.02,-13.02,-26.1,0.7,0.308,False
ICPUSDT-1h,loud,PB,1.0,low,1178,-9.69,-2.69,-6.8,1.4,0.198,False
ICPUSDT-1h,uwd10,PB,1.0,low,914,-11.0,-4.0,-7.2,-0.6,0.138,False
ICPUSDT-1h,uwd910,PB,1.0,low,1802,-11.44,-4.44,-6.9,-1.8,0.168,False
ICPUSDT-1h,prevBull,PB,1.0,low,1453,-11.92,-4.92,-7.8,-1.8,0.187,False
ICPUSDT-1h,smaAbove,PB,1.0,low,1579,-10.35,-3.35,-6.2,-0.3,0.184,False
ICPUSDT-1h,trendHi,PB,1.0,low,1170,-9.96,-2.96,-6.8,0.9,0.197,False
ICPUSDT-1h,XL,PB,1.0,low,734,-8.14,-1.14,-5.9,4.2,0.191,False
ICPUSDT-1h,XLtrend,PB,1.0,low,374,-9.1,-2.1,-9.0,5.3,0.187,False
ICPUSDT-1h,loud,PB,1.0,mid,1178,-11.36,-4.36,-7.2,-1.4,0.11,False
ICPUSDT-1h,uwd10,PB,1.0,mid,914,-11.52,-4.52,-6.6,-2.2,0.075,False
ICPUSDT-1h,uwd910,PB,1.0,mid,1802,-11.21,-4.21,-6.0,-2.2,0.094,False
ICPUSDT-1h,prevBull,PB,1.0,mid,1453,-12.72,-5.72,-7.6,-3.8,0.1,False
ICPUSDT-1h,smaAbove,PB,1.0,mid,1579,-11.21,-4.21,-6.4,-1.9,0.103,False
ICPUSDT-1h,trendHi,PB,1.0,mid,1170,-11.27,-4.27,-7.1,-1.5,0.108,False
ICPUSDT-1h,XL,PB,1.0,mid,734,-9.39,-2.39,-5.8,1.5,0.11,False
ICPUSDT-1h,XLtrend,PB,1.0,mid,374,-11.1,-4.1,-8.8,1.1,0.102,False
ICPUSDT-1h,loud,PB,1.5,low,1178,-10.51,-3.51,-8.3,1.3,0.156,False
ICPUSDT-1h,uwd10,PB,1.5,low,914,-10.4,-3.4,-7.2,0.7,0.106,False
ICPUSDT-1h,uwd910,PB,1.5,low,1802,-10.56,-3.56,-6.4,-0.5,0.135,False
ICPUSDT-1h,prevBull,PB,1.5,low,1453,-11.33,-4.33,-7.7,-0.9,0.154,False
ICPUSDT-1h,smaAbove,PB,1.5,low,1579,-10.82,-3.82,-7.5,0.0,0.146,False
ICPUSDT-1h,trendHi,PB,1.5,low,1170,-10.08,-3.08,-7.4,1.4,0.156,False
ICPUSDT-1h,XL,PB,1.5,low,734,-7.29,-0.29,-6.1,6.1,0.15,False
ICPUSDT-1h,XLtrend,PB,1.5,low,374,-7.13,-0.13,-8.7,8.8,0.15,False
ICPUSDT-1h,loud,PB,1.5,mid,1178,-11.33,-4.33,-7.7,-0.8,0.086,False
ICPUSDT-1h,uwd10,PB,1.5,mid,914,-11.02,-4.02,-6.6,-1.1,0.06,False
ICPUSDT-1h,uwd910,PB,1.5,mid,1802,-10.36,-3.36,-5.4,-1.0,0.077,False
ICPUSDT-1h,prevBull,PB,1.5,mid,1453,-12.06,-5.06,-7.2,-2.8,0.084,False
ICPUSDT-1h,smaAbove,PB,1.5,mid,1579,-11.49,-4.49,-7.1,-2.0,0.079,False
ICPUSDT-1h,trendHi,PB,1.5,mid,1170,-11.72,-4.72,-8.0,-1.7,0.081,False
ICPUSDT-1h,XL,PB,1.5,mid,734,-9.18,-2.18,-6.2,2.7,0.084,False
ICPUSDT-1h,XLtrend,PB,1.5,mid,374,-10.34,-3.34,-9.0,3.2,0.078,False
ICPUSDT-4h,loud,MKT,1.0,low,325,-45.07,-38.07,-63.2,-14.6,0.409,False
ICPUSDT-4h,uwd10,MKT,1.0,low,246,-27.4,-20.4,-42.1,2.9,0.366,False
ICPUSDT-4h,uwd910,MKT,1.0,low,492,-31.93,-24.93,-42.0,-9.7,0.388,False
ICPUSDT-4h,prevBull,MKT,1.0,low,426,-51.07,-44.07,-62.5,-26.6,0.385,False
ICPUSDT-4h,smaAbove,MKT,1.0,low,436,-39.34,-32.34,-50.8,-13.2,0.42,False
ICPUSDT-4h,trendHi,MKT,1.0,low,326,-36.91,-29.91,-53.3,-6.6,0.448,False
ICPUSDT-4h,XL,MKT,1.0,low,206,-29.73,-22.73,-51.9,7.1,0.379,False
ICPUSDT-4h,XLtrend,MKT,1.0,low,97,-27.7,-20.7,-72.1,27.4,0.423,False
ICPUSDT-4h,loud,MKT,1.0,mid,325,-49.53,-42.53,-66.5,-19.8,0.354,False
ICPUSDT-4h,uwd10,MKT,1.0,mid,246,-25.18,-18.18,-39.7,4.4,0.333,False
ICPUSDT-4h,uwd910,MKT,1.0,mid,492,-31.66,-24.66,-41.1,-9.6,0.352,False
ICPUSDT-4h,prevBull,MKT,1.0,mid,426,-53.98,-46.98,-64.3,-30.4,0.338,False
ICPUSDT-4h,smaAbove,MKT,1.0,mid,436,-42.9,-35.9,-53.2,-18.5,0.374,False
ICPUSDT-4h,trendHi,MKT,1.0,mid,326,-41.73,-34.73,-56.5,-13.1,0.393,False
ICPUSDT-4h,XL,MKT,1.0,mid,206,-33.51,-26.51,-54.2,1.9,0.325,False
ICPUSDT-4h,XLtrend,MKT,1.0,mid,97,-37.38,-30.38,-79.6,15.4,0.351,False
ICPUSDT-4h,loud,MKT,1.5,low,325,-32.95,-25.95,-54.4,1.9,0.357,False
ICPUSDT-4h,uwd10,MKT,1.5,low,246,-6.35,0.65,-26.3,28.7,0.333,False
ICPUSDT-4h,uwd910,MKT,1.5,low,492,-18.11,-11.11,-30.9,7.9,0.346,False
ICPUSDT-4h,prevBull,MKT,1.5,low,426,-36.55,-29.55,-51.1,-9.0,0.347,False
ICPUSDT-4h,smaAbove,MKT,1.5,low,436,-22.88,-15.88,-38.0,7.2,0.383,False
ICPUSDT-4h,trendHi,MKT,1.5,low,326,-22.52,-15.52,-41.6,12.0,0.402,False
ICPUSDT-4h,XL,MKT,1.5,low,206,-13.0,-6.0,-42.7,32.6,0.335,False
ICPUSDT-4h,XLtrend,MKT,1.5,low,97,-4.62,2.38,-58.3,63.2,0.381,False
ICPUSDT-4h,loud,MKT,1.5,mid,325,-40.43,-33.43,-59.7,-7.5,0.305,False
ICPUSDT-4h,uwd10,MKT,1.5,mid,246,-8.73,-1.73,-26.9,24.5,0.293,False
ICPUSDT-4h,uwd910,MKT,1.5,mid,492,-19.66,-12.66,-30.9,5.5,0.309,False
ICPUSDT-4h,prevBull,MKT,1.5,mid,426,-43.22,-36.22,-56.7,-17.0,0.3,False
ICPUSDT-4h,smaAbove,MKT,1.5,mid,436,-29.22,-22.22,-42.7,-0.9,0.339,False
ICPUSDT-4h,trendHi,MKT,1.5,mid,326,-28.52,-21.52,-46.7,4.6,0.353,False
ICPUSDT-4h,XL,MKT,1.5,mid,206,-20.35,-13.35,-46.8,22.0,0.286,False
ICPUSDT-4h,XLtrend,MKT,1.5,mid,97,-16.78,-9.78,-67.7,49.3,0.32,False
ICPUSDT-4h,loud,PB,1.0,low,294,-15.84,-8.84,-23.9,7.1,0.156,False
ICPUSDT-4h,uwd10,PB,1.0,low,231,-11.18,-4.18,-16.9,9.3,0.173,False
ICPUSDT-4h,uwd910,PB,1.0,low,457,-14.14,-7.14,-16.6,3.8,0.177,False
ICPUSDT-4h,prevBull,PB,1.0,low,393,-11.39,-4.39,-15.9,7.1,0.204,False
ICPUSDT-4h,smaAbove,PB,1.0,low,395,-10.21,-3.21,-15.4,9.4,0.203,False
ICPUSDT-4h,trendHi,PB,1.0,low,297,-9.2,-2.2,-17.1,13.1,0.229,False
ICPUSDT-4h,XL,PB,1.0,low,188,-11.6,-4.6,-22.9,16.1,0.154,False
ICPUSDT-4h,XLtrend,PB,1.0,low,89,-16.67,-9.67,-38.9,21.4,0.169,False
ICPUSDT-4h,loud,PB,1.0,mid,294,-18.52,-11.52,-21.2,-0.4,0.071,False
ICPUSDT-4h,uwd10,PB,1.0,mid,231,-16.62,-9.62,-18.1,-0.2,0.061,False
ICPUSDT-4h,uwd910,PB,1.0,mid,457,-16.85,-9.85,-16.4,-2.5,0.079,False
ICPUSDT-4h,prevBull,PB,1.0,mid,393,-20.41,-13.41,-19.5,-6.6,0.087,False
ICPUSDT-4h,smaAbove,PB,1.0,mid,395,-18.21,-11.21,-18.7,-3.3,0.094,False
ICPUSDT-4h,trendHi,PB,1.0,mid,297,-16.31,-9.31,-18.3,0.3,0.111,False
ICPUSDT-4h,XL,PB,1.0,mid,188,-17.43,-10.43,-22.7,3.6,0.064,False
ICPUSDT-4h,XLtrend,PB,1.0,mid,89,-23.84,-16.84,-32.7,1.7,0.067,False
ICPUSDT-4h,loud,PB,1.5,low,294,-15.85,-8.85,-25.5,9.2,0.129,False
ICPUSDT-4h,uwd10,PB,1.5,low,231,-10.67,-3.67,-18.8,13.3,0.13,False
ICPUSDT-4h,uwd910,PB,1.5,low,457,-15.56,-8.56,-19.1,4.3,0.133,False
ICPUSDT-4h,prevBull,PB,1.5,low,393,-9.83,-2.83,-15.5,10.5,0.168,False
ICPUSDT-4h,smaAbove,PB,1.5,low,395,-7.7,-0.7,-15.9,14.3,0.165,False
ICPUSDT-4h,trendHi,PB,1.5,low,297,-4.86,2.14,-14.8,20.3,0.195,False
ICPUSDT-4h,XL,PB,1.5,low,188,-11.56,-4.56,-25.4,19.3,0.122,False
ICPUSDT-4h,XLtrend,PB,1.5,low,89,-11.91,-4.91,-40.2,34.4,0.135,False
ICPUSDT-4h,loud,PB,1.5,mid,294,-18.93,-11.93,-22.9,-0.5,0.058,False
ICPUSDT-4h,uwd10,PB,1.5,mid,231,-17.86,-10.86,-20.2,0.5,0.039,False
ICPUSDT-4h,uwd910,PB,1.5,mid,457,-18.77,-11.77,-18.7,-3.6,0.055,False
ICPUSDT-4h,prevBull,PB,1.5,mid,393,-20.19,-13.19,-20.1,-5.1,0.069,False
ICPUSDT-4h,smaAbove,PB,1.5,mid,395,-15.76,-8.76,-17.7,1.2,0.076,False
ICPUSDT-4h,trendHi,PB,1.5,mid,297,-12.23,-5.23,-16.3,6.7,0.098,False
ICPUSDT-4h,XL,PB,1.5,mid,188,-19.37,-12.37,-25.7,2.4,0.048,False
ICPUSDT-4h,XLtrend,PB,1.5,mid,89,-20.7,-13.7,-33.3,9.1,0.056,False
BTCUSDT-15m,loud,MKT,1.0,low,5358,-13.99,-6.99,-7.8,-6.2,0.459,False
BTCUSDT-15m,uwd10,MKT,1.0,low,3984,-12.13,-5.13,-5.8,-4.4,0.394,False
BTCUSDT-15m,uwd910,MKT,1.0,low,7969,-13.4,-6.4,-6.9,-5.9,0.418,False
BTCUSDT-15m,prevBull,MKT,1.0,low,7037,-14.25,-7.25,-7.9,-6.7,0.44,False
BTCUSDT-15m,smaAbove,MKT,1.0,low,7898,-14.16,-7.16,-7.7,-6.6,0.441,False
BTCUSDT-15m,trendHi,MKT,1.0,low,5528,-14.63,-7.63,-8.4,-6.9,0.438,False
BTCUSDT-15m,XL,MKT,1.0,low,3279,-13.1,-6.1,-7.1,-5.1,0.417,False
BTCUSDT-15m,XLtrend,MKT,1.0,low,1591,-13.32,-6.32,-8.0,-4.7,0.395,False
BTCUSDT-15m,loud,MKT,1.0,mid,5358,-13.92,-6.92,-7.7,-6.1,0.429,False
BTCUSDT-15m,uwd10,MKT,1.0,mid,3984,-12.23,-5.23,-5.9,-4.5,0.372,False
BTCUSDT-15m,uwd910,MKT,1.0,mid,7969,-13.43,-6.43,-6.9,-5.9,0.391,False
BTCUSDT-15m,prevBull,MKT,1.0,mid,7037,-14.33,-7.33,-7.9,-6.7,0.403,False
BTCUSDT-15m,smaAbove,MKT,1.0,mid,7898,-14.27,-7.27,-7.8,-6.7,0.406,False
BTCUSDT-15m,trendHi,MKT,1.0,mid,5528,-14.67,-7.67,-8.4,-6.9,0.406,False
BTCUSDT-15m,XL,MKT,1.0,mid,3279,-13.03,-6.03,-7.0,-5.0,0.392,False
BTCUSDT-15m,XLtrend,MKT,1.0,mid,1591,-13.13,-6.13,-7.7,-4.5,0.375,False
BTCUSDT-15m,loud,MKT,1.5,low,5358,-12.35,-5.35,-6.4,-4.4,0.402,False
BTCUSDT-15m,uwd10,MKT,1.5,low,3984,-10.74,-3.74,-4.6,-2.9,0.341,False
BTCUSDT-15m,uwd910,MKT,1.5,low,7969,-11.82,-4.82,-5.4,-4.2,0.37,False
BTCUSDT-15m,prevBull,MKT,1.5,low,7037,-12.7,-5.7,-6.4,-5.0,0.396,False
BTCUSDT-15m,smaAbove,MKT,1.5,low,7898,-12.56,-5.56,-6.2,-4.9,0.397,False
BTCUSDT-15m,trendHi,MKT,1.5,low,5528,-12.81,-5.81,-6.7,-4.9,0.395,False
BTCUSDT-15m,XL,MKT,1.5,low,3279,-11.36,-4.36,-5.6,-3.1,0.356,False
BTCUSDT-15m,XLtrend,MKT,1.5,low,1591,-11.32,-4.32,-6.4,-2.3,0.343,False
BTCUSDT-15m,loud,MKT,1.5,mid,5358,-12.28,-5.28,-6.2,-4.3,0.375,False
BTCUSDT-15m,uwd10,MKT,1.5,mid,3984,-10.83,-3.83,-4.7,-3.0,0.323,False
BTCUSDT-15m,uwd910,MKT,1.5,mid,7969,-11.87,-4.87,-5.4,-4.3,0.347,False
BTCUSDT-15m,prevBull,MKT,1.5,mid,7037,-12.81,-5.81,-6.5,-5.1,0.362,False
BTCUSDT-15m,smaAbove,MKT,1.5,mid,7898,-12.72,-5.72,-6.4,-5.1,0.367,False
BTCUSDT-15m,trendHi,MKT,1.5,mid,5528,-12.95,-5.95,-6.7,-5.1,0.366,False
BTCUSDT-15m,XL,MKT,1.5,mid,3279,-11.38,-4.38,-5.6,-3.2,0.334,False
BTCUSDT-15m,XLtrend,MKT,1.5,mid,1591,-11.32,-4.32,-6.2,-2.4,0.323,False
BTCUSDT-15m,loud,PB,1.0,low,4463,-11.37,-4.37,-4.9,-3.8,0.162,False
BTCUSDT-15m,uwd10,PB,1.0,low,3601,-11.62,-4.62,-5.0,-4.3,0.096,False
BTCUSDT-15m,uwd910,PB,1.0,low,7081,-11.68,-4.68,-5.0,-4.4,0.128,False
BTCUSDT-15m,prevBull,PB,1.0,low,6100,-11.7,-4.7,-5.0,-4.4,0.162,False
BTCUSDT-15m,smaAbove,PB,1.0,low,6831,-11.56,-4.56,-4.9,-4.3,0.153,False
BTCUSDT-15m,trendHi,PB,1.0,low,4762,-11.58,-4.58,-5.0,-4.2,0.156,False
BTCUSDT-15m,XL,PB,1.0,low,2815,-11.62,-4.62,-5.2,-4.0,0.127,False
BTCUSDT-15m,XLtrend,PB,1.0,low,1369,-11.29,-4.29,-5.3,-3.3,0.126,False
BTCUSDT-15m,loud,PB,1.0,mid,4463,-11.49,-4.49,-4.9,-4.1,0.081,False
BTCUSDT-15m,uwd10,PB,1.0,mid,3601,-11.64,-4.64,-4.9,-4.4,0.037,False
BTCUSDT-15m,uwd910,PB,1.0,mid,7081,-11.63,-4.63,-4.8,-4.4,0.057,False
BTCUSDT-15m,prevBull,PB,1.0,mid,6100,-11.83,-4.83,-5.1,-4.6,0.072,False
BTCUSDT-15m,smaAbove,PB,1.0,mid,6831,-11.66,-4.66,-4.9,-4.5,0.071,False
BTCUSDT-15m,trendHi,PB,1.0,mid,4762,-11.69,-4.69,-5.0,-4.4,0.074,False
BTCUSDT-15m,XL,PB,1.0,mid,2815,-11.58,-4.58,-5.0,-4.1,0.06,False
BTCUSDT-15m,XLtrend,PB,1.0,mid,1369,-11.28,-4.28,-5.0,-3.5,0.063,False
BTCUSDT-15m,loud,PB,1.5,low,4463,-11.26,-4.26,-4.9,-3.6,0.132,False
BTCUSDT-15m,uwd10,PB,1.5,low,3601,-11.47,-4.47,-4.9,-4.0,0.074,False
BTCUSDT-15m,uwd910,PB,1.5,low,7081,-11.46,-4.46,-4.8,-4.1,0.103,False
BTCUSDT-15m,prevBull,PB,1.5,low,6100,-11.43,-4.43,-4.8,-4.0,0.137,False
BTCUSDT-15m,smaAbove,PB,1.5,low,6831,-11.37,-4.37,-4.7,-4.0,0.128,False
BTCUSDT-15m,trendHi,PB,1.5,low,4762,-11.28,-4.28,-4.8,-3.8,0.132,False
BTCUSDT-15m,XL,PB,1.5,low,2815,-11.28,-4.28,-5.0,-3.5,0.101,False
BTCUSDT-15m,XLtrend,PB,1.5,low,1369,-10.86,-3.86,-5.1,-2.7,0.104,False
BTCUSDT-15m,loud,PB,1.5,mid,4463,-11.35,-4.35,-4.8,-3.9,0.067,False
BTCUSDT-15m,uwd10,PB,1.5,mid,3601,-11.56,-4.56,-4.8,-4.3,0.028,False
BTCUSDT-15m,uwd910,PB,1.5,mid,7081,-11.48,-4.48,-4.7,-4.2,0.046,False
BTCUSDT-15m,prevBull,PB,1.5,mid,6100,-11.62,-4.62,-4.9,-4.3,0.061,False
BTCUSDT-15m,smaAbove,PB,1.5,mid,6831,-11.52,-4.52,-4.8,-4.3,0.06,False
BTCUSDT-15m,trendHi,PB,1.5,mid,4762,-11.5,-4.5,-4.8,-4.1,0.063,False
BTCUSDT-15m,XL,PB,1.5,mid,2815,-11.33,-4.33,-4.8,-3.8,0.049,False
BTCUSDT-15m,XLtrend,PB,1.5,mid,1369,-10.98,-3.98,-4.8,-3.0,0.053,False
BTCUSDT-1h,loud,MKT,1.0,low,1322,-18.06,-11.06,-14.3,-7.9,0.439,False
BTCUSDT-1h,uwd10,MKT,1.0,low,1007,-15.38,-8.38,-11.6,-5.5,0.368,False
BTCUSDT-1h,uwd910,MKT,1.0,low,2017,-15.95,-8.95,-11.0,-7.0,0.406,False
BTCUSDT-1h,prevBull,MKT,1.0,low,1816,-17.49,-10.49,-12.5,-8.3,0.416,False
BTCUSDT-1h,smaAbove,MKT,1.0,low,1993,-15.79,-8.79,-10.8,-6.8,0.441,False
BTCUSDT-1h,trendHi,MKT,1.0,low,1334,-17.41,-10.41,-13.3,-7.7,0.43,False
BTCUSDT-1h,XL,MKT,1.0,low,812,-17.2,-10.2,-14.1,-6.0,0.385,False
BTCUSDT-1h,XLtrend,MKT,1.0,low,400,-17.76,-10.76,-17.4,-4.3,0.388,False
BTCUSDT-1h,loud,MKT,1.0,mid,1322,-18.2,-11.2,-14.3,-8.1,0.406,False
BTCUSDT-1h,uwd10,MKT,1.0,mid,1007,-15.24,-8.24,-11.4,-5.4,0.343,False
BTCUSDT-1h,uwd910,MKT,1.0,mid,2017,-16.01,-9.01,-11.1,-7.2,0.371,False
BTCUSDT-1h,prevBull,MKT,1.0,mid,1816,-17.69,-10.69,-12.7,-8.6,0.375,False
BTCUSDT-1h,smaAbove,MKT,1.0,mid,1993,-15.93,-8.93,-10.9,-7.0,0.404,False
BTCUSDT-1h,trendHi,MKT,1.0,mid,1334,-17.65,-10.65,-13.4,-8.0,0.394,False
BTCUSDT-1h,XL,MKT,1.0,mid,812,-17.01,-10.01,-13.8,-5.9,0.358,False
BTCUSDT-1h,XLtrend,MKT,1.0,mid,400,-18.5,-11.5,-17.8,-5.4,0.355,False
BTCUSDT-1h,loud,MKT,1.5,low,1322,-14.63,-7.63,-11.4,-3.8,0.39,False
BTCUSDT-1h,uwd10,MKT,1.5,low,1008,-13.51,-6.51,-9.9,-3.1,0.318,False
BTCUSDT-1h,uwd910,MKT,1.5,low,2018,-13.38,-6.38,-8.7,-4.0,0.361,False
BTCUSDT-1h,prevBull,MKT,1.5,low,1816,-15.07,-8.07,-10.5,-5.5,0.365,False
BTCUSDT-1h,smaAbove,MKT,1.5,low,1994,-13.45,-6.45,-8.9,-4.0,0.389,False
BTCUSDT-1h,trendHi,MKT,1.5,low,1335,-14.62,-7.62,-10.9,-4.3,0.384,False
BTCUSDT-1h,XL,MKT,1.5,low,812,-14.76,-7.76,-12.3,-2.7,0.334,False
BTCUSDT-1h,XLtrend,MKT,1.5,low,400,-16.76,-9.76,-17.2,-2.4,0.323,False
BTCUSDT-1h,loud,MKT,1.5,mid,1322,-14.84,-7.84,-11.5,-4.2,0.356,False
BTCUSDT-1h,uwd10,MKT,1.5,mid,1008,-13.03,-6.03,-9.4,-2.8,0.297,False
BTCUSDT-1h,uwd910,MKT,1.5,mid,2018,-13.4,-6.4,-8.6,-4.1,0.33,False
BTCUSDT-1h,prevBull,MKT,1.5,mid,1816,-15.35,-8.35,-10.6,-5.9,0.328,False
BTCUSDT-1h,smaAbove,MKT,1.5,mid,1994,-13.62,-6.62,-8.9,-4.3,0.355,False
BTCUSDT-1h,trendHi,MKT,1.5,mid,1335,-14.85,-7.85,-11.1,-4.7,0.35,False
BTCUSDT-1h,XL,MKT,1.5,mid,812,-14.33,-7.33,-11.7,-2.7,0.308,False
BTCUSDT-1h,XLtrend,MKT,1.5,mid,400,-16.37,-9.37,-16.5,-2.0,0.297,False
BTCUSDT-1h,loud,PB,1.0,low,1117,-11.89,-4.89,-6.9,-2.7,0.168,False
BTCUSDT-1h,uwd10,PB,1.0,low,930,-12.11,-5.11,-6.5,-3.8,0.117,False
BTCUSDT-1h,uwd910,PB,1.0,low,1832,-11.93,-4.93,-6.0,-3.9,0.15,False
BTCUSDT-1h,prevBull,PB,1.0,low,1630,-11.5,-4.5,-5.9,-3.3,0.181,False
BTCUSDT-1h,smaAbove,PB,1.0,low,1754,-11.49,-4.49,-5.7,-3.3,0.178,False
BTCUSDT-1h,trendHi,PB,1.0,low,1165,-11.36,-4.36,-6.1,-2.7,0.183,False
BTCUSDT-1h,XL,PB,1.0,low,717,-12.2,-5.2,-7.4,-2.9,0.142,False
BTCUSDT-1h,XLtrend,PB,1.0,low,346,-10.22,-3.22,-6.8,0.6,0.168,False
BTCUSDT-1h,loud,PB,1.0,mid,1117,-11.25,-4.25,-5.6,-2.7,0.097,False
BTCUSDT-1h,uwd10,PB,1.0,mid,930,-11.59,-4.59,-5.6,-3.5,0.055,False
BTCUSDT-1h,uwd910,PB,1.0,mid,1832,-11.84,-4.84,-5.6,-4.0,0.073,False
BTCUSDT-1h,prevBull,PB,1.0,mid,1630,-11.59,-4.59,-5.5,-3.7,0.095,False
BTCUSDT-1h,smaAbove,PB,1.0,mid,1754,-11.43,-4.43,-5.3,-3.5,0.093,False
BTCUSDT-1h,trendHi,PB,1.0,mid,1165,-11.13,-4.13,-5.4,-2.8,0.099,False
BTCUSDT-1h,XL,PB,1.0,mid,717,-11.32,-4.32,-5.9,-2.6,0.079,False
BTCUSDT-1h,XLtrend,PB,1.0,mid,346,-9.83,-2.83,-5.6,0.2,0.098,False
BTCUSDT-1h,loud,PB,1.5,low,1117,-12.33,-5.33,-7.5,-3.1,0.135,False
BTCUSDT-1h,uwd10,PB,1.5,low,930,-12.42,-5.42,-7.0,-3.8,0.09,False
BTCUSDT-1h,uwd910,PB,1.5,low,1832,-11.95,-4.95,-6.2,-3.7,0.123,False
BTCUSDT-1h,prevBull,PB,1.5,low,1630,-11.38,-4.38,-5.9,-2.9,0.148,False
BTCUSDT-1h,smaAbove,PB,1.5,low,1754,-11.86,-4.86,-6.2,-3.4,0.142,False
BTCUSDT-1h,trendHi,PB,1.5,low,1165,-11.94,-4.94,-6.8,-3.0,0.143,False
BTCUSDT-1h,XL,PB,1.5,low,717,-13.05,-6.05,-8.6,-3.5,0.113,False
BTCUSDT-1h,XLtrend,PB,1.5,low,346,-11.98,-4.98,-8.9,-0.6,0.127,False
BTCUSDT-1h,loud,PB,1.5,mid,1117,-11.73,-4.73,-6.3,-3.0,0.073,False
BTCUSDT-1h,uwd10,PB,1.5,mid,930,-11.61,-4.61,-5.8,-3.3,0.042,False
BTCUSDT-1h,uwd910,PB,1.5,mid,1832,-11.82,-4.82,-5.7,-3.8,0.059,False
BTCUSDT-1h,prevBull,PB,1.5,mid,1630,-11.61,-4.61,-5.7,-3.5,0.076,False
BTCUSDT-1h,smaAbove,PB,1.5,mid,1754,-11.59,-4.59,-5.5,-3.5,0.073,False
BTCUSDT-1h,trendHi,PB,1.5,mid,1165,-11.38,-4.38,-5.7,-2.9,0.076,False
BTCUSDT-1h,XL,PB,1.5,mid,717,-12.0,-5.0,-6.8,-3.2,0.06,False
BTCUSDT-1h,XLtrend,PB,1.5,mid,346,-10.58,-3.58,-6.6,-0.2,0.072,False
ETHUSDT-1h,loud,MKT,1.0,low,1330,-18.38,-11.38,-15.1,-7.6,0.424,False
ETHUSDT-1h,uwd10,MKT,1.0,low,1000,-16.47,-9.47,-12.9,-6.4,0.344,False
ETHUSDT-1h,uwd910,MKT,1.0,low,1998,-19.02,-12.02,-14.4,-9.6,0.381,False
ETHUSDT-1h,prevBull,MKT,1.0,low,1780,-19.83,-12.83,-15.5,-10.2,0.401,False
ETHUSDT-1h,smaAbove,MKT,1.0,low,1977,-18.98,-11.98,-14.3,-9.6,0.401,False
ETHUSDT-1h,trendHi,MKT,1.0,low,1375,-19.35,-12.35,-15.6,-9.3,0.404,False
ETHUSDT-1h,XL,MKT,1.0,low,820,-18.21,-11.21,-16.2,-6.3,0.38,False
ETHUSDT-1h,XLtrend,MKT,1.0,low,385,-11.14,-4.14,-11.6,3.0,0.41,False
ETHUSDT-1h,loud,MKT,1.0,mid,1330,-17.91,-10.91,-14.5,-7.2,0.393,False
ETHUSDT-1h,uwd10,MKT,1.0,mid,1000,-15.78,-8.78,-12.0,-5.7,0.323,False
ETHUSDT-1h,uwd910,MKT,1.0,mid,1998,-18.38,-11.38,-13.7,-9.1,0.35,False
ETHUSDT-1h,prevBull,MKT,1.0,mid,1780,-19.57,-12.57,-15.0,-10.0,0.365,False
ETHUSDT-1h,smaAbove,MKT,1.0,mid,1977,-18.74,-11.74,-14.0,-9.5,0.364,False
ETHUSDT-1h,trendHi,MKT,1.0,mid,1375,-19.31,-12.31,-15.5,-9.4,0.364,False
ETHUSDT-1h,XL,MKT,1.0,mid,820,-17.2,-10.2,-14.8,-5.6,0.356,False
ETHUSDT-1h,XLtrend,MKT,1.0,mid,385,-10.23,-3.23,-10.3,3.5,0.387,False
ETHUSDT-1h,loud,MKT,1.5,low,1330,-13.62,-6.62,-11.1,-2.0,0.373,False
ETHUSDT-1h,uwd10,MKT,1.5,low,1000,-14.03,-7.03,-10.8,-3.3,0.291,False
ETHUSDT-1h,uwd910,MKT,1.5,low,1998,-15.66,-8.66,-11.5,-5.8,0.334,False
ETHUSDT-1h,prevBull,MKT,1.5,low,1780,-15.89,-8.89,-11.8,-5.7,0.362,False
ETHUSDT-1h,smaAbove,MKT,1.5,low,1977,-15.25,-8.25,-11.0,-5.4,0.362,False
ETHUSDT-1h,trendHi,MKT,1.5,low,1375,-15.38,-8.38,-12.3,-4.7,0.364,False
ETHUSDT-1h,XL,MKT,1.5,low,820,-14.14,-7.14,-13.0,-1.3,0.324,False
ETHUSDT-1h,XLtrend,MKT,1.5,low,385,-5.5,1.5,-7.3,10.5,0.364,False
ETHUSDT-1h,loud,MKT,1.5,mid,1330,-13.77,-6.77,-11.0,-2.4,0.339,False
ETHUSDT-1h,uwd10,MKT,1.5,mid,1000,-13.41,-6.41,-10.0,-2.8,0.271,False
ETHUSDT-1h,uwd910,MKT,1.5,mid,1998,-15.28,-8.28,-10.9,-5.5,0.305,False
ETHUSDT-1h,prevBull,MKT,1.5,mid,1780,-15.96,-8.96,-11.8,-5.8,0.328,False
ETHUSDT-1h,smaAbove,MKT,1.5,mid,1977,-15.17,-8.17,-10.8,-5.3,0.328,False
ETHUSDT-1h,trendHi,MKT,1.5,mid,1375,-15.59,-8.59,-12.4,-5.1,0.327,False
ETHUSDT-1h,XL,MKT,1.5,mid,820,-13.81,-6.81,-12.3,-1.2,0.295,False
ETHUSDT-1h,XLtrend,MKT,1.5,mid,385,-4.98,2.02,-6.7,10.7,0.338,False
ETHUSDT-1h,loud,PB,1.0,low,1121,-12.69,-5.69,-7.9,-3.5,0.164,False
ETHUSDT-1h,uwd10,PB,1.0,low,936,-12.01,-5.01,-6.7,-3.2,0.131,False
ETHUSDT-1h,uwd910,PB,1.0,low,1827,-12.92,-5.92,-7.2,-4.8,0.155,False
ETHUSDT-1h,prevBull,PB,1.0,low,1580,-12.98,-5.98,-7.3,-4.6,0.173,False
ETHUSDT-1h,smaAbove,PB,1.0,low,1755,-12.28,-5.28,-6.6,-3.9,0.172,False
ETHUSDT-1h,trendHi,PB,1.0,low,1215,-12.02,-5.02,-6.8,-3.2,0.18,False
ETHUSDT-1h,XL,PB,1.0,low,717,-13.04,-6.04,-8.5,-3.4,0.145,False
ETHUSDT-1h,XLtrend,PB,1.0,low,329,-12.18,-5.18,-9.0,-1.3,0.146,False
ETHUSDT-1h,loud,PB,1.0,mid,1121,-12.88,-5.88,-7.3,-4.4,0.084,False
ETHUSDT-1h,uwd10,PB,1.0,mid,936,-11.69,-4.69,-5.8,-3.5,0.068,False
ETHUSDT-1h,uwd910,PB,1.0,mid,1827,-12.59,-5.59,-6.4,-4.8,0.075,False
ETHUSDT-1h,prevBull,PB,1.0,mid,1580,-13.09,-6.09,-6.9,-5.3,0.08,False
ETHUSDT-1h,smaAbove,PB,1.0,mid,1755,-12.42,-5.42,-6.3,-4.5,0.084,False
ETHUSDT-1h,trendHi,PB,1.0,mid,1215,-12.57,-5.57,-6.8,-4.3,0.086,False
ETHUSDT-1h,XL,PB,1.0,mid,717,-12.44,-5.44,-7.1,-3.6,0.078,False
ETHUSDT-1h,XLtrend,PB,1.0,mid,329,-11.71,-4.71,-7.2,-2.2,0.082,False
ETHUSDT-1h,loud,PB,1.5,low,1121,-12.37,-5.37,-7.9,-2.8,0.133,False
ETHUSDT-1h,uwd10,PB,1.5,low,936,-12.33,-5.33,-7.2,-3.2,0.094,False
ETHUSDT-1h,uwd910,PB,1.5,low,1827,-12.85,-5.85,-7.3,-4.5,0.12,False
ETHUSDT-1h,prevBull,PB,1.5,low,1580,-13.12,-6.12,-7.7,-4.4,0.135,False
ETHUSDT-1h,smaAbove,PB,1.5,low,1755,-12.68,-5.68,-7.1,-4.1,0.132,False
ETHUSDT-1h,trendHi,PB,1.5,low,1215,-12.41,-5.41,-7.5,-3.3,0.137,False
ETHUSDT-1h,XL,PB,1.5,low,717,-12.49,-5.49,-8.3,-2.3,0.116,False
ETHUSDT-1h,XLtrend,PB,1.5,low,329,-12.43,-5.43,-9.7,-1.3,0.112,False
ETHUSDT-1h,loud,PB,1.5,mid,1121,-12.99,-5.99,-7.7,-4.3,0.062,False
ETHUSDT-1h,uwd10,PB,1.5,mid,936,-11.65,-4.65,-6.0,-3.2,0.049,False
ETHUSDT-1h,uwd910,PB,1.5,mid,1827,-12.4,-5.4,-6.4,-4.4,0.058,False
ETHUSDT-1h,prevBull,PB,1.5,mid,1580,-12.87,-5.87,-6.9,-4.8,0.065,False
ETHUSDT-1h,smaAbove,PB,1.5,mid,1755,-12.44,-5.44,-6.4,-4.3,0.066,False
ETHUSDT-1h,trendHi,PB,1.5,mid,1215,-12.37,-5.37,-6.8,-3.9,0.067,False
ETHUSDT-1h,XL,PB,1.5,mid,717,-12.07,-5.07,-7.1,-2.8,0.06,False
ETHUSDT-1h,XLtrend,PB,1.5,mid,329,-11.44,-4.44,-7.6,-1.3,0.061,False
