series,cond,entry,f,exit,N,net_taker,net_maker,ci_lo_m,ci_hi_m,wr,sig_maker
SOLUSDT-5m,ALL,MKT,1.0,low,40427,-16.12,-9.12,-9.5,-8.8,0.441,False
SOLUSDT-5m,quiet,MKT,1.0,low,16358,-16.51,-9.51,-9.9,-9.1,0.428,False
SOLUSDT-5m,uwd78,MKT,1.0,low,16301,-17.19,-10.19,-10.8,-9.6,0.509,False
SOLUSDT-5m,uwd79,MKT,1.0,low,28365,-16.72,-9.72,-10.1,-9.3,0.478,False
SOLUSDT-5m,prevBear,MKT,1.0,low,19447,-16.08,-9.08,-9.7,-8.5,0.451,False
SOLUSDT-5m,smaBelow,MKT,1.0,low,17116,-16.0,-9.0,-9.6,-8.4,0.453,False
SOLUSDT-5m,C3_w8q,MKT,1.0,low,14606,-16.31,-9.31,-9.7,-8.9,0.421,False
SOLUSDT-5m,C6_w9dip,MKT,1.0,low,9473,-14.84,-7.84,-8.6,-7.0,0.414,False
SOLUSDT-5m,CQ7_w78q,MKT,1.0,low,6458,-17.66,-10.66,-11.3,-10.1,0.482,False
SOLUSDT-5m,ALL,MKT,1.0,mid,40427,-16.08,-9.08,-9.4,-8.7,0.413,False
SOLUSDT-5m,quiet,MKT,1.0,mid,16358,-16.53,-9.53,-9.9,-9.2,0.401,False
SOLUSDT-5m,uwd78,MKT,1.0,mid,16301,-17.13,-10.13,-10.8,-9.6,0.475,False
SOLUSDT-5m,uwd79,MKT,1.0,mid,28365,-16.7,-9.7,-10.1,-9.3,0.446,False
SOLUSDT-5m,prevBear,MKT,1.0,mid,19447,-16.02,-9.02,-9.6,-8.5,0.424,False
SOLUSDT-5m,smaBelow,MKT,1.0,mid,17116,-15.93,-8.93,-9.5,-8.3,0.424,False
SOLUSDT-5m,C3_w8q,MKT,1.0,mid,14606,-16.36,-9.36,-9.7,-9.0,0.394,False
SOLUSDT-5m,C6_w9dip,MKT,1.0,mid,9473,-14.83,-7.83,-8.5,-7.0,0.39,False
SOLUSDT-5m,CQ7_w78q,MKT,1.0,mid,6458,-17.73,-10.73,-11.3,-10.2,0.444,False
SOLUSDT-5m,ALL,MKT,1.0,NOSL,40427,-13.95,-6.95,-7.9,-6.1,0.895,False
SOLUSDT-5m,quiet,MKT,1.0,NOSL,16358,-13.42,-6.42,-7.5,-5.3,0.916,False
SOLUSDT-5m,uwd78,MKT,1.0,NOSL,16301,-15.27,-8.27,-9.6,-7.0,0.907,False
SOLUSDT-5m,uwd79,MKT,1.0,NOSL,28365,-14.33,-7.33,-8.3,-6.3,0.904,False
SOLUSDT-5m,prevBear,MKT,1.0,NOSL,19447,-13.26,-6.26,-7.5,-5.0,0.904,False
SOLUSDT-5m,smaBelow,MKT,1.0,NOSL,17116,-12.69,-5.69,-7.2,-4.4,0.909,False
SOLUSDT-5m,C3_w8q,MKT,1.0,NOSL,14606,-12.78,-5.78,-7.0,-4.6,0.916,False
SOLUSDT-5m,C6_w9dip,MKT,1.0,NOSL,9473,-11.96,-4.96,-7.4,-2.7,0.902,False
SOLUSDT-5m,CQ7_w78q,MKT,1.0,NOSL,6458,-14.93,-7.93,-9.7,-6.3,0.924,False
SOLUSDT-5m,ALL,MKT,1.5,low,40427,-14.24,-7.24,-7.7,-6.8,0.401,False
SOLUSDT-5m,quiet,MKT,1.5,low,16358,-14.59,-7.59,-8.0,-7.2,0.4,False
SOLUSDT-5m,uwd78,MKT,1.5,low,16301,-15.18,-8.18,-8.9,-7.5,0.474,False
SOLUSDT-5m,uwd79,MKT,1.5,low,28365,-14.81,-7.81,-8.3,-7.3,0.441,False
SOLUSDT-5m,prevBear,MKT,1.5,low,19447,-14.1,-7.1,-7.7,-6.5,0.413,False
SOLUSDT-5m,smaBelow,MKT,1.5,low,17116,-14.0,-7.0,-7.7,-6.3,0.414,False
SOLUSDT-5m,C3_w8q,MKT,1.5,low,14606,-14.36,-7.36,-7.8,-6.9,0.392,False
SOLUSDT-5m,C6_w9dip,MKT,1.5,low,9473,-12.88,-5.88,-6.8,-4.9,0.371,False
SOLUSDT-5m,CQ7_w78q,MKT,1.5,low,6458,-15.79,-8.79,-9.5,-8.1,0.459,False
SOLUSDT-5m,ALL,MKT,1.5,mid,40427,-14.19,-7.19,-7.6,-6.8,0.376,False
SOLUSDT-5m,quiet,MKT,1.5,mid,16358,-14.62,-7.62,-8.1,-7.2,0.376,False
SOLUSDT-5m,uwd78,MKT,1.5,mid,16301,-15.11,-8.11,-8.8,-7.5,0.442,False
SOLUSDT-5m,uwd79,MKT,1.5,mid,28365,-14.79,-7.79,-8.3,-7.3,0.411,False
SOLUSDT-5m,prevBear,MKT,1.5,mid,19447,-14.04,-7.04,-7.7,-6.4,0.388,False
SOLUSDT-5m,smaBelow,MKT,1.5,mid,17116,-13.89,-6.89,-7.6,-6.2,0.389,False
SOLUSDT-5m,C3_w8q,MKT,1.5,mid,14606,-14.41,-7.41,-7.9,-7.0,0.368,False
SOLUSDT-5m,C6_w9dip,MKT,1.5,mid,9473,-12.76,-5.76,-6.6,-4.8,0.351,False
SOLUSDT-5m,CQ7_w78q,MKT,1.5,mid,6458,-15.92,-8.92,-9.6,-8.3,0.423,False
SOLUSDT-5m,ALL,MKT,1.5,NOSL,40427,-11.89,-4.89,-6.0,-3.8,0.861,False
SOLUSDT-5m,quiet,MKT,1.5,NOSL,16358,-11.75,-4.75,-6.1,-3.5,0.888,False
SOLUSDT-5m,uwd78,MKT,1.5,NOSL,16301,-13.12,-6.12,-7.6,-4.7,0.881,False
SOLUSDT-5m,uwd79,MKT,1.5,NOSL,28365,-12.4,-5.4,-6.5,-4.2,0.874,False
SOLUSDT-5m,prevBear,MKT,1.5,NOSL,19447,-11.11,-4.11,-5.7,-2.6,0.872,False
SOLUSDT-5m,smaBelow,MKT,1.5,NOSL,17116,-10.88,-3.88,-5.7,-2.2,0.877,False
SOLUSDT-5m,C3_w8q,MKT,1.5,NOSL,14606,-11.07,-4.07,-5.4,-2.7,0.888,False
SOLUSDT-5m,C6_w9dip,MKT,1.5,NOSL,9473,-10.07,-3.07,-6.0,-0.3,0.867,False
SOLUSDT-5m,CQ7_w78q,MKT,1.5,NOSL,6458,-13.54,-6.54,-8.4,-4.8,0.901,False
SOLUSDT-5m,ALL,PB,1.0,low,35230,-12.1,-5.1,-5.3,-4.9,0.137,False
SOLUSDT-5m,quiet,PB,1.0,low,14669,-12.22,-5.22,-5.4,-5.0,0.134,False
SOLUSDT-5m,uwd78,PB,1.0,low,13677,-11.83,-4.83,-5.1,-4.5,0.188,False
SOLUSDT-5m,uwd79,PB,1.0,low,24216,-12.01,-5.01,-5.3,-4.8,0.169,False
SOLUSDT-5m,prevBear,PB,1.0,low,16871,-11.98,-4.98,-5.2,-4.7,0.14,False
SOLUSDT-5m,smaBelow,PB,1.0,low,14943,-12.13,-5.13,-5.4,-4.8,0.15,False
SOLUSDT-5m,C3_w8q,PB,1.0,low,13154,-12.14,-5.14,-5.3,-4.9,0.129,False
SOLUSDT-5m,C6_w9dip,PB,1.0,low,8446,-12.02,-5.02,-5.4,-4.6,0.119,False
SOLUSDT-5m,CQ7_w78q,PB,1.0,low,5676,-12.21,-5.21,-5.5,-4.8,0.185,False
SOLUSDT-5m,ALL,PB,1.0,mid,35230,-11.95,-4.95,-5.1,-4.8,0.066,False
SOLUSDT-5m,quiet,PB,1.0,mid,14669,-12.02,-5.02,-5.2,-4.9,0.061,False
SOLUSDT-5m,uwd78,PB,1.0,mid,13677,-11.95,-4.95,-5.2,-4.7,0.094,False
SOLUSDT-5m,uwd79,PB,1.0,mid,24216,-12.0,-5.0,-5.2,-4.8,0.083,False
SOLUSDT-5m,prevBear,PB,1.0,mid,16871,-11.83,-4.83,-5.0,-4.6,0.068,False
SOLUSDT-5m,smaBelow,PB,1.0,mid,14943,-11.93,-4.93,-5.2,-4.7,0.073,False
SOLUSDT-5m,C3_w8q,PB,1.0,mid,13154,-11.96,-4.96,-5.1,-4.8,0.059,False
SOLUSDT-5m,C6_w9dip,PB,1.0,mid,8446,-11.8,-4.8,-5.1,-4.5,0.055,False
SOLUSDT-5m,CQ7_w78q,PB,1.0,mid,5676,-12.16,-5.16,-5.4,-4.9,0.087,False
SOLUSDT-5m,ALL,PB,1.0,NOSL,35230,-7.84,-0.84,-1.9,0.2,0.876,False
SOLUSDT-5m,quiet,PB,1.0,NOSL,14669,-7.12,-0.12,-1.3,1.0,0.909,False
SOLUSDT-5m,uwd78,PB,1.0,NOSL,13677,-6.15,0.85,-0.8,2.4,0.886,False
SOLUSDT-5m,uwd79,PB,1.0,NOSL,24216,-6.57,0.43,-0.8,1.6,0.884,False
SOLUSDT-5m,prevBear,PB,1.0,NOSL,16871,-7.46,-0.46,-2.1,1.1,0.885,False
SOLUSDT-5m,smaBelow,PB,1.0,NOSL,14943,-7.15,-0.15,-1.9,1.5,0.892,False
SOLUSDT-5m,C3_w8q,PB,1.0,NOSL,13154,-6.84,0.16,-1.2,1.5,0.909,False
SOLUSDT-5m,C6_w9dip,PB,1.0,NOSL,8446,-8.31,-1.31,-4.0,1.2,0.887,False
SOLUSDT-5m,CQ7_w78q,PB,1.0,NOSL,5676,-6.01,0.99,-0.8,2.8,0.918,False
SOLUSDT-5m,ALL,PB,1.5,low,35230,-12.08,-5.08,-5.3,-4.9,0.113,False
SOLUSDT-5m,quiet,PB,1.5,low,14669,-12.09,-5.09,-5.3,-4.9,0.113,False
SOLUSDT-5m,uwd78,PB,1.5,low,13677,-11.76,-4.76,-5.1,-4.4,0.16,False
SOLUSDT-5m,uwd79,PB,1.5,low,24216,-11.98,-4.98,-5.2,-4.7,0.141,False
SOLUSDT-5m,prevBear,PB,1.5,low,16871,-11.91,-4.91,-5.2,-4.6,0.116,False
SOLUSDT-5m,smaBelow,PB,1.5,low,14943,-12.03,-5.03,-5.4,-4.7,0.126,False
SOLUSDT-5m,C3_w8q,PB,1.5,low,13154,-12.02,-5.02,-5.3,-4.8,0.108,False
SOLUSDT-5m,C6_w9dip,PB,1.5,low,8446,-11.99,-4.99,-5.5,-4.5,0.097,False
SOLUSDT-5m,CQ7_w78q,PB,1.5,low,5676,-12.09,-5.09,-5.5,-4.7,0.159,False
SOLUSDT-5m,ALL,PB,1.5,mid,35230,-11.89,-4.89,-5.0,-4.7,0.054,False
SOLUSDT-5m,quiet,PB,1.5,mid,14669,-11.88,-4.88,-5.0,-4.7,0.052,False
SOLUSDT-5m,uwd78,PB,1.5,mid,13677,-11.81,-4.81,-5.1,-4.6,0.08,False
SOLUSDT-5m,uwd79,PB,1.5,mid,24216,-11.93,-4.93,-5.1,-4.7,0.069,False
SOLUSDT-5m,prevBear,PB,1.5,mid,16871,-11.75,-4.75,-5.0,-4.5,0.056,False
SOLUSDT-5m,smaBelow,PB,1.5,mid,14943,-11.77,-4.77,-5.0,-4.5,0.061,False
SOLUSDT-5m,C3_w8q,PB,1.5,mid,13154,-11.82,-4.82,-5.0,-4.6,0.05,False
SOLUSDT-5m,C6_w9dip,PB,1.5,mid,8446,-11.69,-4.69,-5.0,-4.3,0.045,False
SOLUSDT-5m,CQ7_w78q,PB,1.5,mid,5676,-12.0,-5.0,-5.3,-4.7,0.076,False
SOLUSDT-5m,ALL,PB,1.5,NOSL,35230,-8.52,-1.52,-2.7,-0.2,0.833,False
SOLUSDT-5m,quiet,PB,1.5,NOSL,14669,-8.14,-1.14,-2.6,0.3,0.869,False
SOLUSDT-5m,uwd78,PB,1.5,NOSL,13677,-6.87,0.13,-1.8,1.9,0.85,False
SOLUSDT-5m,uwd79,PB,1.5,NOSL,24216,-7.56,-0.56,-2.0,0.8,0.844,False
SOLUSDT-5m,prevBear,PB,1.5,NOSL,16871,-7.81,-0.81,-2.7,1.0,0.844,False
SOLUSDT-5m,smaBelow,PB,1.5,NOSL,14943,-7.89,-0.89,-3.0,1.1,0.85,False
SOLUSDT-5m,C3_w8q,PB,1.5,NOSL,13154,-7.89,-0.89,-2.6,0.7,0.868,False
SOLUSDT-5m,C6_w9dip,PB,1.5,NOSL,8446,-8.75,-1.75,-4.9,1.3,0.843,False
SOLUSDT-5m,CQ7_w78q,PB,1.5,NOSL,5676,-7.38,-0.38,-2.6,1.9,0.884,False
SOLUSDT-15m,ALL,MKT,1.0,low,13537,-19.77,-12.77,-13.8,-11.7,0.435,False
SOLUSDT-15m,quiet,MKT,1.0,low,5502,-20.35,-13.35,-14.5,-12.2,0.426,False
SOLUSDT-15m,uwd78,MKT,1.0,low,5420,-21.13,-14.13,-15.6,-12.7,0.504,False
SOLUSDT-15m,uwd79,MKT,1.0,low,9476,-20.82,-13.82,-15.0,-12.6,0.471,False
SOLUSDT-15m,prevBear,MKT,1.0,low,6572,-18.75,-11.75,-13.4,-10.1,0.455,False
SOLUSDT-15m,smaBelow,MKT,1.0,low,5727,-19.1,-12.1,-14.0,-10.1,0.453,False
SOLUSDT-15m,C3_w8q,MKT,1.0,low,4963,-20.34,-13.34,-14.6,-12.2,0.415,False
SOLUSDT-15m,C6_w9dip,MKT,1.0,low,3109,-18.14,-11.14,-14.1,-8.0,0.414,False
SOLUSDT-15m,CQ7_w78q,MKT,1.0,low,2153,-21.48,-14.48,-16.2,-12.9,0.478,False
SOLUSDT-15m,ALL,MKT,1.0,mid,13537,-19.88,-12.88,-13.9,-11.8,0.402,False
SOLUSDT-15m,quiet,MKT,1.0,mid,5502,-20.45,-13.45,-14.5,-12.3,0.389,False
SOLUSDT-15m,uwd78,MKT,1.0,mid,5420,-21.2,-14.2,-15.6,-12.8,0.463,False
SOLUSDT-15m,uwd79,MKT,1.0,mid,9476,-20.81,-13.81,-14.9,-12.6,0.432,False
SOLUSDT-15m,prevBear,MKT,1.0,mid,6572,-19.04,-12.04,-13.6,-10.5,0.422,False
SOLUSDT-15m,smaBelow,MKT,1.0,mid,5727,-19.2,-12.2,-14.0,-10.3,0.418,False
SOLUSDT-15m,C3_w8q,MKT,1.0,mid,4963,-20.38,-13.38,-14.6,-12.2,0.382,False
SOLUSDT-15m,C6_w9dip,MKT,1.0,mid,3109,-18.68,-11.68,-14.5,-8.7,0.382,False
SOLUSDT-15m,CQ7_w78q,MKT,1.0,mid,2153,-21.7,-14.7,-16.3,-13.2,0.432,False
SOLUSDT-15m,ALL,MKT,1.0,NOSL,13537,-13.6,-6.6,-9.3,-4.0,0.898,False
SOLUSDT-15m,quiet,MKT,1.0,NOSL,5502,-10.86,-3.86,-7.1,-0.8,0.929,False
SOLUSDT-15m,uwd78,MKT,1.0,NOSL,5420,-11.8,-4.8,-8.2,-1.6,0.917,False
SOLUSDT-15m,uwd79,MKT,1.0,NOSL,9476,-14.43,-7.43,-10.4,-4.5,0.905,False
SOLUSDT-15m,prevBear,MKT,1.0,NOSL,6572,-13.52,-6.52,-10.9,-2.3,0.907,False
SOLUSDT-15m,smaBelow,MKT,1.0,NOSL,5727,-11.21,-4.21,-9.2,0.4,0.916,False
SOLUSDT-15m,C3_w8q,MKT,1.0,NOSL,4963,-11.06,-4.06,-7.6,-0.7,0.927,False
SOLUSDT-15m,C6_w9dip,MKT,1.0,NOSL,3109,-9.67,-2.67,-10.1,4.4,0.904,False
SOLUSDT-15m,CQ7_w78q,MKT,1.0,NOSL,2153,-10.3,-3.3,-7.3,0.2,0.94,False
SOLUSDT-15m,ALL,MKT,1.5,low,13537,-16.35,-9.35,-10.6,-7.9,0.396,False
SOLUSDT-15m,quiet,MKT,1.5,low,5502,-16.93,-9.93,-11.3,-8.6,0.399,False
SOLUSDT-15m,uwd78,MKT,1.5,low,5420,-17.91,-10.91,-12.6,-9.2,0.467,False
SOLUSDT-15m,uwd79,MKT,1.5,low,9476,-17.38,-10.38,-11.7,-8.9,0.434,False
SOLUSDT-15m,prevBear,MKT,1.5,low,6572,-15.2,-8.2,-10.2,-6.1,0.416,False
SOLUSDT-15m,smaBelow,MKT,1.5,low,5727,-15.3,-8.3,-10.6,-5.9,0.416,False
SOLUSDT-15m,C3_w8q,MKT,1.5,low,4963,-16.88,-9.88,-11.3,-8.5,0.388,False
SOLUSDT-15m,C6_w9dip,MKT,1.5,low,3109,-13.83,-6.83,-10.5,-2.9,0.373,False
SOLUSDT-15m,CQ7_w78q,MKT,1.5,low,2153,-18.41,-11.41,-13.4,-9.6,0.454,False
SOLUSDT-15m,ALL,MKT,1.5,mid,13537,-16.43,-9.43,-10.6,-8.2,0.367,False
SOLUSDT-15m,quiet,MKT,1.5,mid,5502,-17.05,-10.05,-11.3,-8.7,0.368,False
SOLUSDT-15m,uwd78,MKT,1.5,mid,5420,-17.78,-10.78,-12.4,-9.2,0.432,False
SOLUSDT-15m,uwd79,MKT,1.5,mid,9476,-17.26,-10.26,-11.6,-8.9,0.4,False
SOLUSDT-15m,prevBear,MKT,1.5,mid,6572,-15.58,-8.58,-10.4,-6.6,0.387,False
SOLUSDT-15m,smaBelow,MKT,1.5,mid,5727,-15.44,-8.44,-10.5,-6.2,0.386,False
SOLUSDT-15m,C3_w8q,MKT,1.5,mid,4963,-16.89,-9.89,-11.3,-8.5,0.361,False
SOLUSDT-15m,C6_w9dip,MKT,1.5,mid,3109,-14.5,-7.5,-10.8,-3.8,0.348,False
SOLUSDT-15m,CQ7_w78q,MKT,1.5,mid,2153,-18.61,-11.61,-13.4,-9.9,0.414,False
SOLUSDT-15m,ALL,MKT,1.5,NOSL,13537,-8.79,-1.79,-4.9,1.4,0.867,False
SOLUSDT-15m,quiet,MKT,1.5,NOSL,5502,-6.54,0.46,-3.2,3.9,0.905,False
SOLUSDT-15m,uwd78,MKT,1.5,NOSL,5420,-8.05,-1.05,-5.1,2.9,0.893,False
SOLUSDT-15m,uwd79,MKT,1.5,NOSL,9476,-10.04,-3.04,-6.5,0.3,0.88,False
SOLUSDT-15m,prevBear,MKT,1.5,NOSL,6572,-8.25,-1.25,-6.1,3.7,0.876,False
SOLUSDT-15m,smaBelow,MKT,1.5,NOSL,5727,-5.69,1.31,-4.5,6.7,0.888,False
SOLUSDT-15m,C3_w8q,MKT,1.5,NOSL,4963,-6.86,0.14,-3.9,3.9,0.902,False
SOLUSDT-15m,C6_w9dip,MKT,1.5,NOSL,3109,-3.36,3.64,-4.9,12.0,0.867,False
SOLUSDT-15m,CQ7_w78q,MKT,1.5,NOSL,2153,-6.06,0.94,-3.4,5.1,0.922,False
SOLUSDT-15m,ALL,PB,1.0,low,11944,-12.34,-5.34,-6.0,-4.6,0.171,False
SOLUSDT-15m,quiet,PB,1.0,low,4990,-12.41,-5.41,-6.0,-4.8,0.176,False
SOLUSDT-15m,uwd78,PB,1.0,low,4597,-11.52,-4.52,-5.6,-3.3,0.226,False
SOLUSDT-15m,uwd79,PB,1.0,low,8205,-12.28,-5.28,-6.1,-4.4,0.202,False
SOLUSDT-15m,prevBear,PB,1.0,low,5775,-11.85,-4.85,-5.8,-3.8,0.179,False
SOLUSDT-15m,smaBelow,PB,1.0,low,5065,-12.51,-5.51,-6.7,-4.2,0.187,False
SOLUSDT-15m,C3_w8q,PB,1.0,low,4531,-12.59,-5.59,-6.2,-4.9,0.165,False
SOLUSDT-15m,C6_w9dip,PB,1.0,low,2825,-11.94,-4.94,-6.5,-3.1,0.16,False
SOLUSDT-15m,CQ7_w78q,PB,1.0,low,1904,-12.18,-5.18,-6.3,-4.1,0.231,False
SOLUSDT-15m,ALL,PB,1.0,mid,11944,-12.26,-5.26,-5.7,-4.8,0.09,False
SOLUSDT-15m,quiet,PB,1.0,mid,4990,-12.27,-5.27,-5.6,-4.9,0.091,False
SOLUSDT-15m,uwd78,PB,1.0,mid,4597,-11.97,-4.97,-5.7,-4.2,0.124,False
SOLUSDT-15m,uwd79,PB,1.0,mid,8205,-12.19,-5.19,-5.7,-4.6,0.109,False
SOLUSDT-15m,prevBear,PB,1.0,mid,5775,-12.04,-5.04,-5.6,-4.4,0.098,False
SOLUSDT-15m,smaBelow,PB,1.0,mid,5065,-12.3,-5.3,-6.0,-4.5,0.099,False
SOLUSDT-15m,C3_w8q,PB,1.0,mid,4531,-12.38,-5.38,-5.8,-5.0,0.084,False
SOLUSDT-15m,C6_w9dip,PB,1.0,mid,2825,-12.11,-5.11,-6.1,-3.9,0.081,False
SOLUSDT-15m,CQ7_w78q,PB,1.0,mid,1904,-12.1,-5.1,-5.9,-4.3,0.127,False
SOLUSDT-15m,ALL,PB,1.0,NOSL,11944,-1.52,5.48,2.2,8.5,0.883,True
SOLUSDT-15m,quiet,PB,1.0,NOSL,4990,0.89,7.89,4.5,11.1,0.924,True
SOLUSDT-15m,uwd78,PB,1.0,NOSL,4597,4.96,11.96,7.7,15.8,0.899,True
SOLUSDT-15m,uwd79,PB,1.0,NOSL,8205,0.18,7.18,3.5,10.5,0.888,True
SOLUSDT-15m,prevBear,PB,1.0,NOSL,5775,-1.19,5.81,1.2,10.6,0.893,True
SOLUSDT-15m,smaBelow,PB,1.0,NOSL,5065,1.42,8.42,2.8,14.0,0.905,True
SOLUSDT-15m,C3_w8q,PB,1.0,NOSL,4531,0.15,7.15,3.5,10.6,0.923,True
SOLUSDT-15m,C6_w9dip,PB,1.0,NOSL,2825,1.9,8.9,0.8,16.9,0.896,True
SOLUSDT-15m,CQ7_w78q,PB,1.0,NOSL,1904,4.68,11.68,7.3,15.9,0.936,True
SOLUSDT-15m,ALL,PB,1.5,low,11944,-12.03,-5.03,-5.8,-4.2,0.143,False
SOLUSDT-15m,quiet,PB,1.5,low,4990,-11.97,-4.97,-5.6,-4.3,0.149,False
SOLUSDT-15m,uwd78,PB,1.5,low,4597,-11.63,-4.63,-5.8,-3.3,0.191,False
SOLUSDT-15m,uwd79,PB,1.5,low,8205,-12.12,-5.12,-6.0,-4.2,0.171,False
SOLUSDT-15m,prevBear,PB,1.5,low,5775,-11.66,-4.66,-5.8,-3.4,0.148,False
SOLUSDT-15m,smaBelow,PB,1.5,low,5065,-12.07,-5.07,-6.4,-3.5,0.157,False
SOLUSDT-15m,C3_w8q,PB,1.5,low,4531,-12.18,-5.18,-5.9,-4.5,0.139,False
SOLUSDT-15m,C6_w9dip,PB,1.5,low,2825,-11.2,-4.2,-6.3,-1.7,0.128,False
SOLUSDT-15m,CQ7_w78q,PB,1.5,low,1904,-11.91,-4.91,-6.2,-3.6,0.199,False
SOLUSDT-15m,ALL,PB,1.5,mid,11944,-12.02,-5.02,-5.5,-4.5,0.076,False
SOLUSDT-15m,quiet,PB,1.5,mid,4990,-11.78,-4.78,-5.3,-4.3,0.08,False
SOLUSDT-15m,uwd78,PB,1.5,mid,4597,-11.93,-4.93,-5.7,-4.2,0.106,False
SOLUSDT-15m,uwd79,PB,1.5,mid,8205,-11.96,-4.96,-5.6,-4.3,0.093,False
SOLUSDT-15m,prevBear,PB,1.5,mid,5775,-11.83,-4.83,-5.5,-4.2,0.082,False
SOLUSDT-15m,smaBelow,PB,1.5,mid,5065,-11.91,-4.91,-5.8,-3.9,0.085,False
SOLUSDT-15m,C3_w8q,PB,1.5,mid,4531,-11.9,-4.9,-5.4,-4.4,0.074,False
SOLUSDT-15m,C6_w9dip,PB,1.5,mid,2825,-11.35,-4.35,-5.7,-2.7,0.069,False
SOLUSDT-15m,CQ7_w78q,PB,1.5,mid,1904,-11.7,-4.7,-5.6,-3.8,0.112,False
SOLUSDT-15m,ALL,PB,1.5,NOSL,11944,-0.28,6.72,3.0,10.4,0.844,True
SOLUSDT-15m,quiet,PB,1.5,NOSL,4990,2.36,9.36,5.4,13.0,0.89,True
SOLUSDT-15m,uwd78,PB,1.5,NOSL,4597,4.31,11.31,6.5,16.1,0.865,True
SOLUSDT-15m,uwd79,PB,1.5,NOSL,8205,0.74,7.74,3.8,11.5,0.854,True
SOLUSDT-15m,prevBear,PB,1.5,NOSL,5775,0.2,7.2,2.1,12.5,0.853,True
SOLUSDT-15m,smaBelow,PB,1.5,NOSL,5065,4.29,11.29,5.0,17.7,0.87,True
SOLUSDT-15m,C3_w8q,PB,1.5,NOSL,4531,1.73,8.73,4.7,12.9,0.889,True
SOLUSDT-15m,C6_w9dip,PB,1.5,NOSL,2825,6.27,13.27,4.0,23.1,0.855,True
SOLUSDT-15m,CQ7_w78q,PB,1.5,NOSL,1904,6.02,13.02,8.0,18.0,0.907,True
SOLUSDT-30m,ALL,MKT,1.0,low,6817,-23.4,-16.4,-18.5,-14.4,0.431,False
SOLUSDT-30m,quiet,MKT,1.0,low,2764,-22.13,-15.13,-17.2,-13.2,0.433,False
SOLUSDT-30m,uwd78,MKT,1.0,low,2728,-26.24,-19.24,-22.0,-16.5,0.486,False
SOLUSDT-30m,uwd79,MKT,1.0,low,4772,-25.76,-18.76,-21.2,-16.4,0.462,False
SOLUSDT-30m,prevBear,MKT,1.0,low,3255,-25.44,-18.44,-21.1,-15.7,0.439,False
SOLUSDT-30m,smaBelow,MKT,1.0,low,2952,-26.03,-19.03,-22.2,-15.8,0.428,False
SOLUSDT-30m,C3_w8q,MKT,1.0,low,2472,-21.52,-14.52,-16.5,-12.4,0.426,False
SOLUSDT-30m,C6_w9dip,MKT,1.0,low,1566,-25.44,-18.44,-23.9,-13.2,0.401,False
SOLUSDT-30m,CQ7_w78q,MKT,1.0,low,1142,-23.35,-16.35,-19.5,-13.2,0.483,False
SOLUSDT-30m,ALL,MKT,1.0,mid,6817,-23.44,-16.44,-18.4,-14.5,0.394,False
SOLUSDT-30m,quiet,MKT,1.0,mid,2764,-22.09,-15.09,-17.0,-13.2,0.398,False
SOLUSDT-30m,uwd78,MKT,1.0,mid,2728,-26.38,-19.38,-22.1,-16.7,0.439,False
SOLUSDT-30m,uwd79,MKT,1.0,mid,4772,-25.91,-18.91,-21.2,-16.6,0.42,False
SOLUSDT-30m,prevBear,MKT,1.0,mid,3255,-25.08,-18.08,-20.6,-15.5,0.406,False
SOLUSDT-30m,smaBelow,MKT,1.0,mid,2952,-25.59,-18.59,-21.7,-15.5,0.391,False
SOLUSDT-30m,C3_w8q,MKT,1.0,mid,2472,-21.6,-14.6,-16.6,-12.6,0.391,False
SOLUSDT-30m,C6_w9dip,MKT,1.0,mid,1566,-25.25,-18.25,-23.3,-13.1,0.365,False
SOLUSDT-30m,CQ7_w78q,MKT,1.0,mid,1142,-23.45,-16.45,-19.6,-13.4,0.437,False
SOLUSDT-30m,ALL,MKT,1.0,NOSL,6817,-12.47,-5.47,-10.6,-0.7,0.898,False
SOLUSDT-30m,quiet,MKT,1.0,NOSL,2764,-11.9,-4.9,-12.0,1.6,0.929,False
SOLUSDT-30m,uwd78,MKT,1.0,NOSL,2728,-19.99,-12.99,-21.7,-5.2,0.913,False
SOLUSDT-30m,uwd79,MKT,1.0,NOSL,4772,-16.69,-9.69,-15.5,-3.7,0.906,False
SOLUSDT-30m,prevBear,MKT,1.0,NOSL,3255,-12.6,-5.6,-12.4,1.0,0.903,False
SOLUSDT-30m,smaBelow,MKT,1.0,NOSL,2952,-13.73,-6.73,-14.4,0.5,0.907,False
SOLUSDT-30m,C3_w8q,MKT,1.0,NOSL,2472,-10.77,-3.77,-11.2,2.9,0.928,False
SOLUSDT-30m,C6_w9dip,MKT,1.0,NOSL,1566,-11.44,-4.44,-16.1,6.6,0.893,False
SOLUSDT-30m,CQ7_w78q,MKT,1.0,NOSL,1142,-16.99,-9.99,-20.0,-0.9,0.932,False
SOLUSDT-30m,ALL,MKT,1.5,low,6817,-18.85,-11.85,-14.2,-9.5,0.388,False
SOLUSDT-30m,quiet,MKT,1.5,low,2764,-17.55,-10.55,-12.9,-8.2,0.402,False
SOLUSDT-30m,uwd78,MKT,1.5,low,2728,-21.55,-14.55,-17.9,-11.2,0.448,False
SOLUSDT-30m,uwd79,MKT,1.5,low,4772,-20.96,-13.96,-16.8,-11.1,0.422,False
SOLUSDT-30m,prevBear,MKT,1.5,low,3255,-21.04,-14.04,-17.0,-10.7,0.398,False
SOLUSDT-30m,smaBelow,MKT,1.5,low,2952,-21.08,-14.08,-17.7,-10.3,0.391,False
SOLUSDT-30m,C3_w8q,MKT,1.5,low,2472,-16.91,-9.91,-12.3,-7.4,0.394,False
SOLUSDT-30m,C6_w9dip,MKT,1.5,low,1566,-19.36,-12.36,-18.3,-6.4,0.366,False
SOLUSDT-30m,CQ7_w78q,MKT,1.5,low,1142,-18.71,-11.71,-15.5,-7.9,0.457,False
SOLUSDT-30m,ALL,MKT,1.5,mid,6817,-18.85,-11.85,-14.1,-9.5,0.355,False
SOLUSDT-30m,quiet,MKT,1.5,mid,2764,-17.49,-10.49,-12.7,-8.2,0.37,False
SOLUSDT-30m,uwd78,MKT,1.5,mid,2728,-21.37,-14.37,-17.5,-11.2,0.407,False
SOLUSDT-30m,uwd79,MKT,1.5,mid,4772,-21.07,-14.07,-16.7,-11.3,0.384,False
SOLUSDT-30m,prevBear,MKT,1.5,mid,3255,-20.49,-13.49,-16.3,-10.4,0.37,False
SOLUSDT-30m,smaBelow,MKT,1.5,mid,2952,-20.82,-13.82,-17.3,-10.1,0.355,False
SOLUSDT-30m,C3_w8q,MKT,1.5,mid,2472,-16.96,-9.96,-12.3,-7.6,0.362,False
SOLUSDT-30m,C6_w9dip,MKT,1.5,mid,1566,-19.6,-12.6,-18.3,-6.9,0.331,False
SOLUSDT-30m,CQ7_w78q,MKT,1.5,mid,1142,-18.6,-11.6,-15.3,-7.9,0.416,False
SOLUSDT-30m,ALL,MKT,1.5,NOSL,6817,-6.57,0.43,-5.5,6.1,0.864,False
SOLUSDT-30m,quiet,MKT,1.5,NOSL,2764,-6.5,0.5,-7.1,7.5,0.905,False
SOLUSDT-30m,uwd78,MKT,1.5,NOSL,2728,-12.88,-5.88,-15.2,2.8,0.893,False
SOLUSDT-30m,uwd79,MKT,1.5,NOSL,4772,-11.09,-4.09,-10.2,2.7,0.876,False
SOLUSDT-30m,prevBear,MKT,1.5,NOSL,3255,-5.54,1.46,-6.3,9.3,0.872,False
SOLUSDT-30m,smaBelow,MKT,1.5,NOSL,2952,-7.66,-0.66,-9.0,7.7,0.873,False
SOLUSDT-30m,C3_w8q,MKT,1.5,NOSL,2472,-5.84,1.16,-6.9,8.6,0.902,False
SOLUSDT-30m,C6_w9dip,MKT,1.5,NOSL,1566,-2.63,4.37,-9.2,17.2,0.856,False
SOLUSDT-30m,CQ7_w78q,MKT,1.5,NOSL,1142,-10.24,-3.24,-13.9,6.6,0.918,False
SOLUSDT-30m,ALL,PB,1.0,low,6107,-12.23,-5.23,-6.4,-4.0,0.192,False
SOLUSDT-30m,quiet,PB,1.0,low,2529,-11.51,-4.51,-5.9,-3.1,0.206,False
SOLUSDT-30m,uwd78,PB,1.0,low,2360,-11.5,-4.5,-6.4,-2.6,0.249,False
SOLUSDT-30m,uwd79,PB,1.0,low,4193,-11.79,-4.79,-6.1,-3.3,0.225,False
SOLUSDT-30m,prevBear,PB,1.0,low,2906,-14.21,-7.21,-8.7,-5.8,0.185,False
SOLUSDT-30m,smaBelow,PB,1.0,low,2672,-13.55,-6.55,-8.3,-4.6,0.202,False
SOLUSDT-30m,C3_w8q,PB,1.0,low,2267,-11.37,-4.37,-5.8,-2.8,0.197,False
SOLUSDT-30m,C6_w9dip,PB,1.0,low,1445,-13.86,-6.86,-9.3,-4.5,0.166,False
SOLUSDT-30m,CQ7_w78q,PB,1.0,low,1019,-10.39,-3.39,-5.9,-0.5,0.267,False
SOLUSDT-30m,ALL,PB,1.0,mid,6107,-12.48,-5.48,-6.2,-4.7,0.101,False
SOLUSDT-30m,quiet,PB,1.0,mid,2529,-12.45,-5.45,-6.3,-4.6,0.103,False
SOLUSDT-30m,uwd78,PB,1.0,mid,2360,-12.41,-5.41,-6.6,-4.2,0.138,False
SOLUSDT-30m,uwd79,PB,1.0,mid,4193,-12.74,-5.74,-6.6,-4.8,0.118,False
SOLUSDT-30m,prevBear,PB,1.0,mid,2906,-13.02,-6.02,-7.0,-5.1,0.1,False
SOLUSDT-30m,smaBelow,PB,1.0,mid,2672,-12.77,-5.77,-6.9,-4.5,0.111,False
SOLUSDT-30m,C3_w8q,PB,1.0,mid,2267,-12.3,-5.3,-6.2,-4.4,0.097,False
SOLUSDT-30m,C6_w9dip,PB,1.0,mid,1445,-12.79,-5.79,-7.5,-3.9,0.087,False
SOLUSDT-30m,CQ7_w78q,PB,1.0,mid,1019,-13.13,-6.13,-7.6,-4.7,0.132,False
SOLUSDT-30m,ALL,PB,1.0,NOSL,6107,-0.12,6.88,1.3,12.5,0.884,True
SOLUSDT-30m,quiet,PB,1.0,NOSL,2529,0.48,7.48,-0.5,14.2,0.924,False
SOLUSDT-30m,uwd78,PB,1.0,NOSL,2360,-2.15,4.85,-5.3,14.2,0.897,False
SOLUSDT-30m,uwd79,PB,1.0,NOSL,4193,-1.35,5.65,-1.0,12.5,0.89,False
SOLUSDT-30m,prevBear,PB,1.0,NOSL,2906,1.84,8.84,0.8,16.4,0.89,True
SOLUSDT-30m,smaBelow,PB,1.0,NOSL,2672,-1.65,5.35,-3.3,13.6,0.896,False
SOLUSDT-30m,C3_w8q,PB,1.0,NOSL,2267,0.99,7.99,-0.5,15.2,0.923,False
SOLUSDT-30m,C6_w9dip,PB,1.0,NOSL,1445,-1.87,5.13,-8.9,17.4,0.884,False
SOLUSDT-30m,CQ7_w78q,PB,1.0,NOSL,1019,-0.39,6.61,-5.2,16.6,0.929,False
SOLUSDT-30m,ALL,PB,1.5,low,6107,-11.71,-4.71,-6.1,-3.3,0.161,False
SOLUSDT-30m,quiet,PB,1.5,low,2529,-10.7,-3.7,-5.3,-1.9,0.176,False
SOLUSDT-30m,uwd78,PB,1.5,low,2360,-11.39,-4.39,-6.5,-2.1,0.212,False
SOLUSDT-30m,uwd79,PB,1.5,low,4193,-11.41,-4.41,-5.9,-2.7,0.19,False
SOLUSDT-30m,prevBear,PB,1.5,low,2906,-13.93,-6.93,-8.6,-5.3,0.154,False
SOLUSDT-30m,smaBelow,PB,1.5,low,2672,-12.76,-5.76,-7.9,-3.5,0.17,False
SOLUSDT-30m,C3_w8q,PB,1.5,low,2267,-10.57,-3.57,-5.2,-1.6,0.167,False
SOLUSDT-30m,C6_w9dip,PB,1.5,low,1445,-12.17,-5.17,-8.1,-2.0,0.14,False
SOLUSDT-30m,CQ7_w78q,PB,1.5,low,1019,-10.0,-3.0,-5.8,0.5,0.231,False
SOLUSDT-30m,ALL,PB,1.5,mid,6107,-11.92,-4.92,-5.8,-3.9,0.084,False
SOLUSDT-30m,quiet,PB,1.5,mid,2529,-11.7,-4.7,-5.7,-3.7,0.089,False
SOLUSDT-30m,uwd78,PB,1.5,mid,2360,-11.81,-4.81,-6.2,-3.4,0.117,False
SOLUSDT-30m,uwd79,PB,1.5,mid,4193,-12.13,-5.13,-6.1,-4.1,0.1,False
SOLUSDT-30m,prevBear,PB,1.5,mid,2906,-12.63,-5.63,-6.7,-4.5,0.082,False
SOLUSDT-30m,smaBelow,PB,1.5,mid,2672,-12.18,-5.18,-6.6,-3.6,0.093,False
SOLUSDT-30m,C3_w8q,PB,1.5,mid,2267,-11.56,-4.56,-5.6,-3.5,0.083,False
SOLUSDT-30m,C6_w9dip,PB,1.5,mid,1445,-11.72,-4.72,-6.8,-2.2,0.073,False
SOLUSDT-30m,CQ7_w78q,PB,1.5,mid,1019,-12.4,-5.4,-7.0,-3.8,0.116,False
SOLUSDT-30m,ALL,PB,1.5,NOSL,6107,1.35,8.35,1.8,14.8,0.846,True
SOLUSDT-30m,quiet,PB,1.5,NOSL,2529,2.38,9.38,0.7,17.0,0.897,True
SOLUSDT-30m,uwd78,PB,1.5,NOSL,2360,0.24,7.24,-3.7,17.4,0.871,False
SOLUSDT-30m,uwd79,PB,1.5,NOSL,4193,0.08,7.08,-0.6,15.0,0.857,False
SOLUSDT-30m,prevBear,PB,1.5,NOSL,2906,2.99,9.99,1.1,19.3,0.853,True
SOLUSDT-30m,smaBelow,PB,1.5,NOSL,2672,-0.32,6.68,-3.7,16.6,0.859,False
SOLUSDT-30m,C3_w8q,PB,1.5,NOSL,2267,2.51,9.51,0.2,18.0,0.894,True
SOLUSDT-30m,C6_w9dip,PB,1.5,NOSL,1445,0.86,7.86,-8.7,23.1,0.841,False
SOLUSDT-30m,CQ7_w78q,PB,1.5,NOSL,1019,3.3,10.3,-2.7,21.5,0.911,False
SOLUSDT-1h,ALL,MKT,1.0,low,3324,-29.41,-22.41,-26.5,-18.5,0.427,False
SOLUSDT-1h,quiet,MKT,1.0,low,1311,-28.05,-21.05,-25.1,-17.3,0.423,False
SOLUSDT-1h,uwd78,MKT,1.0,low,1328,-33.67,-26.67,-32.3,-21.3,0.496,False
SOLUSDT-1h,uwd79,MKT,1.0,low,2326,-32.54,-25.54,-30.2,-20.9,0.458,False
SOLUSDT-1h,prevBear,MKT,1.0,low,1608,-29.31,-22.31,-27.7,-16.7,0.442,False
SOLUSDT-1h,smaBelow,MKT,1.0,low,1438,-31.46,-24.46,-30.9,-18.2,0.423,False
SOLUSDT-1h,C3_w8q,MKT,1.0,low,1199,-27.48,-20.48,-24.7,-16.7,0.417,False
SOLUSDT-1h,C6_w9dip,MKT,1.0,low,749,-32.55,-25.55,-36.2,-16.0,0.387,False
SOLUSDT-1h,CQ7_w78q,MKT,1.0,low,508,-30.25,-23.25,-29.6,-17.4,0.494,False
SOLUSDT-1h,ALL,MKT,1.0,mid,3324,-28.8,-21.8,-25.7,-18.2,0.392,False
SOLUSDT-1h,quiet,MKT,1.0,mid,1311,-27.38,-20.38,-24.1,-16.8,0.392,False
SOLUSDT-1h,uwd78,MKT,1.0,mid,1328,-32.92,-25.92,-31.1,-20.8,0.453,False
SOLUSDT-1h,uwd79,MKT,1.0,mid,2326,-31.27,-24.27,-28.6,-19.8,0.422,False
SOLUSDT-1h,prevBear,MKT,1.0,mid,1608,-28.82,-21.82,-27.1,-16.4,0.405,False
SOLUSDT-1h,smaBelow,MKT,1.0,mid,1438,-31.18,-24.18,-30.7,-18.0,0.39,False
SOLUSDT-1h,C3_w8q,MKT,1.0,mid,1199,-26.79,-19.79,-23.8,-16.0,0.387,False
SOLUSDT-1h,C6_w9dip,MKT,1.0,mid,749,-32.9,-25.9,-36.5,-16.5,0.35,False
SOLUSDT-1h,CQ7_w78q,MKT,1.0,mid,508,-30.16,-23.16,-29.4,-17.1,0.455,False
SOLUSDT-1h,ALL,MKT,1.0,NOSL,3324,-15.69,-8.69,-19.5,1.6,0.9,False
SOLUSDT-1h,quiet,MKT,1.0,NOSL,1311,-11.98,-4.98,-20.3,8.7,0.935,False
SOLUSDT-1h,uwd78,MKT,1.0,NOSL,1328,-12.59,-5.59,-18.1,5.7,0.917,False
SOLUSDT-1h,uwd79,MKT,1.0,NOSL,2326,-13.23,-6.23,-16.7,3.9,0.91,False
SOLUSDT-1h,prevBear,MKT,1.0,NOSL,1608,-8.62,-1.62,-13.7,10.3,0.908,False
SOLUSDT-1h,smaBelow,MKT,1.0,NOSL,1438,-21.47,-14.47,-34.6,2.8,0.908,False
SOLUSDT-1h,C3_w8q,MKT,1.0,NOSL,1199,-13.01,-6.01,-22.4,8.3,0.932,False
SOLUSDT-1h,C6_w9dip,MKT,1.0,NOSL,749,-27.86,-20.86,-58.4,9.1,0.899,False
SOLUSDT-1h,CQ7_w78q,MKT,1.0,NOSL,508,-3.65,3.35,-13.4,17.1,0.961,False
SOLUSDT-1h,ALL,MKT,1.5,low,3324,-23.67,-16.67,-21.4,-12.3,0.381,False
SOLUSDT-1h,quiet,MKT,1.5,low,1311,-21.56,-14.56,-19.0,-10.2,0.397,False
SOLUSDT-1h,uwd78,MKT,1.5,low,1328,-28.66,-21.66,-28.2,-15.1,0.45,False
SOLUSDT-1h,uwd79,MKT,1.5,low,2326,-26.55,-19.55,-24.9,-14.0,0.414,False
SOLUSDT-1h,prevBear,MKT,1.5,low,1608,-22.93,-15.93,-22.1,-9.2,0.399,False
SOLUSDT-1h,smaBelow,MKT,1.5,low,1438,-26.33,-19.33,-26.7,-12.1,0.376,False
SOLUSDT-1h,C3_w8q,MKT,1.5,low,1199,-20.81,-13.81,-18.6,-9.3,0.39,False
SOLUSDT-1h,C6_w9dip,MKT,1.5,low,749,-25.44,-18.44,-29.8,-7.4,0.35,False
SOLUSDT-1h,CQ7_w78q,MKT,1.5,low,508,-23.55,-16.55,-23.6,-9.7,0.47,False
SOLUSDT-1h,ALL,MKT,1.5,mid,3324,-22.5,-15.5,-20.1,-11.1,0.352,False
SOLUSDT-1h,quiet,MKT,1.5,mid,1311,-20.78,-13.78,-18.0,-9.6,0.371,False
SOLUSDT-1h,uwd78,MKT,1.5,mid,1328,-27.24,-20.24,-26.3,-14.2,0.411,False
SOLUSDT-1h,uwd79,MKT,1.5,mid,2326,-24.95,-17.95,-23.1,-12.7,0.381,False
SOLUSDT-1h,prevBear,MKT,1.5,mid,1608,-21.75,-14.75,-20.8,-8.2,0.368,False
SOLUSDT-1h,smaBelow,MKT,1.5,mid,1438,-25.31,-18.31,-25.7,-11.5,0.35,False
SOLUSDT-1h,C3_w8q,MKT,1.5,mid,1199,-19.97,-12.97,-17.6,-8.7,0.366,False
SOLUSDT-1h,C6_w9dip,MKT,1.5,mid,749,-25.7,-18.7,-30.4,-8.0,0.32,False
SOLUSDT-1h,CQ7_w78q,MKT,1.5,mid,508,-23.84,-16.84,-23.8,-10.1,0.433,False
SOLUSDT-1h,ALL,MKT,1.5,NOSL,3324,-7.43,-0.43,-12.9,10.9,0.864,False
SOLUSDT-1h,quiet,MKT,1.5,NOSL,1311,-8.93,-1.93,-18.4,13.1,0.903,False
SOLUSDT-1h,uwd78,MKT,1.5,NOSL,1328,-3.19,3.81,-10.5,17.5,0.891,False
SOLUSDT-1h,uwd79,MKT,1.5,NOSL,2326,-3.89,3.11,-9.8,15.4,0.879,False
SOLUSDT-1h,prevBear,MKT,1.5,NOSL,1608,-4.55,2.45,-11.7,15.9,0.867,False
SOLUSDT-1h,smaBelow,MKT,1.5,NOSL,1438,-10.26,-3.26,-23.9,15.1,0.875,False
SOLUSDT-1h,C3_w8q,MKT,1.5,NOSL,1199,-10.64,-3.64,-21.9,12.1,0.898,False
SOLUSDT-1h,C6_w9dip,MKT,1.5,NOSL,749,-12.76,-5.76,-45.7,26.1,0.865,False
SOLUSDT-1h,CQ7_w78q,MKT,1.5,NOSL,508,-2.87,4.13,-16.3,21.4,0.935,False
SOLUSDT-1h,ALL,PB,1.0,low,2992,-12.55,-5.55,-8.0,-3.2,0.211,False
SOLUSDT-1h,quiet,PB,1.0,low,1222,-12.56,-5.56,-8.0,-3.3,0.22,False
SOLUSDT-1h,uwd78,PB,1.0,low,1164,-10.3,-3.3,-7.6,0.9,0.282,False
SOLUSDT-1h,uwd79,PB,1.0,low,2062,-13.15,-6.15,-9.3,-3.3,0.237,False
SOLUSDT-1h,prevBear,PB,1.0,low,1437,-13.47,-6.47,-9.9,-3.0,0.216,False
SOLUSDT-1h,smaBelow,PB,1.0,low,1322,-12.09,-5.09,-8.8,-1.5,0.226,False
SOLUSDT-1h,C3_w8q,PB,1.0,low,1118,-12.93,-5.93,-8.2,-3.4,0.207,False
SOLUSDT-1h,C6_w9dip,PB,1.0,low,701,-13.99,-6.99,-10.8,-3.1,0.191,False
SOLUSDT-1h,CQ7_w78q,PB,1.0,low,466,-11.5,-4.5,-8.4,-0.4,0.288,False
SOLUSDT-1h,ALL,PB,1.0,mid,2992,-13.47,-6.47,-7.9,-5.0,0.109,False
SOLUSDT-1h,quiet,PB,1.0,mid,1222,-12.66,-5.66,-7.3,-3.9,0.118,False
SOLUSDT-1h,uwd78,PB,1.0,mid,1164,-12.97,-5.97,-8.7,-3.2,0.154,False
SOLUSDT-1h,uwd79,PB,1.0,mid,2062,-14.3,-7.3,-9.2,-5.4,0.125,False
SOLUSDT-1h,prevBear,PB,1.0,mid,1437,-13.37,-6.37,-8.6,-4.0,0.118,False
SOLUSDT-1h,smaBelow,PB,1.0,mid,1322,-14.3,-7.3,-9.6,-5.1,0.111,False
SOLUSDT-1h,C3_w8q,PB,1.0,mid,1118,-12.96,-5.96,-7.6,-4.2,0.106,False
SOLUSDT-1h,C6_w9dip,PB,1.0,mid,701,-15.59,-8.59,-10.7,-6.3,0.083,False
SOLUSDT-1h,CQ7_w78q,PB,1.0,mid,466,-12.93,-5.93,-8.6,-3.4,0.161,False
SOLUSDT-1h,ALL,PB,1.0,NOSL,2992,2.24,9.24,-3.4,20.9,0.886,False
SOLUSDT-1h,quiet,PB,1.0,NOSL,1222,3.19,10.19,-7.4,25.2,0.93,False
SOLUSDT-1h,uwd78,PB,1.0,NOSL,1164,14.32,21.32,7.0,35.8,0.897,True
SOLUSDT-1h,uwd79,PB,1.0,NOSL,2062,10.15,17.15,5.7,28.1,0.894,True
SOLUSDT-1h,prevBear,PB,1.0,NOSL,1437,8.8,15.8,1.0,29.3,0.892,True
SOLUSDT-1h,smaBelow,PB,1.0,NOSL,1322,-3.66,3.34,-19.2,23.6,0.896,False
SOLUSDT-1h,C3_w8q,PB,1.0,NOSL,1118,2.58,9.58,-10.2,25.3,0.928,False
SOLUSDT-1h,C6_w9dip,PB,1.0,NOSL,701,-8.52,-1.52,-42.3,30.2,0.897,False
SOLUSDT-1h,CQ7_w78q,PB,1.0,NOSL,466,14.44,21.44,1.3,38.8,0.951,True
SOLUSDT-1h,ALL,PB,1.5,low,2992,-11.74,-4.74,-7.4,-2.2,0.177,False
SOLUSDT-1h,quiet,PB,1.5,low,1222,-11.05,-4.05,-7.0,-1.1,0.188,False
SOLUSDT-1h,uwd78,PB,1.5,low,1164,-10.28,-3.28,-8.3,1.2,0.238,False
SOLUSDT-1h,uwd79,PB,1.5,low,2062,-12.7,-5.7,-9.2,-2.4,0.2,False
SOLUSDT-1h,prevBear,PB,1.5,low,1437,-12.52,-5.52,-9.3,-1.4,0.182,False
SOLUSDT-1h,smaBelow,PB,1.5,low,1322,-11.75,-4.75,-9.0,-0.6,0.187,False
SOLUSDT-1h,C3_w8q,PB,1.5,low,1118,-11.32,-4.32,-7.1,-1.3,0.177,False
SOLUSDT-1h,C6_w9dip,PB,1.5,low,701,-12.57,-5.57,-9.9,-1.1,0.163,False
SOLUSDT-1h,CQ7_w78q,PB,1.5,low,466,-9.7,-2.7,-7.3,2.3,0.255,False
SOLUSDT-1h,ALL,PB,1.5,mid,2992,-11.92,-4.92,-6.7,-3.1,0.095,False
SOLUSDT-1h,quiet,PB,1.5,mid,1222,-10.96,-3.96,-6.0,-1.7,0.106,False
SOLUSDT-1h,uwd78,PB,1.5,mid,1164,-11.81,-4.81,-8.0,-1.5,0.132,False
SOLUSDT-1h,uwd79,PB,1.5,mid,2062,-13.26,-6.26,-8.5,-4.0,0.107,False
SOLUSDT-1h,prevBear,PB,1.5,mid,1437,-11.47,-4.47,-7.1,-1.5,0.103,False
SOLUSDT-1h,smaBelow,PB,1.5,mid,1322,-13.38,-6.38,-8.9,-3.7,0.092,False
SOLUSDT-1h,C3_w8q,PB,1.5,mid,1118,-11.17,-4.17,-6.3,-1.9,0.097,False
SOLUSDT-1h,C6_w9dip,PB,1.5,mid,701,-14.61,-7.61,-10.2,-4.9,0.073,False
SOLUSDT-1h,CQ7_w78q,PB,1.5,mid,466,-11.38,-4.38,-7.4,-1.3,0.146,False
SOLUSDT-1h,ALL,PB,1.5,NOSL,2992,5.92,12.92,-0.7,25.8,0.846,False
SOLUSDT-1h,quiet,PB,1.5,NOSL,1222,-0.5,6.5,-13.1,23.6,0.887,False
SOLUSDT-1h,uwd78,PB,1.5,NOSL,1164,15.64,22.64,5.9,39.3,0.865,True
SOLUSDT-1h,uwd79,PB,1.5,NOSL,2062,13.53,20.53,7.1,33.5,0.86,True
SOLUSDT-1h,prevBear,PB,1.5,NOSL,1437,6.21,13.21,-3.4,29.8,0.846,False
SOLUSDT-1h,smaBelow,PB,1.5,NOSL,1322,1.73,8.73,-15.2,30.0,0.858,False
SOLUSDT-1h,C3_w8q,PB,1.5,NOSL,1118,-1.7,5.3,-16.6,22.6,0.884,False
SOLUSDT-1h,C6_w9dip,PB,1.5,NOSL,701,2.68,9.68,-32.4,44.1,0.862,False
SOLUSDT-1h,CQ7_w78q,PB,1.5,NOSL,466,4.73,11.73,-12.4,34.8,0.912,False
SOLUSDT-4h,ALL,MKT,1.0,low,839,-31.17,-24.17,-37.1,-10.3,0.439,False
SOLUSDT-4h,quiet,MKT,1.0,low,335,-47.03,-40.03,-54.5,-25.2,0.415,False
SOLUSDT-4h,uwd78,MKT,1.0,low,334,-47.3,-40.3,-62.9,-18.4,0.485,False
SOLUSDT-4h,uwd79,MKT,1.0,low,586,-37.93,-30.93,-47.3,-14.6,0.462,False
SOLUSDT-4h,prevBear,MKT,1.0,low,373,-23.98,-16.98,-38.2,3.5,0.461,False
SOLUSDT-4h,smaBelow,MKT,1.0,low,381,-39.73,-32.73,-51.4,-13.5,0.42,False
SOLUSDT-4h,C3_w8q,MKT,1.0,low,300,-47.56,-40.56,-56.6,-25.8,0.397,False
SOLUSDT-4h,C6_w9dip,MKT,1.0,low,195,-30.36,-23.36,-48.5,1.1,0.369,False
SOLUSDT-4h,CQ7_w78q,MKT,1.0,low,137,-75.36,-68.36,-94.3,-44.3,0.438,False
SOLUSDT-4h,ALL,MKT,1.0,mid,839,-32.4,-25.4,-38.6,-12.3,0.402,False
SOLUSDT-4h,quiet,MKT,1.0,mid,335,-47.78,-40.78,-55.0,-27.0,0.37,False
SOLUSDT-4h,uwd78,MKT,1.0,mid,334,-51.99,-44.99,-66.5,-23.3,0.44,False
SOLUSDT-4h,uwd79,MKT,1.0,mid,586,-40.32,-33.32,-49.5,-17.7,0.423,False
SOLUSDT-4h,prevBear,MKT,1.0,mid,373,-25.92,-18.92,-39.8,0.8,0.424,False
SOLUSDT-4h,smaBelow,MKT,1.0,mid,381,-43.31,-36.31,-54.8,-18.0,0.381,False
SOLUSDT-4h,C3_w8q,MKT,1.0,mid,300,-48.85,-41.85,-56.9,-27.4,0.35,False
SOLUSDT-4h,C6_w9dip,MKT,1.0,mid,195,-31.28,-24.28,-48.5,0.1,0.338,False
SOLUSDT-4h,CQ7_w78q,MKT,1.0,mid,137,-75.68,-68.68,-94.1,-45.5,0.387,False
SOLUSDT-4h,ALL,MKT,1.0,NOSL,839,23.35,30.35,1.2,57.1,0.919,True
SOLUSDT-4h,quiet,MKT,1.0,NOSL,335,12.52,19.52,-21.1,52.3,0.943,False
SOLUSDT-4h,uwd78,MKT,1.0,NOSL,334,2.11,9.11,-40.3,52.2,0.919,False
SOLUSDT-4h,uwd79,MKT,1.0,NOSL,586,3.41,10.41,-24.8,43.3,0.915,False
SOLUSDT-4h,prevBear,MKT,1.0,NOSL,373,40.72,47.72,6.8,85.5,0.936,True
SOLUSDT-4h,smaBelow,MKT,1.0,NOSL,381,10.7,17.7,-27.7,59.3,0.929,False
SOLUSDT-4h,C3_w8q,MKT,1.0,NOSL,300,11.56,18.56,-24.3,55.1,0.94,False
SOLUSDT-4h,C6_w9dip,MKT,1.0,NOSL,195,41.7,48.7,-1.2,96.7,0.928,False
SOLUSDT-4h,CQ7_w78q,MKT,1.0,NOSL,137,-21.98,-14.98,-90.2,42.6,0.92,False
SOLUSDT-4h,ALL,MKT,1.5,low,839,-18.86,-11.86,-28.0,4.8,0.392,False
SOLUSDT-4h,quiet,MKT,1.5,low,335,-32.78,-25.78,-43.0,-8.1,0.388,False
SOLUSDT-4h,uwd78,MKT,1.5,low,334,-35.5,-28.5,-54.8,-0.7,0.437,False
SOLUSDT-4h,uwd79,MKT,1.5,low,586,-28.45,-21.45,-41.3,-1.8,0.415,False
SOLUSDT-4h,prevBear,MKT,1.5,low,373,-10.35,-3.35,-29.4,21.8,0.413,False
SOLUSDT-4h,smaBelow,MKT,1.5,low,381,-24.11,-17.11,-40.5,7.9,0.381,False
SOLUSDT-4h,C3_w8q,MKT,1.5,low,300,-31.85,-24.85,-43.4,-7.5,0.377,False
SOLUSDT-4h,C6_w9dip,MKT,1.5,low,195,-14.19,-7.19,-37.8,22.8,0.333,False
SOLUSDT-4h,CQ7_w78q,MKT,1.5,low,137,-63.97,-56.97,-87.0,-30.0,0.409,False
SOLUSDT-4h,ALL,MKT,1.5,mid,839,-19.55,-12.55,-27.1,3.0,0.364,False
SOLUSDT-4h,quiet,MKT,1.5,mid,335,-33.37,-26.37,-42.4,-9.9,0.352,False
SOLUSDT-4h,uwd78,MKT,1.5,mid,334,-37.28,-30.28,-55.1,-3.3,0.404,False
SOLUSDT-4h,uwd79,MKT,1.5,mid,586,-28.48,-21.48,-40.6,-3.0,0.386,False
SOLUSDT-4h,prevBear,MKT,1.5,mid,373,-8.88,-1.88,-26.9,23.0,0.386,False
SOLUSDT-4h,smaBelow,MKT,1.5,mid,381,-26.17,-19.17,-42.0,4.0,0.352,False
SOLUSDT-4h,C3_w8q,MKT,1.5,mid,300,-33.86,-26.86,-44.6,-9.9,0.337,False
SOLUSDT-4h,C6_w9dip,MKT,1.5,mid,195,-12.14,-5.14,-34.9,23.7,0.318,False
SOLUSDT-4h,CQ7_w78q,MKT,1.5,mid,137,-64.38,-57.38,-84.6,-31.0,0.365,False
SOLUSDT-4h,ALL,MKT,1.5,NOSL,839,50.38,57.38,23.4,90.2,0.89,True
SOLUSDT-4h,quiet,MKT,1.5,NOSL,335,49.76,56.76,13.9,92.6,0.937,True
SOLUSDT-4h,uwd78,MKT,1.5,NOSL,334,5.08,12.08,-43.2,70.3,0.883,False
SOLUSDT-4h,uwd79,MKT,1.5,NOSL,586,21.89,28.89,-12.5,68.6,0.887,False
SOLUSDT-4h,prevBear,MKT,1.5,NOSL,373,66.89,73.89,24.0,119.6,0.909,True
SOLUSDT-4h,smaBelow,MKT,1.5,NOSL,381,34.07,41.07,-11.0,92.7,0.908,False
SOLUSDT-4h,C3_w8q,MKT,1.5,NOSL,300,53.28,60.28,14.4,98.8,0.937,True
SOLUSDT-4h,C6_w9dip,MKT,1.5,NOSL,195,99.19,106.19,50.3,157.3,0.918,True
SOLUSDT-4h,CQ7_w78q,MKT,1.5,NOSL,137,-0.54,6.46,-71.0,71.0,0.905,False
SOLUSDT-4h,ALL,PB,1.0,low,749,-9.17,-2.17,-10.6,7.0,0.21,False
SOLUSDT-4h,quiet,PB,1.0,low,307,-22.05,-15.05,-23.4,-6.1,0.169,False
SOLUSDT-4h,uwd78,PB,1.0,low,290,-10.94,-3.94,-18.4,11.3,0.259,False
SOLUSDT-4h,uwd79,PB,1.0,low,519,-12.8,-5.8,-15.9,4.6,0.222,False
SOLUSDT-4h,prevBear,PB,1.0,low,326,-4.82,2.18,-10.7,16.2,0.221,False
SOLUSDT-4h,smaBelow,PB,1.0,low,344,-14.75,-7.75,-19.3,4.7,0.201,False
SOLUSDT-4h,C3_w8q,PB,1.0,low,278,-22.05,-15.05,-23.6,-6.1,0.162,False
SOLUSDT-4h,C6_w9dip,PB,1.0,low,176,-10.44,-3.44,-16.4,10.8,0.182,False
SOLUSDT-4h,CQ7_w78q,PB,1.0,low,122,-21.67,-14.67,-31.7,2.5,0.221,False
SOLUSDT-4h,ALL,PB,1.0,mid,749,-17.23,-10.23,-15.4,-4.3,0.097,False
SOLUSDT-4h,quiet,PB,1.0,mid,307,-20.36,-13.36,-18.4,-7.8,0.085,False
SOLUSDT-4h,uwd78,PB,1.0,mid,290,-18.35,-11.35,-20.6,-1.6,0.124,False
SOLUSDT-4h,uwd79,PB,1.0,mid,519,-17.87,-10.87,-17.5,-3.6,0.104,False
SOLUSDT-4h,prevBear,PB,1.0,mid,326,-14.09,-7.09,-16.0,3.0,0.104,False
SOLUSDT-4h,smaBelow,PB,1.0,mid,344,-18.84,-11.84,-19.3,-3.1,0.096,False
SOLUSDT-4h,C3_w8q,PB,1.0,mid,278,-20.5,-13.5,-18.7,-7.9,0.076,False
SOLUSDT-4h,C6_w9dip,PB,1.0,mid,176,-16.57,-9.57,-17.9,-0.5,0.085,False
SOLUSDT-4h,CQ7_w78q,PB,1.0,mid,122,-27.37,-20.37,-28.0,-11.5,0.082,False
SOLUSDT-4h,ALL,PB,1.0,NOSL,749,67.86,74.86,38.4,109.9,0.916,True
SOLUSDT-4h,quiet,PB,1.0,NOSL,307,40.53,47.53,-11.7,95.0,0.945,False
SOLUSDT-4h,uwd78,PB,1.0,NOSL,290,59.95,66.95,9.6,119.0,0.917,True
SOLUSDT-4h,uwd79,PB,1.0,NOSL,519,59.22,66.22,24.0,104.4,0.911,True
SOLUSDT-4h,prevBear,PB,1.0,NOSL,326,83.73,90.73,48.5,130.2,0.929,True
SOLUSDT-4h,smaBelow,PB,1.0,NOSL,344,49.99,56.99,9.4,103.4,0.927,True
SOLUSDT-4h,C3_w8q,PB,1.0,NOSL,278,38.85,45.85,-20.4,96.7,0.946,False
SOLUSDT-4h,C6_w9dip,PB,1.0,NOSL,176,96.81,103.81,57.6,144.7,0.938,True
SOLUSDT-4h,CQ7_w78q,PB,1.0,NOSL,122,34.43,41.43,-37.5,107.5,0.926,False
SOLUSDT-4h,ALL,PB,1.5,low,749,-11.7,-4.7,-14.0,6.5,0.168,False
SOLUSDT-4h,quiet,PB,1.5,low,307,-20.91,-13.91,-23.8,-2.9,0.137,False
SOLUSDT-4h,uwd78,PB,1.5,low,290,-14.84,-7.84,-23.1,8.1,0.221,False
SOLUSDT-4h,uwd79,PB,1.5,low,519,-16.07,-9.07,-19.9,2.9,0.181,False
SOLUSDT-4h,prevBear,PB,1.5,low,326,-10.88,-3.88,-18.6,11.7,0.175,False
SOLUSDT-4h,smaBelow,PB,1.5,low,344,-20.66,-13.66,-25.8,-0.4,0.154,False
SOLUSDT-4h,C3_w8q,PB,1.5,low,278,-21.82,-14.82,-25.2,-4.2,0.126,False
SOLUSDT-4h,C6_w9dip,PB,1.5,low,176,-11.96,-4.96,-20.5,12.5,0.136,False
SOLUSDT-4h,CQ7_w78q,PB,1.5,low,122,-17.22,-10.22,-30.0,10.1,0.197,False
SOLUSDT-4h,ALL,PB,1.5,mid,749,-18.59,-11.59,-16.9,-5.6,0.077,False
SOLUSDT-4h,quiet,PB,1.5,mid,307,-21.2,-14.2,-20.1,-7.7,0.062,False
SOLUSDT-4h,uwd78,PB,1.5,mid,290,-20.05,-13.05,-21.9,-3.4,0.107,False
SOLUSDT-4h,uwd79,PB,1.5,mid,519,-20.47,-13.47,-19.9,-6.5,0.083,False
SOLUSDT-4h,prevBear,PB,1.5,mid,326,-18.16,-11.16,-19.9,-1.5,0.08,False
SOLUSDT-4h,smaBelow,PB,1.5,mid,344,-22.23,-15.23,-22.5,-7.4,0.07,False
SOLUSDT-4h,C3_w8q,PB,1.5,mid,278,-22.01,-15.01,-20.8,-8.6,0.05,False
SOLUSDT-4h,C6_w9dip,PB,1.5,mid,176,-16.83,-9.83,-19.5,2.0,0.057,False
SOLUSDT-4h,CQ7_w78q,PB,1.5,mid,122,-26.01,-19.01,-27.9,-8.9,0.074,False
SOLUSDT-4h,ALL,PB,1.5,NOSL,749,91.96,98.96,58.4,139.1,0.888,True
SOLUSDT-4h,quiet,PB,1.5,NOSL,307,71.79,78.79,16.8,129.2,0.935,True
SOLUSDT-4h,uwd78,PB,1.5,NOSL,290,64.29,71.29,3.4,134.5,0.886,True
SOLUSDT-4h,uwd79,PB,1.5,NOSL,519,76.47,83.47,34.7,127.7,0.886,True
SOLUSDT-4h,prevBear,PB,1.5,NOSL,326,107.35,114.35,61.9,159.9,0.905,True
SOLUSDT-4h,smaBelow,PB,1.5,NOSL,344,70.26,77.26,20.8,131.1,0.907,True
SOLUSDT-4h,C3_w8q,PB,1.5,NOSL,278,74.38,81.38,15.2,134.3,0.939,True
SOLUSDT-4h,C6_w9dip,PB,1.5,NOSL,176,136.92,143.92,84.9,195.4,0.92,True
SOLUSDT-4h,CQ7_w78q,PB,1.5,NOSL,122,42.14,49.14,-42.3,126.7,0.902,False
ICPUSDT-5m,ALL,MKT,1.0,low,37196,-17.38,-10.38,-10.7,-10.1,0.453,False
ICPUSDT-5m,quiet,MKT,1.0,low,13969,-17.62,-10.62,-11.0,-10.2,0.435,False
ICPUSDT-5m,uwd78,MKT,1.0,low,14902,-18.75,-11.75,-12.3,-11.3,0.519,False
ICPUSDT-5m,uwd79,MKT,1.0,low,26095,-18.19,-11.19,-11.6,-10.8,0.486,False
ICPUSDT-5m,prevBear,MKT,1.0,low,17875,-17.2,-10.2,-10.7,-9.8,0.458,False
ICPUSDT-5m,smaBelow,MKT,1.0,low,16589,-16.87,-9.87,-10.3,-9.4,0.465,False
ICPUSDT-5m,C3_w8q,MKT,1.0,low,12596,-17.42,-10.42,-10.8,-10.0,0.425,False
ICPUSDT-5m,C6_w9dip,MKT,1.0,low,9390,-15.96,-8.96,-9.6,-8.4,0.424,False
ICPUSDT-5m,CQ7_w78q,MKT,1.0,low,5488,-18.81,-11.81,-12.4,-11.2,0.491,False
ICPUSDT-5m,ALL,MKT,1.0,mid,37196,-17.31,-10.31,-10.6,-10.0,0.432,False
ICPUSDT-5m,quiet,MKT,1.0,mid,13969,-17.57,-10.57,-11.0,-10.2,0.414,False
ICPUSDT-5m,uwd78,MKT,1.0,mid,14902,-18.7,-11.7,-12.2,-11.2,0.49,False
ICPUSDT-5m,uwd79,MKT,1.0,mid,26095,-18.11,-11.11,-11.5,-10.8,0.461,False
ICPUSDT-5m,prevBear,MKT,1.0,mid,17875,-17.14,-10.14,-10.6,-9.7,0.437,False
ICPUSDT-5m,smaBelow,MKT,1.0,mid,16589,-16.91,-9.91,-10.3,-9.5,0.441,False
ICPUSDT-5m,C3_w8q,MKT,1.0,mid,12596,-17.36,-10.36,-10.8,-9.9,0.406,False
ICPUSDT-5m,C6_w9dip,MKT,1.0,mid,9390,-15.96,-8.96,-9.5,-8.4,0.407,False
ICPUSDT-5m,CQ7_w78q,MKT,1.0,mid,5488,-18.78,-11.78,-12.4,-11.2,0.462,False
ICPUSDT-5m,ALL,MKT,1.0,NOSL,37196,-14.14,-7.14,-8.0,-6.3,0.902,False
ICPUSDT-5m,quiet,MKT,1.0,NOSL,13969,-14.56,-7.56,-8.8,-6.4,0.918,False
ICPUSDT-5m,uwd78,MKT,1.0,NOSL,14902,-15.91,-8.91,-10.2,-7.7,0.914,False
ICPUSDT-5m,uwd79,MKT,1.0,NOSL,26095,-15.04,-8.04,-9.0,-7.1,0.909,False
ICPUSDT-5m,prevBear,MKT,1.0,NOSL,17875,-14.27,-7.27,-8.5,-6.0,0.908,False
ICPUSDT-5m,smaBelow,MKT,1.0,NOSL,16589,-11.94,-4.94,-6.2,-3.7,0.916,False
ICPUSDT-5m,C3_w8q,MKT,1.0,NOSL,12596,-14.28,-7.28,-8.6,-6.0,0.917,False
ICPUSDT-5m,C6_w9dip,MKT,1.0,NOSL,9390,-10.64,-3.64,-5.4,-2.0,0.907,False
ICPUSDT-5m,CQ7_w78q,MKT,1.0,NOSL,5488,-15.99,-8.99,-10.8,-7.1,0.928,False
ICPUSDT-5m,ALL,MKT,1.5,low,37196,-15.69,-8.69,-9.1,-8.3,0.412,False
ICPUSDT-5m,quiet,MKT,1.5,low,13969,-15.91,-8.91,-9.4,-8.4,0.406,False
ICPUSDT-5m,uwd78,MKT,1.5,low,14902,-17.09,-10.09,-10.7,-9.5,0.485,False
ICPUSDT-5m,uwd79,MKT,1.5,low,26095,-16.62,-9.62,-10.0,-9.2,0.447,False
ICPUSDT-5m,prevBear,MKT,1.5,low,17875,-15.33,-8.33,-8.9,-7.8,0.419,False
ICPUSDT-5m,smaBelow,MKT,1.5,low,16589,-14.93,-7.93,-8.5,-7.4,0.426,False
ICPUSDT-5m,C3_w8q,MKT,1.5,low,12596,-15.7,-8.7,-9.2,-8.2,0.396,False
ICPUSDT-5m,C6_w9dip,MKT,1.5,low,9390,-13.93,-6.93,-7.6,-6.2,0.381,False
ICPUSDT-5m,CQ7_w78q,MKT,1.5,low,5488,-17.09,-10.09,-10.8,-9.4,0.471,False
ICPUSDT-5m,ALL,MKT,1.5,mid,37196,-15.59,-8.59,-8.9,-8.3,0.394,False
ICPUSDT-5m,quiet,MKT,1.5,mid,13969,-15.85,-8.85,-9.3,-8.4,0.388,False
ICPUSDT-5m,uwd78,MKT,1.5,mid,14902,-16.99,-9.99,-10.6,-9.4,0.458,False
ICPUSDT-5m,uwd79,MKT,1.5,mid,26095,-16.51,-9.51,-9.9,-9.1,0.425,False
ICPUSDT-5m,prevBear,MKT,1.5,mid,17875,-15.22,-8.22,-8.7,-7.7,0.401,False
ICPUSDT-5m,smaBelow,MKT,1.5,mid,16589,-14.92,-7.92,-8.4,-7.4,0.406,False
ICPUSDT-5m,C3_w8q,MKT,1.5,mid,12596,-15.63,-8.63,-9.1,-8.2,0.379,False
ICPUSDT-5m,C6_w9dip,MKT,1.5,mid,9390,-13.9,-6.9,-7.6,-6.2,0.366,False
ICPUSDT-5m,CQ7_w78q,MKT,1.5,mid,5488,-17.08,-10.08,-10.8,-9.4,0.445,False
ICPUSDT-5m,ALL,MKT,1.5,NOSL,37196,-13.19,-6.19,-7.2,-5.2,0.865,False
ICPUSDT-5m,quiet,MKT,1.5,NOSL,13969,-13.92,-6.92,-8.4,-5.5,0.888,False
ICPUSDT-5m,uwd78,MKT,1.5,NOSL,14902,-14.84,-7.84,-9.3,-6.5,0.887,False
ICPUSDT-5m,uwd79,MKT,1.5,NOSL,26095,-14.43,-7.43,-8.5,-6.4,0.876,False
ICPUSDT-5m,prevBear,MKT,1.5,NOSL,17875,-12.99,-5.99,-7.4,-4.6,0.874,False
ICPUSDT-5m,smaBelow,MKT,1.5,NOSL,16589,-10.59,-3.59,-5.0,-2.2,0.883,False
ICPUSDT-5m,C3_w8q,MKT,1.5,NOSL,12596,-13.65,-6.65,-8.2,-5.2,0.886,False
ICPUSDT-5m,C6_w9dip,MKT,1.5,NOSL,9390,-9.17,-2.17,-4.1,-0.2,0.868,False
ICPUSDT-5m,CQ7_w78q,MKT,1.5,NOSL,5488,-15.25,-8.25,-10.4,-6.2,0.908,False
ICPUSDT-5m,ALL,PB,1.0,low,31395,-12.35,-5.35,-5.5,-5.2,0.115,False
ICPUSDT-5m,quiet,PB,1.0,low,12077,-12.32,-5.32,-5.5,-5.1,0.101,False
ICPUSDT-5m,uwd78,PB,1.0,low,12140,-12.53,-5.53,-5.9,-5.2,0.161,False
ICPUSDT-5m,uwd79,PB,1.0,low,21479,-12.49,-5.49,-5.7,-5.3,0.139,False
ICPUSDT-5m,prevBear,PB,1.0,low,15046,-12.26,-5.26,-5.5,-5.0,0.117,False
ICPUSDT-5m,smaBelow,PB,1.0,low,13938,-12.23,-5.23,-5.5,-5.0,0.126,False
ICPUSDT-5m,C3_w8q,PB,1.0,low,10928,-12.32,-5.32,-5.5,-5.1,0.094,False
ICPUSDT-5m,C6_w9dip,PB,1.0,low,8058,-12.08,-5.08,-5.4,-4.8,0.095,False
ICPUSDT-5m,CQ7_w78q,PB,1.0,low,4637,-12.63,-5.63,-6.0,-5.3,0.144,False
ICPUSDT-5m,ALL,PB,1.0,mid,31395,-12.0,-5.0,-5.1,-4.9,0.059,False
ICPUSDT-5m,quiet,PB,1.0,mid,12077,-11.99,-4.99,-5.1,-4.9,0.05,False
ICPUSDT-5m,uwd78,PB,1.0,mid,12140,-12.29,-5.29,-5.5,-5.1,0.083,False
ICPUSDT-5m,uwd79,PB,1.0,mid,21479,-12.14,-5.14,-5.3,-5.0,0.072,False
ICPUSDT-5m,prevBear,PB,1.0,mid,15046,-12.0,-5.0,-5.2,-4.8,0.059,False
ICPUSDT-5m,smaBelow,PB,1.0,mid,13938,-12.0,-5.0,-5.2,-4.8,0.065,False
ICPUSDT-5m,C3_w8q,PB,1.0,mid,10928,-11.94,-4.94,-5.1,-4.8,0.046,False
ICPUSDT-5m,C6_w9dip,PB,1.0,mid,8058,-11.84,-4.84,-5.0,-4.7,0.047,False
ICPUSDT-5m,CQ7_w78q,PB,1.0,mid,4637,-12.31,-5.31,-5.5,-5.1,0.072,False
ICPUSDT-5m,ALL,PB,1.0,NOSL,31395,-7.55,-0.55,-1.6,0.5,0.878,False
ICPUSDT-5m,quiet,PB,1.0,NOSL,12077,-8.22,-1.22,-2.7,0.2,0.904,False
ICPUSDT-5m,uwd78,PB,1.0,NOSL,12140,-6.58,0.42,-1.3,2.0,0.886,False
ICPUSDT-5m,uwd79,PB,1.0,NOSL,21479,-6.67,0.33,-0.9,1.6,0.883,False
ICPUSDT-5m,prevBear,PB,1.0,NOSL,15046,-7.41,-0.41,-1.9,1.1,0.886,False
ICPUSDT-5m,smaBelow,PB,1.0,NOSL,13938,-5.59,1.41,-0.0,2.9,0.896,False
ICPUSDT-5m,C3_w8q,PB,1.0,NOSL,10928,-8.25,-1.25,-2.8,0.2,0.903,False
ICPUSDT-5m,C6_w9dip,PB,1.0,NOSL,8058,-6.59,0.41,-1.6,2.4,0.885,False
ICPUSDT-5m,CQ7_w78q,PB,1.0,NOSL,4637,-6.85,0.15,-2.0,2.3,0.916,False
ICPUSDT-5m,ALL,PB,1.5,low,31395,-12.33,-5.33,-5.5,-5.1,0.096,False
ICPUSDT-5m,quiet,PB,1.5,low,12077,-12.27,-5.27,-5.5,-5.0,0.085,False
ICPUSDT-5m,uwd78,PB,1.5,low,12140,-12.55,-5.55,-5.9,-5.2,0.138,False
ICPUSDT-5m,uwd79,PB,1.5,low,21479,-12.5,-5.5,-5.7,-5.2,0.118,False
ICPUSDT-5m,prevBear,PB,1.5,low,15046,-12.26,-5.26,-5.5,-5.0,0.097,False
ICPUSDT-5m,smaBelow,PB,1.5,low,13938,-12.21,-5.21,-5.5,-4.9,0.106,False
ICPUSDT-5m,C3_w8q,PB,1.5,low,10928,-12.22,-5.22,-5.4,-5.0,0.08,False
ICPUSDT-5m,C6_w9dip,PB,1.5,low,8058,-12.0,-5.0,-5.4,-4.6,0.077,False
ICPUSDT-5m,CQ7_w78q,PB,1.5,low,4637,-12.54,-5.54,-5.9,-5.1,0.126,False
ICPUSDT-5m,ALL,PB,1.5,mid,31395,-11.92,-4.92,-5.0,-4.8,0.049,False
ICPUSDT-5m,quiet,PB,1.5,mid,12077,-11.87,-4.87,-5.0,-4.7,0.042,False
ICPUSDT-5m,uwd78,PB,1.5,mid,12140,-12.2,-5.2,-5.4,-4.9,0.071,False
ICPUSDT-5m,uwd79,PB,1.5,mid,21479,-12.08,-5.08,-5.2,-4.9,0.061,False
ICPUSDT-5m,prevBear,PB,1.5,mid,15046,-11.93,-4.93,-5.1,-4.7,0.049,False
ICPUSDT-5m,smaBelow,PB,1.5,mid,13938,-11.91,-4.91,-5.1,-4.7,0.054,False
ICPUSDT-5m,C3_w8q,PB,1.5,mid,10928,-11.8,-4.8,-5.0,-4.6,0.04,False
ICPUSDT-5m,C6_w9dip,PB,1.5,mid,8058,-11.73,-4.73,-5.0,-4.5,0.038,False
ICPUSDT-5m,CQ7_w78q,PB,1.5,mid,4637,-12.21,-5.21,-5.5,-4.9,0.062,False
ICPUSDT-5m,ALL,PB,1.5,NOSL,31395,-10.02,-3.02,-4.2,-1.8,0.829,False
ICPUSDT-5m,quiet,PB,1.5,NOSL,12077,-10.35,-3.35,-5.0,-1.6,0.861,False
ICPUSDT-5m,uwd78,PB,1.5,NOSL,12140,-9.38,-2.38,-4.2,-0.4,0.846,False
ICPUSDT-5m,uwd79,PB,1.5,NOSL,21479,-9.98,-2.98,-4.4,-1.5,0.836,False
ICPUSDT-5m,prevBear,PB,1.5,NOSL,15046,-9.7,-2.7,-4.4,-0.9,0.839,False
ICPUSDT-5m,smaBelow,PB,1.5,NOSL,13938,-7.54,-0.54,-2.3,1.1,0.849,False
ICPUSDT-5m,C3_w8q,PB,1.5,NOSL,10928,-10.23,-3.23,-5.0,-1.5,0.859,False
ICPUSDT-5m,C6_w9dip,PB,1.5,NOSL,8058,-7.58,-0.58,-3.0,1.7,0.837,False
ICPUSDT-5m,CQ7_w78q,PB,1.5,NOSL,4637,-9.6,-2.6,-5.3,-0.1,0.879,False
ICPUSDT-15m,ALL,MKT,1.0,low,12953,-21.4,-14.4,-15.4,-13.5,0.444,False
ICPUSDT-15m,quiet,MKT,1.0,low,5029,-21.95,-14.95,-16.1,-13.8,0.423,False
ICPUSDT-15m,uwd78,MKT,1.0,low,5209,-23.93,-16.93,-18.4,-15.6,0.503,False
ICPUSDT-15m,uwd79,MKT,1.0,low,9100,-23.0,-16.0,-17.1,-14.8,0.474,False
ICPUSDT-15m,prevBear,MKT,1.0,low,6398,-20.42,-13.42,-14.7,-12.2,0.459,False
ICPUSDT-15m,smaBelow,MKT,1.0,low,5795,-20.37,-13.37,-14.7,-12.1,0.458,False
ICPUSDT-15m,C3_w8q,MKT,1.0,low,4470,-21.73,-14.73,-16.0,-13.5,0.414,False
ICPUSDT-15m,C6_w9dip,MKT,1.0,low,3100,-19.54,-12.54,-14.4,-10.8,0.415,False
ICPUSDT-15m,CQ7_w78q,MKT,1.0,low,2002,-24.98,-17.98,-19.8,-16.1,0.466,False
ICPUSDT-15m,ALL,MKT,1.0,mid,12953,-21.34,-14.34,-15.2,-13.5,0.416,False
ICPUSDT-15m,quiet,MKT,1.0,mid,5029,-21.87,-14.87,-16.0,-13.7,0.396,False
ICPUSDT-15m,uwd78,MKT,1.0,mid,5209,-23.81,-16.81,-18.2,-15.5,0.467,False
ICPUSDT-15m,uwd79,MKT,1.0,mid,9100,-22.98,-15.98,-17.1,-14.9,0.441,False
ICPUSDT-15m,prevBear,MKT,1.0,mid,6398,-20.65,-13.65,-14.9,-12.4,0.43,False
ICPUSDT-15m,smaBelow,MKT,1.0,mid,5795,-20.7,-13.7,-14.9,-12.4,0.425,False
ICPUSDT-15m,C3_w8q,MKT,1.0,mid,4470,-21.64,-14.64,-15.8,-13.5,0.387,False
ICPUSDT-15m,C6_w9dip,MKT,1.0,mid,3100,-19.8,-12.8,-14.6,-11.1,0.39,False
ICPUSDT-15m,CQ7_w78q,MKT,1.0,mid,2002,-24.64,-17.64,-19.4,-15.9,0.43,False
ICPUSDT-15m,ALL,MKT,1.0,NOSL,12953,-14.95,-7.95,-10.2,-5.7,0.901,False
ICPUSDT-15m,quiet,MKT,1.0,NOSL,5029,-16.13,-9.13,-12.5,-5.8,0.916,False
ICPUSDT-15m,uwd78,MKT,1.0,NOSL,5209,-17.58,-10.58,-14.2,-7.0,0.911,False
ICPUSDT-15m,uwd79,MKT,1.0,NOSL,9100,-16.55,-9.55,-12.3,-6.9,0.908,False
ICPUSDT-15m,prevBear,MKT,1.0,NOSL,6398,-13.33,-6.33,-9.7,-3.0,0.909,False
ICPUSDT-15m,smaBelow,MKT,1.0,NOSL,5795,-8.92,-1.92,-4.6,1.1,0.917,False
ICPUSDT-15m,C3_w8q,MKT,1.0,NOSL,4470,-17.07,-10.07,-13.6,-6.4,0.912,False
ICPUSDT-15m,C6_w9dip,MKT,1.0,NOSL,3100,-7.02,-0.02,-4.5,4.2,0.914,False
ICPUSDT-15m,CQ7_w78q,MKT,1.0,NOSL,2002,-15.37,-8.37,-12.8,-4.1,0.926,False
ICPUSDT-15m,ALL,MKT,1.5,low,12953,-18.61,-11.61,-12.7,-10.6,0.399,False
ICPUSDT-15m,quiet,MKT,1.5,low,5029,-19.14,-12.14,-13.4,-10.8,0.389,False
ICPUSDT-15m,uwd78,MKT,1.5,low,5209,-21.05,-14.05,-15.7,-12.5,0.464,False
ICPUSDT-15m,uwd79,MKT,1.5,low,9100,-20.16,-13.16,-14.5,-11.9,0.432,False
ICPUSDT-15m,prevBear,MKT,1.5,low,6398,-17.74,-10.74,-12.2,-9.3,0.413,False
ICPUSDT-15m,smaBelow,MKT,1.5,low,5795,-17.58,-10.58,-12.1,-9.1,0.413,False
ICPUSDT-15m,C3_w8q,MKT,1.5,low,4470,-18.86,-11.86,-13.3,-10.5,0.379,False
ICPUSDT-15m,C6_w9dip,MKT,1.5,low,3100,-16.26,-9.26,-11.4,-7.2,0.37,False
ICPUSDT-15m,CQ7_w78q,MKT,1.5,low,2002,-22.48,-15.48,-17.5,-13.5,0.436,False
ICPUSDT-15m,ALL,MKT,1.5,mid,12953,-18.39,-11.39,-12.4,-10.4,0.376,False
ICPUSDT-15m,quiet,MKT,1.5,mid,5029,-19.02,-12.02,-13.2,-10.7,0.365,False
ICPUSDT-15m,uwd78,MKT,1.5,mid,5209,-20.87,-13.87,-15.4,-12.4,0.432,False
ICPUSDT-15m,uwd79,MKT,1.5,mid,9100,-20.0,-13.0,-14.3,-11.8,0.404,False
ICPUSDT-15m,prevBear,MKT,1.5,mid,6398,-17.69,-10.69,-12.1,-9.3,0.389,False
ICPUSDT-15m,smaBelow,MKT,1.5,mid,5795,-17.74,-10.74,-12.2,-9.3,0.385,False
ICPUSDT-15m,C3_w8q,MKT,1.5,mid,4470,-18.72,-11.72,-13.1,-10.4,0.357,False
ICPUSDT-15m,C6_w9dip,MKT,1.5,mid,3100,-16.39,-9.39,-11.4,-7.4,0.348,False
ICPUSDT-15m,CQ7_w78q,MKT,1.5,mid,2002,-22.11,-15.11,-17.1,-13.2,0.405,False
ICPUSDT-15m,ALL,MKT,1.5,NOSL,12953,-12.79,-5.79,-8.5,-3.1,0.864,False
ICPUSDT-15m,quiet,MKT,1.5,NOSL,5029,-14.57,-7.57,-11.4,-3.9,0.884,False
ICPUSDT-15m,uwd78,MKT,1.5,NOSL,5209,-15.2,-8.2,-12.2,-4.3,0.881,False
ICPUSDT-15m,uwd79,MKT,1.5,NOSL,9100,-14.89,-7.89,-11.2,-4.8,0.875,False
ICPUSDT-15m,prevBear,MKT,1.5,NOSL,6398,-10.42,-3.42,-7.2,0.5,0.873,False
ICPUSDT-15m,smaBelow,MKT,1.5,NOSL,5795,-5.53,1.47,-1.7,4.8,0.881,False
ICPUSDT-15m,C3_w8q,MKT,1.5,NOSL,4470,-15.78,-8.78,-13.0,-4.5,0.879,False
ICPUSDT-15m,C6_w9dip,MKT,1.5,NOSL,3100,-3.05,3.95,-1.3,9.2,0.877,False
ICPUSDT-15m,CQ7_w78q,MKT,1.5,NOSL,2002,-12.97,-5.97,-11.3,-1.2,0.9,False
ICPUSDT-15m,ALL,PB,1.0,low,11229,-12.82,-5.82,-6.3,-5.3,0.141,False
ICPUSDT-15m,quiet,PB,1.0,low,4477,-13.0,-6.0,-6.6,-5.4,0.134,False
ICPUSDT-15m,uwd78,PB,1.0,low,4380,-12.46,-5.46,-6.3,-4.5,0.198,False
ICPUSDT-15m,uwd79,PB,1.0,low,7731,-12.75,-5.75,-6.4,-5.1,0.171,False
ICPUSDT-15m,prevBear,PB,1.0,low,5555,-12.01,-5.01,-5.7,-4.2,0.149,False
ICPUSDT-15m,smaBelow,PB,1.0,low,5046,-12.5,-5.5,-6.2,-4.8,0.157,False
ICPUSDT-15m,C3_w8q,PB,1.0,low,3999,-12.89,-5.89,-6.5,-5.3,0.131,False
ICPUSDT-15m,C6_w9dip,PB,1.0,low,2751,-12.96,-5.96,-6.8,-5.0,0.113,False
ICPUSDT-15m,CQ7_w78q,PB,1.0,low,1755,-13.19,-6.19,-7.2,-5.1,0.195,False
ICPUSDT-15m,ALL,PB,1.0,mid,11229,-12.82,-5.82,-6.1,-5.5,0.071,False
ICPUSDT-15m,quiet,PB,1.0,mid,4477,-12.78,-5.78,-6.1,-5.4,0.067,False
ICPUSDT-15m,uwd78,PB,1.0,mid,4380,-12.94,-5.94,-6.5,-5.3,0.102,False
ICPUSDT-15m,uwd79,PB,1.0,mid,7731,-12.89,-5.89,-6.3,-5.4,0.088,False
ICPUSDT-15m,prevBear,PB,1.0,mid,5555,-12.37,-5.37,-5.8,-4.8,0.076,False
ICPUSDT-15m,smaBelow,PB,1.0,mid,5046,-12.62,-5.62,-6.1,-5.1,0.08,False
ICPUSDT-15m,C3_w8q,PB,1.0,mid,3999,-12.74,-5.74,-6.1,-5.4,0.065,False
ICPUSDT-15m,C6_w9dip,PB,1.0,mid,2751,-12.59,-5.59,-6.2,-5.0,0.056,False
ICPUSDT-15m,CQ7_w78q,PB,1.0,mid,1755,-13.48,-6.48,-7.1,-5.8,0.092,False
ICPUSDT-15m,ALL,PB,1.0,NOSL,11229,-0.62,6.38,3.5,9.1,0.885,True
ICPUSDT-15m,quiet,PB,1.0,NOSL,4477,-3.18,3.82,0.1,7.2,0.909,True
ICPUSDT-15m,uwd78,PB,1.0,NOSL,4380,1.98,8.98,4.7,13.1,0.897,True
ICPUSDT-15m,uwd79,PB,1.0,NOSL,7731,0.88,7.88,4.6,11.0,0.892,True
ICPUSDT-15m,prevBear,PB,1.0,NOSL,5555,1.81,8.81,5.2,12.4,0.895,True
ICPUSDT-15m,smaBelow,PB,1.0,NOSL,5046,4.86,11.86,8.3,15.2,0.905,True
ICPUSDT-15m,C3_w8q,PB,1.0,NOSL,3999,-4.77,2.23,-1.6,6.2,0.906,False
ICPUSDT-15m,C6_w9dip,PB,1.0,NOSL,2751,4.26,11.26,5.9,16.3,0.904,True
ICPUSDT-15m,CQ7_w78q,PB,1.0,NOSL,1755,1.64,8.64,3.7,13.4,0.921,True
ICPUSDT-15m,ALL,PB,1.5,low,11229,-13.15,-6.15,-6.7,-5.6,0.116,False
ICPUSDT-15m,quiet,PB,1.5,low,4477,-13.08,-6.08,-6.7,-5.5,0.112,False
ICPUSDT-15m,uwd78,PB,1.5,low,4380,-12.8,-5.8,-6.8,-4.7,0.168,False
ICPUSDT-15m,uwd79,PB,1.5,low,7731,-13.01,-6.01,-6.8,-5.3,0.143,False
ICPUSDT-15m,prevBear,PB,1.5,low,5555,-12.64,-5.64,-6.4,-4.9,0.121,False
ICPUSDT-15m,smaBelow,PB,1.5,low,5046,-12.68,-5.68,-6.5,-4.8,0.13,False
ICPUSDT-15m,C3_w8q,PB,1.5,low,3999,-13.05,-6.05,-6.7,-5.4,0.107,False
ICPUSDT-15m,C6_w9dip,PB,1.5,low,2751,-13.17,-6.17,-7.1,-5.1,0.089,False
ICPUSDT-15m,CQ7_w78q,PB,1.5,low,1755,-13.53,-6.53,-7.7,-5.4,0.164,False
ICPUSDT-15m,ALL,PB,1.5,mid,11229,-12.84,-5.84,-6.2,-5.4,0.058,False
ICPUSDT-15m,quiet,PB,1.5,mid,4477,-12.56,-5.56,-6.0,-5.1,0.058,False
ICPUSDT-15m,uwd78,PB,1.5,mid,4380,-12.98,-5.98,-6.7,-5.3,0.086,False
ICPUSDT-15m,uwd79,PB,1.5,mid,7731,-12.95,-5.95,-6.4,-5.5,0.073,False
ICPUSDT-15m,prevBear,PB,1.5,mid,5555,-12.47,-5.47,-6.0,-4.9,0.063,False
ICPUSDT-15m,smaBelow,PB,1.5,mid,5046,-12.58,-5.58,-6.1,-5.0,0.067,False
ICPUSDT-15m,C3_w8q,PB,1.5,mid,3999,-12.56,-5.56,-6.0,-5.1,0.055,False
ICPUSDT-15m,C6_w9dip,PB,1.5,mid,2751,-12.6,-5.6,-6.2,-4.9,0.045,False
ICPUSDT-15m,CQ7_w78q,PB,1.5,mid,1755,-13.14,-6.14,-6.9,-5.4,0.083,False
ICPUSDT-15m,ALL,PB,1.5,NOSL,11229,-4.01,2.99,-0.4,6.1,0.836,False
ICPUSDT-15m,quiet,PB,1.5,NOSL,4477,-5.69,1.31,-3.1,5.4,0.867,False
ICPUSDT-15m,uwd78,PB,1.5,NOSL,4380,-1.41,5.59,0.6,10.0,0.855,True
ICPUSDT-15m,uwd79,PB,1.5,NOSL,7731,-3.78,3.22,-0.6,7.0,0.844,False
ICPUSDT-15m,prevBear,PB,1.5,NOSL,5555,-0.98,6.02,1.6,10.5,0.848,True
ICPUSDT-15m,smaBelow,PB,1.5,NOSL,5046,2.31,9.31,5.1,13.4,0.857,True
ICPUSDT-15m,C3_w8q,PB,1.5,NOSL,3999,-7.35,-0.35,-4.9,4.1,0.863,False
ICPUSDT-15m,C6_w9dip,PB,1.5,NOSL,2751,1.47,8.47,2.0,14.7,0.85,True
ICPUSDT-15m,CQ7_w78q,PB,1.5,NOSL,1755,0.2,7.2,1.1,12.6,0.885,True
ICPUSDT-30m,ALL,MKT,1.0,low,6512,-22.96,-15.96,-17.6,-14.3,0.431,False
ICPUSDT-30m,quiet,MKT,1.0,low,2668,-25.0,-18.0,-20.0,-16.0,0.412,False
ICPUSDT-30m,uwd78,MKT,1.0,low,2606,-26.01,-19.01,-21.6,-16.4,0.486,False
ICPUSDT-30m,uwd79,MKT,1.0,low,4569,-24.12,-17.12,-19.0,-15.2,0.465,False
ICPUSDT-30m,prevBear,MKT,1.0,low,3289,-21.35,-14.35,-16.5,-12.1,0.445,False
ICPUSDT-30m,smaBelow,MKT,1.0,low,3011,-21.62,-14.62,-16.8,-12.3,0.443,False
ICPUSDT-30m,C3_w8q,MKT,1.0,low,2392,-24.61,-17.61,-19.8,-15.5,0.404,False
ICPUSDT-30m,C6_w9dip,MKT,1.0,low,1589,-19.14,-12.14,-15.5,-8.8,0.411,False
ICPUSDT-30m,CQ7_w78q,MKT,1.0,low,1070,-26.16,-19.16,-22.2,-16.1,0.467,False
ICPUSDT-30m,ALL,MKT,1.0,mid,6512,-22.89,-15.89,-17.5,-14.3,0.397,False
ICPUSDT-30m,quiet,MKT,1.0,mid,2668,-24.68,-17.68,-19.6,-15.8,0.382,False
ICPUSDT-30m,uwd78,MKT,1.0,mid,2606,-25.73,-18.73,-21.2,-16.1,0.443,False
ICPUSDT-30m,uwd79,MKT,1.0,mid,4569,-24.21,-17.21,-19.1,-15.3,0.424,False
ICPUSDT-30m,prevBear,MKT,1.0,mid,3289,-21.32,-14.32,-16.4,-12.1,0.412,False
ICPUSDT-30m,smaBelow,MKT,1.0,mid,3011,-21.8,-14.8,-17.0,-12.7,0.404,False
ICPUSDT-30m,C3_w8q,MKT,1.0,mid,2392,-24.28,-17.28,-19.4,-15.2,0.377,False
ICPUSDT-30m,C6_w9dip,MKT,1.0,mid,1589,-19.76,-12.76,-15.9,-9.5,0.377,False
ICPUSDT-30m,CQ7_w78q,MKT,1.0,mid,1070,-25.9,-18.9,-21.8,-16.0,0.427,False
ICPUSDT-30m,ALL,MKT,1.0,NOSL,6512,-14.45,-7.45,-11.7,-3.1,0.899,False
ICPUSDT-30m,quiet,MKT,1.0,NOSL,2668,-11.74,-4.74,-10.7,1.1,0.93,False
ICPUSDT-30m,uwd78,MKT,1.0,NOSL,2606,-26.4,-19.4,-27.6,-11.7,0.903,False
ICPUSDT-30m,uwd79,MKT,1.0,NOSL,4569,-18.46,-11.46,-17.1,-5.9,0.905,False
ICPUSDT-30m,prevBear,MKT,1.0,NOSL,3289,-13.26,-6.26,-12.5,-0.5,0.908,False
ICPUSDT-30m,smaBelow,MKT,1.0,NOSL,3011,-9.78,-2.78,-9.0,3.2,0.912,False
ICPUSDT-30m,C3_w8q,MKT,1.0,NOSL,2392,-10.92,-3.92,-10.1,2.2,0.929,False
ICPUSDT-30m,C6_w9dip,MKT,1.0,NOSL,1589,-1.76,5.24,-2.9,12.8,0.907,False
ICPUSDT-30m,CQ7_w78q,MKT,1.0,NOSL,1070,-24.93,-17.93,-28.9,-7.8,0.925,False
ICPUSDT-30m,ALL,MKT,1.5,low,6512,-18.88,-11.88,-13.7,-10.0,0.389,False
ICPUSDT-30m,quiet,MKT,1.5,low,2668,-21.04,-14.04,-16.4,-11.8,0.379,False
ICPUSDT-30m,uwd78,MKT,1.5,low,2606,-22.1,-15.1,-18.2,-12.3,0.448,False
ICPUSDT-30m,uwd79,MKT,1.5,low,4569,-19.86,-12.86,-15.2,-10.6,0.427,False
ICPUSDT-30m,prevBear,MKT,1.5,low,3289,-16.66,-9.66,-12.3,-7.0,0.404,False
ICPUSDT-30m,smaBelow,MKT,1.5,low,3011,-17.46,-10.46,-13.1,-7.8,0.401,False
ICPUSDT-30m,C3_w8q,MKT,1.5,low,2392,-20.59,-13.59,-16.1,-11.0,0.372,False
ICPUSDT-30m,C6_w9dip,MKT,1.5,low,1589,-14.67,-7.67,-11.5,-3.8,0.367,False
ICPUSDT-30m,CQ7_w78q,MKT,1.5,low,1070,-22.91,-15.91,-19.4,-12.4,0.436,False
ICPUSDT-30m,ALL,MKT,1.5,mid,6512,-18.43,-11.43,-13.2,-9.6,0.36,False
ICPUSDT-30m,quiet,MKT,1.5,mid,2668,-20.84,-13.84,-16.0,-11.7,0.351,False
ICPUSDT-30m,uwd78,MKT,1.5,mid,2606,-21.85,-14.85,-17.6,-12.2,0.408,False
ICPUSDT-30m,uwd79,MKT,1.5,mid,4569,-19.56,-12.56,-14.8,-10.4,0.392,False
ICPUSDT-30m,prevBear,MKT,1.5,mid,3289,-16.52,-9.52,-12.0,-7.0,0.375,False
ICPUSDT-30m,smaBelow,MKT,1.5,mid,3011,-17.25,-10.25,-12.8,-7.8,0.369,False
ICPUSDT-30m,C3_w8q,MKT,1.5,mid,2392,-20.41,-13.41,-15.9,-11.0,0.346,False
ICPUSDT-30m,C6_w9dip,MKT,1.5,mid,1589,-14.79,-7.79,-11.4,-4.1,0.339,False
ICPUSDT-30m,CQ7_w78q,MKT,1.5,mid,1070,-22.84,-15.84,-19.2,-12.5,0.397,False
ICPUSDT-30m,ALL,MKT,1.5,NOSL,6512,-9.7,-2.7,-7.5,2.1,0.866,False
ICPUSDT-30m,quiet,MKT,1.5,NOSL,2668,-8.21,-1.21,-8.1,5.7,0.902,False
ICPUSDT-30m,uwd78,MKT,1.5,NOSL,2606,-23.08,-16.08,-24.7,-8.0,0.878,False
ICPUSDT-30m,uwd79,MKT,1.5,NOSL,4569,-13.3,-6.3,-12.7,-0.3,0.878,False
ICPUSDT-30m,prevBear,MKT,1.5,NOSL,3289,-7.94,-0.94,-7.7,6.2,0.874,False
ICPUSDT-30m,smaBelow,MKT,1.5,NOSL,3011,-3.18,3.82,-3.1,10.7,0.883,False
ICPUSDT-30m,C3_w8q,MKT,1.5,NOSL,2392,-7.54,-0.54,-7.8,6.7,0.9,False
ICPUSDT-30m,C6_w9dip,MKT,1.5,NOSL,1589,7.32,14.32,4.8,24.2,0.877,True
ICPUSDT-30m,CQ7_w78q,MKT,1.5,NOSL,1070,-21.18,-14.18,-26.0,-3.2,0.907,False
ICPUSDT-30m,ALL,PB,1.0,low,5813,-12.61,-5.61,-6.6,-4.6,0.176,False
ICPUSDT-30m,quiet,PB,1.0,low,2445,-12.51,-5.51,-6.7,-4.3,0.175,False
ICPUSDT-30m,uwd78,PB,1.0,low,2257,-12.66,-5.66,-7.5,-3.8,0.228,False
ICPUSDT-30m,uwd79,PB,1.0,low,4012,-12.52,-5.52,-6.8,-4.2,0.206,False
ICPUSDT-30m,prevBear,PB,1.0,low,2946,-11.55,-4.55,-6.0,-3.0,0.18,False
ICPUSDT-30m,smaBelow,PB,1.0,low,2714,-13.29,-6.29,-7.7,-4.9,0.181,False
ICPUSDT-30m,C3_w8q,PB,1.0,low,2197,-12.53,-5.53,-6.7,-4.3,0.168,False
ICPUSDT-30m,C6_w9dip,PB,1.0,low,1457,-12.23,-5.23,-7.2,-3.1,0.157,False
ICPUSDT-30m,CQ7_w78q,PB,1.0,low,955,-11.88,-4.88,-6.9,-2.8,0.232,False
ICPUSDT-30m,ALL,PB,1.0,mid,5813,-12.04,-5.04,-5.7,-4.3,0.095,False
ICPUSDT-30m,quiet,PB,1.0,mid,2445,-12.54,-5.54,-6.4,-4.7,0.087,False
ICPUSDT-30m,uwd78,PB,1.0,mid,2257,-12.33,-5.33,-6.7,-4.0,0.123,False
ICPUSDT-30m,uwd79,PB,1.0,mid,4012,-12.26,-5.26,-6.2,-4.3,0.112,False
ICPUSDT-30m,prevBear,PB,1.0,mid,2946,-11.72,-4.72,-5.7,-3.7,0.095,False
ICPUSDT-30m,smaBelow,PB,1.0,mid,2714,-12.53,-5.53,-6.6,-4.6,0.1,False
ICPUSDT-30m,C3_w8q,PB,1.0,mid,2197,-12.57,-5.57,-6.4,-4.7,0.083,False
ICPUSDT-30m,C6_w9dip,PB,1.0,mid,1457,-12.16,-5.16,-6.5,-3.6,0.084,False
ICPUSDT-30m,CQ7_w78q,PB,1.0,mid,955,-12.28,-5.28,-6.7,-3.7,0.116,False
ICPUSDT-30m,ALL,PB,1.0,NOSL,5813,3.43,10.43,5.4,15.3,0.888,True
ICPUSDT-30m,quiet,PB,1.0,NOSL,2445,4.72,11.72,4.7,17.9,0.927,True
ICPUSDT-30m,uwd78,PB,1.0,NOSL,2257,-2.38,4.62,-3.9,13.2,0.89,False
ICPUSDT-30m,uwd79,PB,1.0,NOSL,4012,3.37,10.37,4.1,16.6,0.895,True
ICPUSDT-30m,prevBear,PB,1.0,NOSL,2946,5.02,12.02,4.8,18.6,0.897,True
ICPUSDT-30m,smaBelow,PB,1.0,NOSL,2714,10.6,17.6,11.3,23.8,0.908,True
ICPUSDT-30m,C3_w8q,PB,1.0,NOSL,2197,5.2,12.2,5.2,18.8,0.926,True
ICPUSDT-30m,C6_w9dip,PB,1.0,NOSL,1457,13.42,20.42,11.7,28.9,0.903,True
ICPUSDT-30m,CQ7_w78q,PB,1.0,NOSL,955,-4.09,2.91,-9.4,14.3,0.921,False
ICPUSDT-30m,ALL,PB,1.5,low,5813,-12.67,-5.67,-6.8,-4.5,0.143,False
ICPUSDT-30m,quiet,PB,1.5,low,2445,-12.32,-5.32,-6.7,-3.9,0.144,False
ICPUSDT-30m,uwd78,PB,1.5,low,2257,-12.93,-5.93,-7.9,-3.8,0.189,False
ICPUSDT-30m,uwd79,PB,1.5,low,4012,-12.65,-5.65,-7.1,-4.1,0.17,False
ICPUSDT-30m,prevBear,PB,1.5,low,2946,-11.16,-4.16,-5.9,-2.5,0.15,False
ICPUSDT-30m,smaBelow,PB,1.5,low,2714,-13.24,-6.24,-7.8,-4.5,0.149,False
ICPUSDT-30m,C3_w8q,PB,1.5,low,2197,-12.41,-5.41,-6.8,-3.9,0.137,False
ICPUSDT-30m,C6_w9dip,PB,1.5,low,1457,-12.21,-5.21,-7.5,-2.7,0.128,False
ICPUSDT-30m,CQ7_w78q,PB,1.5,low,955,-11.58,-4.58,-6.8,-2.1,0.197,False
ICPUSDT-30m,ALL,PB,1.5,mid,5813,-11.72,-4.72,-5.6,-3.8,0.078,False
ICPUSDT-30m,quiet,PB,1.5,mid,2445,-12.33,-5.33,-6.3,-4.4,0.071,False
ICPUSDT-30m,uwd78,PB,1.5,mid,2257,-12.1,-5.1,-6.5,-3.6,0.103,False
ICPUSDT-30m,uwd79,PB,1.5,mid,4012,-11.88,-4.88,-5.9,-3.8,0.093,False
ICPUSDT-30m,prevBear,PB,1.5,mid,2946,-11.17,-4.17,-5.4,-2.9,0.08,False
ICPUSDT-30m,smaBelow,PB,1.5,mid,2714,-12.2,-5.2,-6.3,-4.0,0.084,False
ICPUSDT-30m,C3_w8q,PB,1.5,mid,2197,-12.49,-5.49,-6.5,-4.4,0.066,False
ICPUSDT-30m,C6_w9dip,PB,1.5,mid,1457,-11.94,-4.94,-6.6,-3.1,0.069,False
ICPUSDT-30m,CQ7_w78q,PB,1.5,mid,955,-11.81,-4.81,-6.4,-3.0,0.099,False
ICPUSDT-30m,ALL,PB,1.5,NOSL,5813,1.58,8.58,2.8,14.4,0.846,True
ICPUSDT-30m,quiet,PB,1.5,NOSL,2445,4.0,11.0,2.7,18.5,0.891,True
ICPUSDT-30m,uwd78,PB,1.5,NOSL,2257,-7.9,-0.9,-10.6,9.2,0.851,False
ICPUSDT-30m,uwd79,PB,1.5,NOSL,4012,0.22,7.22,0.0,14.3,0.855,False
ICPUSDT-30m,prevBear,PB,1.5,NOSL,2946,3.06,10.06,1.7,18.0,0.855,True
ICPUSDT-30m,smaBelow,PB,1.5,NOSL,2714,9.6,16.6,9.0,24.1,0.868,True
ICPUSDT-30m,C3_w8q,PB,1.5,NOSL,2197,4.36,11.36,3.3,18.9,0.889,True
ICPUSDT-30m,C6_w9dip,PB,1.5,NOSL,1457,16.45,23.45,12.5,33.9,0.865,True
ICPUSDT-30m,CQ7_w78q,PB,1.5,NOSL,955,-5.48,1.52,-12.2,14.4,0.892,False
ICPUSDT-1h,ALL,MKT,1.0,low,3260,-29.64,-22.64,-26.1,-19.1,0.427,False
ICPUSDT-1h,quiet,MKT,1.0,low,1253,-31.98,-24.98,-29.2,-20.7,0.393,False
ICPUSDT-1h,uwd78,MKT,1.0,low,1302,-37.31,-30.31,-35.7,-24.8,0.466,False
ICPUSDT-1h,uwd79,MKT,1.0,low,2281,-33.02,-26.02,-30.1,-21.7,0.452,False
ICPUSDT-1h,prevBear,MKT,1.0,low,1608,-27.69,-20.69,-25.2,-16.0,0.446,False
ICPUSDT-1h,smaBelow,MKT,1.0,low,1490,-28.47,-21.47,-26.0,-17.1,0.44,False
ICPUSDT-1h,C3_w8q,MKT,1.0,low,1130,-31.5,-24.5,-28.9,-20.1,0.388,False
ICPUSDT-1h,C6_w9dip,MKT,1.0,low,748,-25.05,-18.05,-25.0,-11.4,0.406,False
ICPUSDT-1h,CQ7_w78q,MKT,1.0,low,498,-34.14,-27.14,-34.0,-20.4,0.442,False
ICPUSDT-1h,ALL,MKT,1.0,mid,3260,-29.79,-22.79,-26.1,-19.4,0.388,False
ICPUSDT-1h,quiet,MKT,1.0,mid,1253,-32.7,-25.7,-29.7,-21.7,0.348,False
ICPUSDT-1h,uwd78,MKT,1.0,mid,1302,-36.58,-29.58,-34.7,-24.3,0.425,False
ICPUSDT-1h,uwd79,MKT,1.0,mid,2281,-32.96,-25.96,-30.0,-22.0,0.409,False
ICPUSDT-1h,prevBear,MKT,1.0,mid,1608,-27.73,-20.73,-25.1,-16.2,0.408,False
ICPUSDT-1h,smaBelow,MKT,1.0,mid,1490,-28.73,-21.73,-26.0,-17.5,0.399,False
ICPUSDT-1h,C3_w8q,MKT,1.0,mid,1130,-31.92,-24.92,-29.3,-20.7,0.344,False
ICPUSDT-1h,C6_w9dip,MKT,1.0,mid,748,-26.3,-19.3,-25.8,-12.9,0.364,False
ICPUSDT-1h,CQ7_w78q,MKT,1.0,mid,498,-35.21,-28.21,-34.6,-21.9,0.392,False
ICPUSDT-1h,ALL,MKT,1.0,NOSL,3260,-11.35,-4.35,-12.8,3.9,0.904,False
ICPUSDT-1h,quiet,MKT,1.0,NOSL,1253,-14.31,-7.31,-19.7,4.0,0.924,False
ICPUSDT-1h,uwd78,MKT,1.0,NOSL,1302,-20.27,-13.27,-26.9,-0.0,0.915,False
ICPUSDT-1h,uwd79,MKT,1.0,NOSL,2281,-15.94,-8.94,-19.4,0.8,0.91,False
ICPUSDT-1h,prevBear,MKT,1.0,NOSL,1608,-7.56,-0.56,-11.9,11.1,0.91,False
ICPUSDT-1h,smaBelow,MKT,1.0,NOSL,1490,-13.69,-6.69,-19.9,5.7,0.913,False
ICPUSDT-1h,C3_w8q,MKT,1.0,NOSL,1130,-13.69,-6.69,-19.5,6.1,0.925,False
ICPUSDT-1h,C6_w9dip,MKT,1.0,NOSL,748,4.03,11.03,-6.2,26.9,0.916,False
ICPUSDT-1h,CQ7_w78q,MKT,1.0,NOSL,498,-21.1,-14.1,-33.5,4.2,0.934,False
ICPUSDT-1h,ALL,MKT,1.5,low,3260,-24.74,-17.74,-21.8,-13.7,0.381,False
ICPUSDT-1h,quiet,MKT,1.5,low,1253,-26.13,-19.13,-23.9,-14.4,0.358,False
ICPUSDT-1h,uwd78,MKT,1.5,low,1302,-33.66,-26.66,-33.0,-20.5,0.426,False
ICPUSDT-1h,uwd79,MKT,1.5,low,2281,-29.21,-22.21,-27.1,-17.5,0.407,False
ICPUSDT-1h,prevBear,MKT,1.5,low,1608,-22.38,-15.38,-20.7,-10.0,0.397,False
ICPUSDT-1h,smaBelow,MKT,1.5,low,1490,-22.41,-15.41,-20.6,-10.2,0.398,False
ICPUSDT-1h,C3_w8q,MKT,1.5,low,1130,-25.66,-18.66,-23.7,-13.7,0.353,False
ICPUSDT-1h,C6_w9dip,MKT,1.5,low,748,-19.54,-12.54,-20.4,-4.4,0.361,False
ICPUSDT-1h,CQ7_w78q,MKT,1.5,low,498,-28.84,-21.84,-29.3,-14.6,0.412,False
ICPUSDT-1h,ALL,MKT,1.5,mid,3260,-24.63,-17.63,-21.6,-13.8,0.349,False
ICPUSDT-1h,quiet,MKT,1.5,mid,1253,-26.9,-19.9,-24.5,-15.3,0.322,False
ICPUSDT-1h,uwd78,MKT,1.5,mid,1302,-32.79,-25.79,-31.9,-19.9,0.39,False
ICPUSDT-1h,uwd79,MKT,1.5,mid,2281,-28.75,-21.75,-26.2,-17.2,0.373,False
ICPUSDT-1h,prevBear,MKT,1.5,mid,1608,-22.59,-15.59,-20.6,-10.5,0.363,False
ICPUSDT-1h,smaBelow,MKT,1.5,mid,1490,-22.41,-15.41,-20.3,-10.4,0.362,False
ICPUSDT-1h,C3_w8q,MKT,1.5,mid,1130,-26.08,-19.08,-23.9,-14.4,0.318,False
ICPUSDT-1h,C6_w9dip,MKT,1.5,mid,748,-20.72,-13.72,-21.1,-5.9,0.324,False
ICPUSDT-1h,CQ7_w78q,MKT,1.5,mid,498,-30.4,-23.4,-30.7,-16.4,0.365,False
ICPUSDT-1h,ALL,MKT,1.5,NOSL,3260,-6.55,0.45,-9.4,9.9,0.864,False
ICPUSDT-1h,quiet,MKT,1.5,NOSL,1253,-5.41,1.59,-12.4,14.3,0.9,False
ICPUSDT-1h,uwd78,MKT,1.5,NOSL,1302,-17.63,-10.63,-26.1,4.2,0.882,False
ICPUSDT-1h,uwd79,MKT,1.5,NOSL,2281,-12.01,-5.01,-16.4,6.3,0.874,False
ICPUSDT-1h,prevBear,MKT,1.5,NOSL,1608,-4.66,2.34,-11.7,16.1,0.872,False
ICPUSDT-1h,smaBelow,MKT,1.5,NOSL,1490,-8.17,-1.17,-16.4,13.5,0.879,False
ICPUSDT-1h,C3_w8q,MKT,1.5,NOSL,1130,-5.22,1.78,-12.6,16.1,0.899,False
ICPUSDT-1h,C6_w9dip,MKT,1.5,NOSL,748,8.37,15.37,-5.6,35.1,0.874,False
ICPUSDT-1h,CQ7_w78q,MKT,1.5,NOSL,498,-14.78,-7.78,-29.6,13.3,0.916,False
ICPUSDT-1h,ALL,PB,1.0,low,2943,-11.89,-4.89,-7.0,-2.8,0.191,False
ICPUSDT-1h,quiet,PB,1.0,low,1164,-13.78,-6.78,-9.0,-4.3,0.182,False
ICPUSDT-1h,uwd78,PB,1.0,low,1141,-12.59,-5.59,-9.1,-2.0,0.227,False
ICPUSDT-1h,uwd79,PB,1.0,low,2029,-12.29,-5.29,-7.7,-2.5,0.214,False
ICPUSDT-1h,prevBear,PB,1.0,low,1452,-11.75,-4.75,-7.8,-1.6,0.196,False
ICPUSDT-1h,smaBelow,PB,1.0,low,1359,-13.79,-6.79,-9.5,-4.0,0.196,False
ICPUSDT-1h,C3_w8q,PB,1.0,low,1053,-14.37,-7.37,-9.8,-4.8,0.177,False
ICPUSDT-1h,C6_w9dip,PB,1.0,low,691,-12.06,-5.06,-8.8,-1.0,0.164,False
ICPUSDT-1h,CQ7_w78q,PB,1.0,low,457,-12.34,-5.34,-9.5,-1.1,0.236,False
ICPUSDT-1h,ALL,PB,1.0,mid,2943,-12.2,-5.2,-6.6,-3.7,0.105,False
ICPUSDT-1h,quiet,PB,1.0,mid,1164,-13.53,-6.53,-8.1,-4.9,0.096,False
ICPUSDT-1h,uwd78,PB,1.0,mid,1141,-13.77,-6.77,-9.1,-4.1,0.122,False
ICPUSDT-1h,uwd79,PB,1.0,mid,2029,-12.51,-5.51,-7.3,-3.5,0.118,False
ICPUSDT-1h,prevBear,PB,1.0,mid,1452,-11.68,-4.68,-6.8,-2.4,0.11,False
ICPUSDT-1h,smaBelow,PB,1.0,mid,1359,-13.36,-6.36,-8.2,-4.4,0.107,False
ICPUSDT-1h,C3_w8q,PB,1.0,mid,1053,-13.54,-6.54,-8.1,-4.8,0.095,False
ICPUSDT-1h,C6_w9dip,PB,1.0,mid,691,-11.72,-4.72,-7.4,-1.7,0.094,False
ICPUSDT-1h,CQ7_w78q,PB,1.0,mid,457,-14.15,-7.15,-10.0,-4.2,0.12,False
ICPUSDT-1h,ALL,PB,1.0,NOSL,2943,15.86,22.86,13.1,32.3,0.895,True
ICPUSDT-1h,quiet,PB,1.0,NOSL,1164,8.95,15.95,2.6,28.7,0.926,True
ICPUSDT-1h,uwd78,PB,1.0,NOSL,1141,14.97,21.97,5.8,36.4,0.903,True
ICPUSDT-1h,uwd79,PB,1.0,NOSL,2029,15.22,22.22,11.0,33.8,0.898,True
ICPUSDT-1h,prevBear,PB,1.0,NOSL,1452,18.04,25.04,11.9,37.8,0.897,True
ICPUSDT-1h,smaBelow,PB,1.0,NOSL,1359,9.2,16.2,1.5,30.5,0.908,True
ICPUSDT-1h,C3_w8q,PB,1.0,NOSL,1053,7.86,14.86,0.6,28.0,0.925,True
ICPUSDT-1h,C6_w9dip,PB,1.0,NOSL,691,23.34,30.34,12.3,47.8,0.909,True
ICPUSDT-1h,CQ7_w78q,PB,1.0,NOSL,457,9.04,16.04,-8.0,36.0,0.939,False
ICPUSDT-1h,ALL,PB,1.5,low,2943,-11.77,-4.77,-7.2,-2.3,0.156,False
ICPUSDT-1h,quiet,PB,1.5,low,1164,-12.47,-5.47,-8.2,-2.4,0.155,False
ICPUSDT-1h,uwd78,PB,1.5,low,1141,-13.67,-6.67,-10.6,-2.4,0.189,False
ICPUSDT-1h,uwd79,PB,1.5,low,2029,-12.38,-5.38,-8.2,-2.2,0.179,False
ICPUSDT-1h,prevBear,PB,1.5,low,1452,-12.1,-5.1,-8.8,-1.6,0.16,False
ICPUSDT-1h,smaBelow,PB,1.5,low,1359,-12.87,-5.87,-9.0,-2.6,0.168,False
ICPUSDT-1h,C3_w8q,PB,1.5,low,1053,-12.79,-5.79,-8.5,-2.6,0.151,False
ICPUSDT-1h,C6_w9dip,PB,1.5,low,691,-9.98,-2.98,-7.7,2.4,0.139,False
ICPUSDT-1h,CQ7_w78q,PB,1.5,low,457,-10.91,-3.91,-8.8,1.2,0.208,False
ICPUSDT-1h,ALL,PB,1.5,mid,2943,-11.75,-4.75,-6.4,-3.1,0.086,False
ICPUSDT-1h,quiet,PB,1.5,mid,1164,-12.26,-5.26,-7.2,-3.2,0.086,False
ICPUSDT-1h,uwd78,PB,1.5,mid,1141,-13.96,-6.96,-9.6,-4.2,0.101,False
ICPUSDT-1h,uwd79,PB,1.5,mid,2029,-12.08,-5.08,-7.2,-2.8,0.098,False
ICPUSDT-1h,prevBear,PB,1.5,mid,1452,-11.4,-4.4,-6.9,-1.8,0.09,False
ICPUSDT-1h,smaBelow,PB,1.5,mid,1359,-12.07,-5.07,-7.2,-2.7,0.094,False
ICPUSDT-1h,C3_w8q,PB,1.5,mid,1053,-12.12,-5.12,-7.1,-3.0,0.085,False
ICPUSDT-1h,C6_w9dip,PB,1.5,mid,691,-10.08,-3.08,-6.4,0.9,0.082,False
ICPUSDT-1h,CQ7_w78q,PB,1.5,mid,457,-13.12,-6.12,-9.4,-2.5,0.107,False
ICPUSDT-1h,ALL,PB,1.5,NOSL,2943,15.41,22.41,10.9,33.4,0.851,True
ICPUSDT-1h,quiet,PB,1.5,NOSL,1164,14.24,21.24,6.1,36.4,0.901,True
ICPUSDT-1h,uwd78,PB,1.5,NOSL,1141,15.51,22.51,5.6,39.3,0.869,True
ICPUSDT-1h,uwd79,PB,1.5,NOSL,2029,15.62,22.62,9.2,35.6,0.861,True
ICPUSDT-1h,prevBear,PB,1.5,NOSL,1452,12.79,19.79,2.5,34.8,0.852,True
ICPUSDT-1h,smaBelow,PB,1.5,NOSL,1359,8.68,15.68,-1.1,32.1,0.869,False
ICPUSDT-1h,C3_w8q,PB,1.5,NOSL,1053,12.91,19.91,3.4,35.3,0.899,True
ICPUSDT-1h,C6_w9dip,PB,1.5,NOSL,691,16.68,23.68,0.2,46.7,0.86,True
ICPUSDT-1h,CQ7_w78q,PB,1.5,NOSL,457,17.54,24.54,-0.1,45.3,0.921,False
ICPUSDT-4h,ALL,MKT,1.0,low,819,-46.83,-39.83,-52.3,-27.9,0.399,False
ICPUSDT-4h,quiet,MKT,1.0,low,317,-56.02,-49.02,-64.3,-32.7,0.375,False
ICPUSDT-4h,uwd78,MKT,1.0,low,327,-69.24,-62.24,-82.1,-41.1,0.416,False
ICPUSDT-4h,uwd79,MKT,1.0,low,573,-55.17,-48.17,-62.5,-33.1,0.414,False
ICPUSDT-4h,prevBear,MKT,1.0,low,385,-41.38,-34.38,-52.7,-16.0,0.418,False
ICPUSDT-4h,smaBelow,MKT,1.0,low,377,-56.31,-49.31,-66.9,-32.9,0.371,False
ICPUSDT-4h,C3_w8q,MKT,1.0,low,284,-60.48,-53.48,-69.6,-37.1,0.345,False
ICPUSDT-4h,C6_w9dip,MKT,1.0,low,199,-24.82,-17.82,-39.5,3.9,0.382,False
ICPUSDT-4h,CQ7_w78q,MKT,1.0,low,133,-70.16,-63.16,-92.1,-36.7,0.383,False
ICPUSDT-4h,ALL,MKT,1.0,mid,819,-47.2,-40.2,-52.0,-28.8,0.357,False
ICPUSDT-4h,quiet,MKT,1.0,mid,317,-55.21,-48.21,-62.9,-32.4,0.331,False
ICPUSDT-4h,uwd78,MKT,1.0,mid,327,-70.59,-63.59,-82.1,-43.7,0.364,False
ICPUSDT-4h,uwd79,MKT,1.0,mid,573,-56.65,-49.65,-63.4,-35.4,0.366,False
ICPUSDT-4h,prevBear,MKT,1.0,mid,385,-38.67,-31.67,-49.5,-14.2,0.382,False
ICPUSDT-4h,smaBelow,MKT,1.0,mid,377,-52.84,-45.84,-62.4,-30.1,0.334,False
ICPUSDT-4h,C3_w8q,MKT,1.0,mid,284,-57.82,-50.82,-66.0,-34.9,0.303,False
ICPUSDT-4h,C6_w9dip,MKT,1.0,mid,199,-20.7,-13.7,-34.7,7.5,0.357,False
ICPUSDT-4h,CQ7_w78q,MKT,1.0,mid,133,-72.38,-65.38,-92.6,-39.6,0.323,False
ICPUSDT-4h,ALL,MKT,1.0,NOSL,819,-52.71,-45.71,-83.2,-10.5,0.863,False
ICPUSDT-4h,quiet,MKT,1.0,NOSL,317,-66.39,-59.39,-115.1,-3.0,0.886,False
ICPUSDT-4h,uwd78,MKT,1.0,NOSL,327,-110.98,-103.98,-168.9,-43.7,0.853,False
ICPUSDT-4h,uwd79,MKT,1.0,NOSL,573,-83.02,-76.02,-122.0,-32.1,0.855,False
ICPUSDT-4h,prevBear,MKT,1.0,NOSL,385,-60.01,-53.01,-108.5,0.9,0.862,False
ICPUSDT-4h,smaBelow,MKT,1.0,NOSL,377,-47.61,-40.61,-88.7,3.5,0.859,False
ICPUSDT-4h,C3_w8q,MKT,1.0,NOSL,284,-63.41,-56.41,-115.5,-3.3,0.887,False
ICPUSDT-4h,C6_w9dip,MKT,1.0,NOSL,199,15.13,22.13,-35.1,71.1,0.894,False
ICPUSDT-4h,CQ7_w78q,MKT,1.0,NOSL,133,-116.6,-109.6,-204.3,-18.2,0.872,False
ICPUSDT-4h,ALL,MKT,1.5,low,819,-33.72,-26.72,-41.5,-12.5,0.36,False
ICPUSDT-4h,quiet,MKT,1.5,low,317,-46.16,-39.16,-56.7,-20.0,0.341,False
ICPUSDT-4h,uwd78,MKT,1.5,low,327,-57.2,-50.2,-73.2,-26.2,0.382,False
ICPUSDT-4h,uwd79,MKT,1.5,low,573,-45.47,-38.47,-55.4,-21.4,0.372,False
ICPUSDT-4h,prevBear,MKT,1.5,low,385,-29.78,-22.78,-44.5,-1.7,0.377,False
ICPUSDT-4h,smaBelow,MKT,1.5,low,377,-47.25,-40.25,-59.4,-21.3,0.329,False
ICPUSDT-4h,C3_w8q,MKT,1.5,low,284,-53.67,-46.67,-65.0,-28.6,0.306,False
ICPUSDT-4h,C6_w9dip,MKT,1.5,low,199,-13.8,-6.8,-33.1,20.5,0.337,False
ICPUSDT-4h,CQ7_w78q,MKT,1.5,low,133,-54.6,-47.6,-80.3,-16.0,0.368,False
ICPUSDT-4h,ALL,MKT,1.5,mid,819,-35.99,-28.99,-42.5,-15.4,0.317,False
ICPUSDT-4h,quiet,MKT,1.5,mid,317,-46.39,-39.39,-55.7,-21.6,0.297,False
ICPUSDT-4h,uwd78,MKT,1.5,mid,327,-60.57,-53.57,-74.4,-30.7,0.33,False
ICPUSDT-4h,uwd79,MKT,1.5,mid,573,-47.7,-40.7,-57.3,-24.3,0.328,False
ICPUSDT-4h,prevBear,MKT,1.5,mid,385,-26.84,-19.84,-40.5,0.4,0.34,False
ICPUSDT-4h,smaBelow,MKT,1.5,mid,377,-44.63,-37.63,-56.3,-19.6,0.289,False
ICPUSDT-4h,C3_w8q,MKT,1.5,mid,284,-50.62,-43.62,-60.7,-26.2,0.268,False
ICPUSDT-4h,C6_w9dip,MKT,1.5,mid,199,-9.05,-2.05,-27.0,24.6,0.312,False
ICPUSDT-4h,CQ7_w78q,MKT,1.5,mid,133,-59.62,-52.62,-82.9,-23.2,0.308,False
ICPUSDT-4h,ALL,MKT,1.5,NOSL,819,-36.15,-29.15,-73.1,8.7,0.829,False
ICPUSDT-4h,quiet,MKT,1.5,NOSL,317,-51.65,-44.65,-108.4,16.6,0.864,False
ICPUSDT-4h,uwd78,MKT,1.5,NOSL,327,-87.28,-80.28,-148.6,-16.2,0.829,False
ICPUSDT-4h,uwd79,MKT,1.5,NOSL,573,-72.01,-65.01,-114.0,-16.2,0.824,False
ICPUSDT-4h,prevBear,MKT,1.5,NOSL,385,-48.59,-41.59,-101.6,19.0,0.826,False
ICPUSDT-4h,smaBelow,MKT,1.5,NOSL,377,-25.1,-18.1,-71.5,29.4,0.833,False
ICPUSDT-4h,C3_w8q,MKT,1.5,NOSL,284,-52.07,-45.07,-110.0,14.6,0.863,False
ICPUSDT-4h,C6_w9dip,MKT,1.5,NOSL,199,21.73,28.73,-44.2,97.0,0.854,False
ICPUSDT-4h,CQ7_w78q,MKT,1.5,NOSL,133,-97.0,-90.0,-192.2,8.8,0.857,False
ICPUSDT-4h,ALL,PB,1.0,low,757,-14.93,-7.93,-15.9,-0.1,0.198,False
ICPUSDT-4h,quiet,PB,1.0,low,299,-16.61,-9.61,-20.5,0.7,0.221,False
ICPUSDT-4h,uwd78,PB,1.0,low,300,-16.14,-9.14,-21.9,4.4,0.23,False
ICPUSDT-4h,uwd79,PB,1.0,low,526,-16.58,-9.58,-19.7,0.4,0.209,False
ICPUSDT-4h,prevBear,PB,1.0,low,356,-18.74,-11.74,-22.3,-0.3,0.191,False
ICPUSDT-4h,smaBelow,PB,1.0,low,356,-20.23,-13.23,-23.4,-2.2,0.191,False
ICPUSDT-4h,C3_w8q,PB,1.0,low,270,-18.35,-11.35,-21.8,-1.3,0.211,False
ICPUSDT-4h,C6_w9dip,PB,1.0,low,183,-16.7,-9.7,-24.1,7.4,0.164,False
ICPUSDT-4h,CQ7_w78q,PB,1.0,low,122,-8.51,-1.51,-20.3,19.1,0.279,False
ICPUSDT-4h,ALL,PB,1.0,mid,757,-16.99,-9.99,-15.1,-4.6,0.096,False
ICPUSDT-4h,quiet,PB,1.0,mid,299,-16.16,-9.16,-16.1,-1.9,0.117,False
ICPUSDT-4h,uwd78,PB,1.0,mid,300,-17.21,-10.21,-18.3,-1.8,0.123,False
ICPUSDT-4h,uwd79,PB,1.0,mid,526,-17.15,-10.15,-16.8,-3.3,0.112,False
ICPUSDT-4h,prevBear,PB,1.0,mid,356,-13.43,-6.43,-14.4,2.6,0.104,False
ICPUSDT-4h,smaBelow,PB,1.0,mid,356,-15.72,-8.72,-16.2,-0.2,0.098,False
ICPUSDT-4h,C3_w8q,PB,1.0,mid,270,-16.72,-9.72,-16.0,-2.8,0.111,False
ICPUSDT-4h,C6_w9dip,PB,1.0,mid,183,-14.33,-7.33,-17.8,5.8,0.077,False
ICPUSDT-4h,CQ7_w78q,PB,1.0,mid,122,-13.41,-6.41,-18.7,7.0,0.156,False
ICPUSDT-4h,ALL,PB,1.0,NOSL,757,1.47,8.47,-30.3,50.1,0.861,False
ICPUSDT-4h,quiet,PB,1.0,NOSL,299,-11.04,-4.04,-61.6,48.2,0.893,False
ICPUSDT-4h,uwd78,PB,1.0,NOSL,300,-27.78,-20.78,-94.2,43.0,0.86,False
ICPUSDT-4h,uwd79,PB,1.0,NOSL,526,-21.97,-14.97,-64.8,34.5,0.85,False
ICPUSDT-4h,prevBear,PB,1.0,NOSL,356,-4.06,2.94,-59.0,59.3,0.874,False
ICPUSDT-4h,smaBelow,PB,1.0,NOSL,356,9.61,16.61,-31.1,61.7,0.868,False
ICPUSDT-4h,C3_w8q,PB,1.0,NOSL,270,-14.15,-7.15,-65.3,47.2,0.893,False
ICPUSDT-4h,C6_w9dip,PB,1.0,NOSL,183,44.37,51.37,-12.8,105.7,0.885,False
ICPUSDT-4h,CQ7_w78q,PB,1.0,NOSL,122,-51.66,-44.66,-153.7,56.8,0.877,False
ICPUSDT-4h,ALL,PB,1.5,low,757,-15.77,-8.77,-17.7,0.3,0.157,False
ICPUSDT-4h,quiet,PB,1.5,low,299,-20.53,-13.53,-25.1,-2.2,0.164,False
ICPUSDT-4h,uwd78,PB,1.5,low,300,-16.09,-9.09,-23.9,6.0,0.193,False
ICPUSDT-4h,uwd79,PB,1.5,low,526,-18.01,-11.01,-21.7,0.4,0.169,False
ICPUSDT-4h,prevBear,PB,1.5,low,356,-22.4,-15.4,-27.8,-2.6,0.143,False
ICPUSDT-4h,smaBelow,PB,1.5,low,356,-24.96,-17.96,-28.6,-7.5,0.146,False
ICPUSDT-4h,C3_w8q,PB,1.5,low,270,-24.55,-17.55,-28.7,-6.7,0.148,False
ICPUSDT-4h,C6_w9dip,PB,1.5,low,183,-25.62,-18.62,-32.4,-2.4,0.115,False
ICPUSDT-4h,CQ7_w78q,PB,1.5,low,122,-9.53,-2.53,-24.3,22.4,0.23,False
ICPUSDT-4h,ALL,PB,1.5,mid,757,-17.3,-10.3,-16.2,-4.1,0.074,False
ICPUSDT-4h,quiet,PB,1.5,mid,299,-17.66,-10.66,-18.2,-3.0,0.084,False
ICPUSDT-4h,uwd78,PB,1.5,mid,300,-15.07,-8.07,-18.0,2.5,0.103,False
ICPUSDT-4h,uwd79,PB,1.5,mid,526,-17.06,-10.06,-17.3,-2.9,0.089,False
ICPUSDT-4h,prevBear,PB,1.5,mid,356,-13.93,-6.93,-16.2,3.5,0.079,False
ICPUSDT-4h,smaBelow,PB,1.5,mid,356,-19.21,-12.21,-19.3,-4.7,0.07,False
ICPUSDT-4h,C3_w8q,PB,1.5,mid,270,-19.43,-12.43,-19.3,-5.0,0.074,False
ICPUSDT-4h,C6_w9dip,PB,1.5,mid,183,-21.29,-14.29,-23.5,-3.4,0.044,False
ICPUSDT-4h,CQ7_w78q,PB,1.5,mid,122,-12.44,-5.44,-19.5,11.2,0.123,False
ICPUSDT-4h,ALL,PB,1.5,NOSL,757,5.27,12.27,-30.6,57.9,0.818,False
ICPUSDT-4h,quiet,PB,1.5,NOSL,299,-9.99,-2.99,-67.8,57.7,0.856,False
ICPUSDT-4h,uwd78,PB,1.5,NOSL,300,-19.07,-12.07,-95.1,58.3,0.823,False
ICPUSDT-4h,uwd79,PB,1.5,NOSL,526,-22.04,-15.04,-67.7,38.6,0.81,False
ICPUSDT-4h,prevBear,PB,1.5,NOSL,356,-10.5,-3.5,-71.5,58.9,0.823,False
ICPUSDT-4h,smaBelow,PB,1.5,NOSL,356,18.65,25.65,-28.4,73.3,0.829,False
ICPUSDT-4h,C3_w8q,PB,1.5,NOSL,270,-17.77,-10.77,-76.3,52.6,0.852,False
ICPUSDT-4h,C6_w9dip,PB,1.5,NOSL,183,32.37,39.37,-36.2,106.3,0.831,False
ICPUSDT-4h,CQ7_w78q,PB,1.5,NOSL,122,-48.19,-41.19,-154.1,67.5,0.844,False
BTCUSDT-15m,ALL,MKT,1.0,low,13282,-14.3,-7.3,-7.8,-6.9,0.453,False
BTCUSDT-15m,quiet,MKT,1.0,low,5351,-14.47,-7.47,-7.9,-7.0,0.448,False
BTCUSDT-15m,uwd78,MKT,1.0,low,5313,-15.64,-8.64,-9.4,-7.9,0.505,False
BTCUSDT-15m,uwd79,MKT,1.0,low,9298,-15.23,-8.23,-8.8,-7.7,0.478,False
BTCUSDT-15m,prevBear,MKT,1.0,low,6229,-14.35,-7.35,-8.0,-6.7,0.468,False
BTCUSDT-15m,smaBelow,MKT,1.0,low,5380,-14.49,-7.49,-8.3,-6.8,0.47,False
BTCUSDT-15m,C3_w8q,MKT,1.0,low,4788,-14.13,-7.13,-7.6,-6.6,0.446,False
BTCUSDT-15m,C6_w9dip,MKT,1.0,low,3012,-13.28,-6.28,-7.1,-5.4,0.442,False
BTCUSDT-15m,CQ7_w78q,MKT,1.0,low,2178,-15.86,-8.86,-9.5,-8.1,0.48,False
BTCUSDT-15m,ALL,MKT,1.0,mid,13282,-14.34,-7.34,-7.8,-6.9,0.419,False
BTCUSDT-15m,quiet,MKT,1.0,mid,5351,-14.59,-7.59,-8.0,-7.1,0.412,False
BTCUSDT-15m,uwd78,MKT,1.0,mid,5313,-15.71,-8.71,-9.5,-8.0,0.46,False
BTCUSDT-15m,uwd79,MKT,1.0,mid,9298,-15.25,-8.25,-8.8,-7.7,0.438,False
BTCUSDT-15m,prevBear,MKT,1.0,mid,6229,-14.34,-7.34,-8.0,-6.7,0.437,False
BTCUSDT-15m,smaBelow,MKT,1.0,mid,5380,-14.43,-7.43,-8.2,-6.8,0.437,False
BTCUSDT-15m,C3_w8q,MKT,1.0,mid,4788,-14.27,-7.27,-7.7,-6.8,0.411,False
BTCUSDT-15m,C6_w9dip,MKT,1.0,mid,3012,-13.25,-6.25,-7.1,-5.4,0.414,False
BTCUSDT-15m,CQ7_w78q,MKT,1.0,mid,2178,-15.98,-8.98,-9.7,-8.3,0.435,False
BTCUSDT-15m,ALL,MKT,1.0,NOSL,13282,-10.93,-3.93,-5.0,-2.9,0.904,False
BTCUSDT-15m,quiet,MKT,1.0,NOSL,5351,-10.74,-3.74,-5.4,-2.3,0.934,False
BTCUSDT-15m,uwd78,MKT,1.0,NOSL,5313,-11.97,-4.97,-6.8,-3.4,0.916,False
BTCUSDT-15m,uwd79,MKT,1.0,NOSL,9298,-11.38,-4.38,-5.7,-3.2,0.91,False
BTCUSDT-15m,prevBear,MKT,1.0,NOSL,6229,-10.18,-3.18,-4.7,-1.7,0.92,False
BTCUSDT-15m,smaBelow,MKT,1.0,NOSL,5380,-9.8,-2.8,-4.5,-1.2,0.928,False
BTCUSDT-15m,C3_w8q,MKT,1.0,NOSL,4788,-10.32,-3.32,-4.8,-1.8,0.933,False
BTCUSDT-15m,C6_w9dip,MKT,1.0,NOSL,3012,-9.71,-2.71,-5.2,-0.4,0.919,False
BTCUSDT-15m,CQ7_w78q,MKT,1.0,NOSL,2178,-12.65,-5.65,-8.3,-3.3,0.938,False
BTCUSDT-15m,ALL,MKT,1.5,low,13282,-12.76,-5.76,-6.3,-5.2,0.409,False
BTCUSDT-15m,quiet,MKT,1.5,low,5351,-12.93,-5.93,-6.5,-5.4,0.418,False
BTCUSDT-15m,uwd78,MKT,1.5,low,5313,-14.18,-7.18,-8.1,-6.4,0.468,False
BTCUSDT-15m,uwd79,MKT,1.5,low,9298,-13.63,-6.63,-7.2,-6.0,0.439,False
BTCUSDT-15m,prevBear,MKT,1.5,low,6229,-12.81,-5.81,-6.5,-5.1,0.425,False
BTCUSDT-15m,smaBelow,MKT,1.5,low,5380,-13.03,-6.03,-6.9,-5.2,0.428,False
BTCUSDT-15m,C3_w8q,MKT,1.5,low,4788,-12.57,-5.57,-6.1,-5.0,0.415,False
BTCUSDT-15m,C6_w9dip,MKT,1.5,low,3012,-11.51,-4.51,-5.5,-3.6,0.396,False
BTCUSDT-15m,CQ7_w78q,MKT,1.5,low,2178,-14.25,-7.25,-8.0,-6.4,0.462,False
BTCUSDT-15m,ALL,MKT,1.5,mid,13282,-12.81,-5.81,-6.3,-5.3,0.379,False
BTCUSDT-15m,quiet,MKT,1.5,mid,5351,-13.09,-6.09,-6.6,-5.6,0.386,False
BTCUSDT-15m,uwd78,MKT,1.5,mid,5313,-14.23,-7.23,-8.1,-6.4,0.428,False
BTCUSDT-15m,uwd79,MKT,1.5,mid,9298,-13.66,-6.66,-7.2,-6.1,0.403,False
BTCUSDT-15m,prevBear,MKT,1.5,mid,6229,-12.8,-5.8,-6.5,-5.1,0.398,False
BTCUSDT-15m,smaBelow,MKT,1.5,mid,5380,-12.93,-5.93,-6.7,-5.2,0.398,False
BTCUSDT-15m,C3_w8q,MKT,1.5,mid,4788,-12.73,-5.73,-6.3,-5.2,0.384,False
BTCUSDT-15m,C6_w9dip,MKT,1.5,mid,3012,-11.52,-4.52,-5.5,-3.6,0.371,False
BTCUSDT-15m,CQ7_w78q,MKT,1.5,mid,2178,-14.52,-7.52,-8.3,-6.8,0.418,False
BTCUSDT-15m,ALL,MKT,1.5,NOSL,13282,-8.55,-1.55,-2.8,-0.3,0.875,False
BTCUSDT-15m,quiet,MKT,1.5,NOSL,5351,-8.79,-1.79,-3.6,-0.1,0.913,False
BTCUSDT-15m,uwd78,MKT,1.5,NOSL,5313,-10.21,-3.21,-5.3,-1.4,0.895,False
BTCUSDT-15m,uwd79,MKT,1.5,NOSL,9298,-9.09,-2.09,-3.5,-0.7,0.885,False
BTCUSDT-15m,prevBear,MKT,1.5,NOSL,6229,-8.21,-1.21,-3.0,0.5,0.892,False
BTCUSDT-15m,smaBelow,MKT,1.5,NOSL,5380,-7.79,-0.79,-2.8,1.1,0.901,False
BTCUSDT-15m,C3_w8q,MKT,1.5,NOSL,4788,-8.25,-1.25,-3.0,0.4,0.911,False
BTCUSDT-15m,C6_w9dip,MKT,1.5,NOSL,3012,-7.06,-0.06,-2.8,2.6,0.888,False
BTCUSDT-15m,CQ7_w78q,MKT,1.5,NOSL,2178,-10.92,-3.92,-6.8,-1.3,0.925,False
BTCUSDT-15m,ALL,PB,1.0,low,11531,-11.64,-4.64,-4.9,-4.4,0.163,False
BTCUSDT-15m,quiet,PB,1.0,low,4793,-11.78,-4.78,-5.1,-4.5,0.164,False
BTCUSDT-15m,uwd78,PB,1.0,low,4450,-11.58,-4.58,-5.0,-4.1,0.219,False
BTCUSDT-15m,uwd79,PB,1.0,low,7930,-11.65,-4.65,-5.0,-4.3,0.194,False
BTCUSDT-15m,prevBear,PB,1.0,low,5418,-11.58,-4.58,-4.9,-4.2,0.164,False
BTCUSDT-15m,smaBelow,PB,1.0,low,4696,-11.76,-4.76,-5.2,-4.3,0.177,False
BTCUSDT-15m,C3_w8q,PB,1.0,low,4304,-11.85,-4.85,-5.1,-4.6,0.151,False
BTCUSDT-15m,C6_w9dip,PB,1.0,low,2673,-11.46,-4.46,-4.9,-4.0,0.147,False
BTCUSDT-15m,CQ7_w78q,PB,1.0,low,1902,-11.96,-4.96,-5.4,-4.5,0.217,False
BTCUSDT-15m,ALL,PB,1.0,mid,11531,-11.72,-4.72,-4.9,-4.5,0.075,False
BTCUSDT-15m,quiet,PB,1.0,mid,4793,-11.85,-4.85,-5.0,-4.7,0.072,False
BTCUSDT-15m,uwd78,PB,1.0,mid,4450,-11.87,-4.87,-5.2,-4.6,0.105,False
BTCUSDT-15m,uwd79,PB,1.0,mid,7930,-11.76,-4.76,-5.0,-4.5,0.093,False
BTCUSDT-15m,prevBear,PB,1.0,mid,5418,-11.61,-4.61,-4.8,-4.3,0.079,False
BTCUSDT-15m,smaBelow,PB,1.0,mid,4696,-11.81,-4.81,-5.1,-4.5,0.082,False
BTCUSDT-15m,C3_w8q,PB,1.0,mid,4304,-11.81,-4.81,-5.0,-4.6,0.067,False
BTCUSDT-15m,C6_w9dip,PB,1.0,mid,2673,-11.55,-4.55,-4.9,-4.2,0.065,False
BTCUSDT-15m,CQ7_w78q,PB,1.0,mid,1902,-12.12,-5.12,-5.4,-4.8,0.1,False
BTCUSDT-15m,ALL,PB,1.0,NOSL,11531,-6.51,0.49,-0.8,1.7,0.888,False
BTCUSDT-15m,quiet,PB,1.0,NOSL,4793,-6.31,0.69,-1.1,2.3,0.928,False
BTCUSDT-15m,uwd78,PB,1.0,NOSL,4450,-5.29,1.71,-0.4,3.7,0.902,False
BTCUSDT-15m,uwd79,PB,1.0,NOSL,7930,-5.28,1.72,0.3,3.2,0.897,True
BTCUSDT-15m,prevBear,PB,1.0,NOSL,5418,-5.88,1.12,-0.7,2.9,0.906,False
BTCUSDT-15m,smaBelow,PB,1.0,NOSL,4696,-5.21,1.79,-0.2,3.8,0.917,False
BTCUSDT-15m,C3_w8q,PB,1.0,NOSL,4304,-6.37,0.63,-1.2,2.4,0.927,False
BTCUSDT-15m,C6_w9dip,PB,1.0,NOSL,2673,-6.91,0.09,-2.6,2.9,0.907,False
BTCUSDT-15m,CQ7_w78q,PB,1.0,NOSL,1902,-5.87,1.13,-1.8,3.7,0.934,False
BTCUSDT-15m,ALL,PB,1.5,low,11531,-11.51,-4.51,-4.8,-4.2,0.135,False
BTCUSDT-15m,quiet,PB,1.5,low,4793,-11.59,-4.59,-4.9,-4.3,0.139,False
BTCUSDT-15m,uwd78,PB,1.5,low,4450,-11.6,-4.6,-5.1,-4.1,0.187,False
BTCUSDT-15m,uwd79,PB,1.5,low,7930,-11.53,-4.53,-4.9,-4.1,0.163,False
BTCUSDT-15m,prevBear,PB,1.5,low,5418,-11.6,-4.6,-5.0,-4.2,0.133,False
BTCUSDT-15m,smaBelow,PB,1.5,low,4696,-11.71,-4.71,-5.2,-4.2,0.146,False
BTCUSDT-15m,C3_w8q,PB,1.5,low,4304,-11.67,-4.67,-5.0,-4.3,0.127,False
BTCUSDT-15m,C6_w9dip,PB,1.5,low,2673,-11.17,-4.17,-4.7,-3.5,0.119,False
BTCUSDT-15m,CQ7_w78q,PB,1.5,low,1902,-11.65,-4.65,-5.2,-4.1,0.192,False
BTCUSDT-15m,ALL,PB,1.5,mid,11531,-11.59,-4.59,-4.8,-4.4,0.063,False
BTCUSDT-15m,quiet,PB,1.5,mid,4793,-11.72,-4.72,-4.9,-4.5,0.061,False
BTCUSDT-15m,uwd78,PB,1.5,mid,4450,-11.78,-4.78,-5.1,-4.4,0.089,False
BTCUSDT-15m,uwd79,PB,1.5,mid,7930,-11.61,-4.61,-4.9,-4.3,0.079,False
BTCUSDT-15m,prevBear,PB,1.5,mid,5418,-11.56,-4.56,-4.9,-4.2,0.065,False
BTCUSDT-15m,smaBelow,PB,1.5,mid,4696,-11.7,-4.7,-5.0,-4.3,0.068,False
BTCUSDT-15m,C3_w8q,PB,1.5,mid,4304,-11.68,-4.68,-4.9,-4.4,0.056,False
BTCUSDT-15m,C6_w9dip,PB,1.5,mid,2673,-11.32,-4.32,-4.7,-3.9,0.053,False
BTCUSDT-15m,CQ7_w78q,PB,1.5,mid,1902,-11.95,-4.95,-5.3,-4.6,0.086,False
BTCUSDT-15m,ALL,PB,1.5,NOSL,11531,-5.85,1.15,-0.4,2.5,0.851,False
BTCUSDT-15m,quiet,PB,1.5,NOSL,4793,-6.14,0.86,-1.1,2.8,0.895,False
BTCUSDT-15m,uwd78,PB,1.5,NOSL,4450,-5.73,1.27,-1.2,3.6,0.871,False
BTCUSDT-15m,uwd79,PB,1.5,NOSL,7930,-5.04,1.96,0.2,3.6,0.863,True
BTCUSDT-15m,prevBear,PB,1.5,NOSL,5418,-5.97,1.03,-1.1,3.1,0.868,False
BTCUSDT-15m,smaBelow,PB,1.5,NOSL,4696,-4.95,2.05,-0.2,4.3,0.881,False
BTCUSDT-15m,C3_w8q,PB,1.5,NOSL,4304,-5.95,1.05,-1.0,3.2,0.892,False
BTCUSDT-15m,C6_w9dip,PB,1.5,NOSL,2673,-5.86,1.14,-2.0,4.3,0.866,False
BTCUSDT-15m,CQ7_w78q,PB,1.5,NOSL,1902,-6.53,0.47,-2.9,3.5,0.906,False
BTCUSDT-1h,ALL,MKT,1.0,low,3364,-16.88,-9.88,-11.5,-8.3,0.443,False
BTCUSDT-1h,quiet,MKT,1.0,low,1366,-16.08,-9.08,-11.0,-7.4,0.444,False
BTCUSDT-1h,uwd78,MKT,1.0,low,1347,-18.28,-11.28,-13.7,-8.9,0.497,False
BTCUSDT-1h,uwd79,MKT,1.0,low,2357,-17.52,-10.52,-12.2,-8.6,0.474,False
BTCUSDT-1h,prevBear,MKT,1.0,low,1548,-16.16,-9.16,-11.6,-6.8,0.474,False
BTCUSDT-1h,smaBelow,MKT,1.0,low,1364,-18.35,-11.35,-13.7,-9.1,0.446,False
BTCUSDT-1h,C3_w8q,MKT,1.0,low,1239,-15.92,-8.92,-11.0,-7.1,0.44,False
BTCUSDT-1h,C6_w9dip,MKT,1.0,low,763,-14.68,-7.68,-10.7,-4.4,0.438,False
BTCUSDT-1h,CQ7_w78q,MKT,1.0,low,553,-16.2,-9.2,-11.3,-7.1,0.49,False
BTCUSDT-1h,ALL,MKT,1.0,mid,3364,-17.06,-10.06,-11.6,-8.5,0.403,False
BTCUSDT-1h,quiet,MKT,1.0,mid,1366,-16.03,-9.03,-10.8,-7.3,0.405,False
BTCUSDT-1h,uwd78,MKT,1.0,mid,1347,-18.64,-11.64,-14.0,-9.4,0.451,False
BTCUSDT-1h,uwd79,MKT,1.0,mid,2357,-17.84,-10.84,-12.5,-9.0,0.429,False
BTCUSDT-1h,prevBear,MKT,1.0,mid,1548,-16.33,-9.33,-11.6,-7.1,0.436,False
BTCUSDT-1h,smaBelow,MKT,1.0,mid,1364,-18.64,-11.64,-14.0,-9.5,0.401,False
BTCUSDT-1h,C3_w8q,MKT,1.0,mid,1239,-15.96,-8.96,-10.9,-7.3,0.399,False
BTCUSDT-1h,C6_w9dip,MKT,1.0,mid,763,-14.54,-7.54,-10.5,-4.4,0.401,False
BTCUSDT-1h,CQ7_w78q,MKT,1.0,mid,553,-16.42,-9.42,-11.5,-7.5,0.438,False
BTCUSDT-1h,ALL,MKT,1.0,NOSL,3364,-9.19,-2.19,-6.4,1.9,0.916,False
BTCUSDT-1h,quiet,MKT,1.0,NOSL,1366,-9.38,-2.38,-7.7,2.2,0.947,False
BTCUSDT-1h,uwd78,MKT,1.0,NOSL,1347,-8.98,-1.98,-7.7,3.7,0.935,False
BTCUSDT-1h,uwd79,MKT,1.0,NOSL,2357,-10.33,-3.33,-8.0,1.5,0.925,False
BTCUSDT-1h,prevBear,MKT,1.0,NOSL,1548,-5.62,1.38,-4.1,6.6,0.933,False
BTCUSDT-1h,smaBelow,MKT,1.0,NOSL,1364,-10.56,-3.56,-10.2,2.9,0.933,False
BTCUSDT-1h,C3_w8q,MKT,1.0,NOSL,1239,-9.93,-2.93,-8.2,2.3,0.945,False
BTCUSDT-1h,C6_w9dip,MKT,1.0,NOSL,763,-12.88,-5.88,-16.3,4.2,0.919,False
BTCUSDT-1h,CQ7_w78q,MKT,1.0,NOSL,553,-5.36,1.64,-4.4,6.8,0.964,False
BTCUSDT-1h,ALL,MKT,1.5,low,3365,-14.16,-7.16,-9.0,-5.3,0.396,False
BTCUSDT-1h,quiet,MKT,1.5,low,1367,-13.17,-6.17,-8.3,-4.3,0.412,False
BTCUSDT-1h,uwd78,MKT,1.5,low,1347,-15.32,-8.32,-11.2,-5.6,0.449,False
BTCUSDT-1h,uwd79,MKT,1.5,low,2357,-14.43,-7.43,-9.5,-5.3,0.43,False
BTCUSDT-1h,prevBear,MKT,1.5,low,1549,-13.08,-6.08,-8.7,-3.4,0.434,False
BTCUSDT-1h,smaBelow,MKT,1.5,low,1364,-15.11,-8.11,-10.8,-5.5,0.408,False
BTCUSDT-1h,C3_w8q,MKT,1.5,low,1240,-13.02,-6.02,-8.3,-3.9,0.406,False
BTCUSDT-1h,C6_w9dip,MKT,1.5,low,763,-11.09,-4.09,-7.8,-0.4,0.396,False
BTCUSDT-1h,CQ7_w78q,MKT,1.5,low,553,-14.12,-7.12,-9.6,-4.7,0.448,False
BTCUSDT-1h,ALL,MKT,1.5,mid,3365,-14.37,-7.37,-9.1,-5.6,0.36,False
BTCUSDT-1h,quiet,MKT,1.5,mid,1367,-13.2,-6.2,-8.3,-4.4,0.377,False
BTCUSDT-1h,uwd78,MKT,1.5,mid,1347,-15.81,-8.81,-11.5,-6.2,0.405,False
BTCUSDT-1h,uwd79,MKT,1.5,mid,2357,-14.94,-7.94,-9.9,-5.8,0.387,False
BTCUSDT-1h,prevBear,MKT,1.5,mid,1549,-13.21,-6.21,-8.7,-3.7,0.397,False
BTCUSDT-1h,smaBelow,MKT,1.5,mid,1364,-15.42,-8.42,-11.1,-5.9,0.367,False
BTCUSDT-1h,C3_w8q,MKT,1.5,mid,1240,-13.09,-6.09,-8.3,-4.0,0.37,False
BTCUSDT-1h,C6_w9dip,MKT,1.5,mid,763,-10.94,-3.94,-7.6,-0.3,0.364,False
BTCUSDT-1h,CQ7_w78q,MKT,1.5,mid,553,-14.4,-7.4,-9.8,-5.1,0.401,False
BTCUSDT-1h,ALL,MKT,1.5,NOSL,3365,-2.58,4.42,-0.2,8.8,0.892,False
BTCUSDT-1h,quiet,MKT,1.5,NOSL,1367,-5.13,1.87,-3.8,7.2,0.927,False
BTCUSDT-1h,uwd78,MKT,1.5,NOSL,1347,-3.56,3.44,-3.3,9.9,0.915,False
BTCUSDT-1h,uwd79,MKT,1.5,NOSL,2357,-4.9,2.1,-3.2,7.5,0.9,False
BTCUSDT-1h,prevBear,MKT,1.5,NOSL,1549,0.84,7.84,1.5,13.6,0.912,True
BTCUSDT-1h,smaBelow,MKT,1.5,NOSL,1364,-2.57,4.43,-2.7,11.5,0.916,False
BTCUSDT-1h,C3_w8q,MKT,1.5,NOSL,1240,-5.45,1.55,-4.4,7.2,0.925,False
BTCUSDT-1h,C6_w9dip,MKT,1.5,NOSL,763,-2.05,4.95,-5.6,16.1,0.904,False
BTCUSDT-1h,CQ7_w78q,MKT,1.5,NOSL,553,-1.53,5.47,-1.1,11.6,0.948,False
BTCUSDT-1h,ALL,PB,1.0,low,2982,-11.83,-4.83,-5.7,-3.9,0.18,False
BTCUSDT-1h,quiet,PB,1.0,low,1249,-11.84,-4.84,-5.8,-3.9,0.191,False
BTCUSDT-1h,uwd78,PB,1.0,low,1150,-11.68,-4.68,-6.3,-3.1,0.228,False
BTCUSDT-1h,uwd79,PB,1.0,low,2052,-11.7,-4.7,-5.9,-3.6,0.209,False
BTCUSDT-1h,prevBear,PB,1.0,low,1352,-12.23,-5.23,-6.6,-3.9,0.179,False
BTCUSDT-1h,smaBelow,PB,1.0,low,1223,-12.25,-5.25,-6.6,-3.9,0.183,False
BTCUSDT-1h,C3_w8q,PB,1.0,low,1144,-11.8,-4.8,-5.8,-3.7,0.187,False
BTCUSDT-1h,C6_w9dip,PB,1.0,low,693,-11.98,-4.98,-6.7,-3.1,0.157,False
BTCUSDT-1h,CQ7_w78q,PB,1.0,low,494,-12.11,-5.11,-6.6,-3.6,0.245,False
BTCUSDT-1h,ALL,PB,1.0,mid,2982,-11.78,-4.78,-5.4,-4.1,0.092,False
BTCUSDT-1h,quiet,PB,1.0,mid,1249,-12.25,-5.25,-5.9,-4.5,0.089,False
BTCUSDT-1h,uwd78,PB,1.0,mid,1150,-11.69,-4.69,-5.8,-3.6,0.123,False
BTCUSDT-1h,uwd79,PB,1.0,mid,2052,-11.86,-4.86,-5.7,-4.0,0.109,False
BTCUSDT-1h,prevBear,PB,1.0,mid,1352,-12.0,-5.0,-5.9,-4.1,0.089,False
BTCUSDT-1h,smaBelow,PB,1.0,mid,1223,-12.27,-5.27,-6.2,-4.3,0.091,False
BTCUSDT-1h,C3_w8q,PB,1.0,mid,1144,-12.36,-5.36,-6.0,-4.6,0.082,False
BTCUSDT-1h,C6_w9dip,PB,1.0,mid,693,-12.03,-5.03,-6.2,-3.8,0.079,False
BTCUSDT-1h,CQ7_w78q,PB,1.0,mid,494,-12.52,-5.52,-6.5,-4.5,0.117,False
BTCUSDT-1h,ALL,PB,1.0,NOSL,2982,2.07,9.07,4.3,13.4,0.909,True
BTCUSDT-1h,quiet,PB,1.0,NOSL,1249,-1.77,5.23,-0.6,10.6,0.946,False
BTCUSDT-1h,uwd78,PB,1.0,NOSL,1150,4.96,11.96,4.7,18.4,0.93,True
BTCUSDT-1h,uwd79,PB,1.0,NOSL,2052,3.3,10.3,4.6,15.7,0.918,True
BTCUSDT-1h,prevBear,PB,1.0,NOSL,1352,4.22,11.22,4.7,17.0,0.925,True
BTCUSDT-1h,smaBelow,PB,1.0,NOSL,1223,0.08,7.08,-0.4,14.2,0.93,False
BTCUSDT-1h,C3_w8q,PB,1.0,NOSL,1144,-2.46,4.54,-1.6,10.0,0.945,False
BTCUSDT-1h,C6_w9dip,PB,1.0,NOSL,693,-6.19,0.81,-11.1,12.0,0.909,False
BTCUSDT-1h,CQ7_w78q,PB,1.0,NOSL,494,5.62,12.62,6.4,17.7,0.972,True
BTCUSDT-1h,ALL,PB,1.5,low,2982,-11.94,-4.94,-6.0,-3.9,0.146,False
BTCUSDT-1h,quiet,PB,1.5,low,1249,-11.48,-4.48,-5.6,-3.3,0.16,False
BTCUSDT-1h,uwd78,PB,1.5,low,1150,-11.94,-4.94,-6.8,-3.0,0.183,False
BTCUSDT-1h,uwd79,PB,1.5,low,2052,-11.73,-4.73,-6.1,-3.4,0.172,False
BTCUSDT-1h,prevBear,PB,1.5,low,1352,-12.62,-5.62,-7.0,-4.2,0.144,False
BTCUSDT-1h,smaBelow,PB,1.5,low,1223,-12.02,-5.02,-6.7,-3.4,0.152,False
BTCUSDT-1h,C3_w8q,PB,1.5,low,1144,-11.49,-4.49,-5.7,-3.3,0.156,False
BTCUSDT-1h,C6_w9dip,PB,1.5,low,693,-11.46,-4.46,-6.6,-2.2,0.133,False
BTCUSDT-1h,CQ7_w78q,PB,1.5,low,494,-11.89,-4.89,-6.5,-3.0,0.204,False
BTCUSDT-1h,ALL,PB,1.5,mid,2982,-11.82,-4.82,-5.5,-4.0,0.073,False
BTCUSDT-1h,quiet,PB,1.5,mid,1249,-11.9,-4.9,-5.7,-4.0,0.077,False
BTCUSDT-1h,uwd78,PB,1.5,mid,1150,-11.82,-4.82,-6.0,-3.5,0.097,False
BTCUSDT-1h,uwd79,PB,1.5,mid,2052,-11.91,-4.91,-5.9,-3.9,0.088,False
BTCUSDT-1h,prevBear,PB,1.5,mid,1352,-12.07,-5.07,-6.1,-4.0,0.07,False
BTCUSDT-1h,smaBelow,PB,1.5,mid,1223,-12.16,-5.16,-6.2,-4.0,0.074,False
BTCUSDT-1h,C3_w8q,PB,1.5,mid,1144,-12.01,-5.01,-5.8,-4.0,0.072,False
BTCUSDT-1h,C6_w9dip,PB,1.5,mid,693,-11.83,-4.83,-6.2,-3.3,0.066,False
BTCUSDT-1h,CQ7_w78q,PB,1.5,mid,494,-12.28,-5.28,-6.4,-4.0,0.101,False
BTCUSDT-1h,ALL,PB,1.5,NOSL,2982,5.25,12.25,7.0,17.2,0.876,True
BTCUSDT-1h,quiet,PB,1.5,NOSL,1249,-0.12,6.88,0.4,12.8,0.916,True
BTCUSDT-1h,uwd78,PB,1.5,NOSL,1150,6.8,13.8,5.6,20.9,0.899,True
BTCUSDT-1h,uwd79,PB,1.5,NOSL,2052,5.17,12.17,5.9,18.3,0.882,True
BTCUSDT-1h,prevBear,PB,1.5,NOSL,1352,6.83,13.83,6.7,20.7,0.892,True
BTCUSDT-1h,smaBelow,PB,1.5,NOSL,1223,6.02,13.02,5.0,20.7,0.904,True
BTCUSDT-1h,C3_w8q,PB,1.5,NOSL,1144,-0.76,6.24,-0.4,12.4,0.913,False
BTCUSDT-1h,C6_w9dip,PB,1.5,NOSL,693,1.92,8.92,-3.5,21.2,0.887,False
BTCUSDT-1h,CQ7_w78q,PB,1.5,NOSL,494,8.8,15.8,8.8,22.1,0.949,True
ETHUSDT-1h,ALL,MKT,1.0,low,3328,-19.97,-12.97,-14.7,-11.1,0.413,False
ETHUSDT-1h,quiet,MKT,1.0,low,1368,-21.64,-14.64,-16.6,-12.6,0.395,False
ETHUSDT-1h,uwd78,MKT,1.0,low,1330,-21.41,-14.41,-17.3,-11.7,0.461,False
ETHUSDT-1h,uwd79,MKT,1.0,low,2328,-21.47,-14.47,-16.6,-12.2,0.442,False
ETHUSDT-1h,prevBear,MKT,1.0,low,1548,-20.13,-13.13,-15.8,-10.5,0.426,False
ETHUSDT-1h,smaBelow,MKT,1.0,low,1347,-21.47,-14.47,-17.4,-11.6,0.43,False
ETHUSDT-1h,C3_w8q,MKT,1.0,low,1207,-20.5,-13.5,-15.7,-11.4,0.399,False
ETHUSDT-1h,C6_w9dip,MKT,1.0,low,726,-22.0,-15.0,-18.8,-10.8,0.391,False
ETHUSDT-1h,CQ7_w78q,MKT,1.0,low,574,-23.96,-16.96,-20.2,-13.9,0.423,False
ETHUSDT-1h,ALL,MKT,1.0,mid,3328,-19.64,-12.64,-14.4,-10.9,0.377,False
ETHUSDT-1h,quiet,MKT,1.0,mid,1368,-21.53,-14.53,-16.4,-12.6,0.354,False
ETHUSDT-1h,uwd78,MKT,1.0,mid,1330,-21.52,-14.52,-17.4,-11.9,0.416,False
ETHUSDT-1h,uwd79,MKT,1.0,mid,2328,-21.29,-14.29,-16.4,-12.1,0.399,False
ETHUSDT-1h,prevBear,MKT,1.0,mid,1548,-19.72,-12.72,-15.2,-10.3,0.39,False
ETHUSDT-1h,smaBelow,MKT,1.0,mid,1347,-21.0,-14.0,-16.7,-11.2,0.395,False
ETHUSDT-1h,C3_w8q,MKT,1.0,mid,1207,-20.53,-13.53,-15.6,-11.5,0.355,False
ETHUSDT-1h,C6_w9dip,MKT,1.0,mid,726,-20.76,-13.76,-17.4,-9.7,0.368,False
ETHUSDT-1h,CQ7_w78q,MKT,1.0,mid,574,-23.65,-16.65,-19.8,-13.7,0.38,False
ETHUSDT-1h,ALL,MKT,1.0,NOSL,3328,-11.15,-4.15,-9.9,1.6,0.914,False
ETHUSDT-1h,quiet,MKT,1.0,NOSL,1368,-13.95,-6.95,-15.0,-0.3,0.936,False
ETHUSDT-1h,uwd78,MKT,1.0,NOSL,1330,-14.26,-7.26,-15.9,0.5,0.925,False
ETHUSDT-1h,uwd79,MKT,1.0,NOSL,2328,-13.81,-6.81,-13.4,-0.6,0.918,False
ETHUSDT-1h,prevBear,MKT,1.0,NOSL,1548,-6.26,0.74,-6.5,7.2,0.925,False
ETHUSDT-1h,smaBelow,MKT,1.0,NOSL,1347,-13.49,-6.49,-16.9,3.1,0.927,False
ETHUSDT-1h,C3_w8q,MKT,1.0,NOSL,1207,-14.26,-7.26,-16.0,0.7,0.935,False
ETHUSDT-1h,C6_w9dip,MKT,1.0,NOSL,726,-12.37,-5.37,-20.5,8.3,0.917,False
ETHUSDT-1h,CQ7_w78q,MKT,1.0,NOSL,574,-13.68,-6.68,-16.8,1.8,0.939,False
ETHUSDT-1h,ALL,MKT,1.5,low,3328,-16.24,-9.24,-11.4,-7.1,0.372,False
ETHUSDT-1h,quiet,MKT,1.5,low,1368,-19.11,-12.11,-14.3,-9.8,0.36,False
ETHUSDT-1h,uwd78,MKT,1.5,low,1330,-17.1,-10.1,-13.5,-6.9,0.429,False
ETHUSDT-1h,uwd79,MKT,1.5,low,2328,-17.19,-10.19,-12.8,-7.5,0.407,False
ETHUSDT-1h,prevBear,MKT,1.5,low,1548,-16.64,-9.64,-12.8,-6.5,0.383,False
ETHUSDT-1h,smaBelow,MKT,1.5,low,1347,-17.77,-10.77,-14.1,-7.4,0.387,False
ETHUSDT-1h,C3_w8q,MKT,1.5,low,1207,-17.92,-10.92,-13.3,-8.5,0.361,False
ETHUSDT-1h,C6_w9dip,MKT,1.5,low,726,-19.19,-12.19,-16.6,-7.4,0.335,False
ETHUSDT-1h,CQ7_w78q,MKT,1.5,low,574,-20.93,-13.93,-17.6,-10.5,0.401,False
ETHUSDT-1h,ALL,MKT,1.5,mid,3328,-16.14,-9.14,-11.2,-7.1,0.338,False
ETHUSDT-1h,quiet,MKT,1.5,mid,1368,-19.07,-12.07,-14.2,-9.9,0.322,False
ETHUSDT-1h,uwd78,MKT,1.5,mid,1330,-17.43,-10.43,-13.8,-7.4,0.387,False
ETHUSDT-1h,uwd79,MKT,1.5,mid,2328,-17.31,-10.31,-12.7,-7.8,0.366,False
ETHUSDT-1h,prevBear,MKT,1.5,mid,1548,-16.35,-9.35,-12.2,-6.3,0.349,False
ETHUSDT-1h,smaBelow,MKT,1.5,mid,1347,-17.66,-10.66,-13.8,-7.5,0.352,False
ETHUSDT-1h,C3_w8q,MKT,1.5,mid,1207,-18.05,-11.05,-13.4,-8.6,0.322,False
ETHUSDT-1h,C6_w9dip,MKT,1.5,mid,726,-18.36,-11.36,-15.7,-6.8,0.309,False
ETHUSDT-1h,CQ7_w78q,MKT,1.5,mid,574,-20.75,-13.75,-17.2,-10.4,0.361,False
ETHUSDT-1h,ALL,MKT,1.5,NOSL,3328,-4.32,2.68,-3.6,9.2,0.886,False
ETHUSDT-1h,quiet,MKT,1.5,NOSL,1368,-8.58,-1.58,-10.2,5.8,0.921,False
ETHUSDT-1h,uwd78,MKT,1.5,NOSL,1330,-6.21,0.79,-8.4,8.9,0.903,False
ETHUSDT-1h,uwd79,MKT,1.5,NOSL,2328,-5.15,1.85,-5.0,8.6,0.895,False
ETHUSDT-1h,prevBear,MKT,1.5,NOSL,1548,-1.69,5.31,-2.7,13.1,0.891,False
ETHUSDT-1h,smaBelow,MKT,1.5,NOSL,1347,-8.79,-1.79,-12.8,9.1,0.898,False
ETHUSDT-1h,C3_w8q,MKT,1.5,NOSL,1207,-8.39,-1.39,-10.7,6.8,0.92,False
ETHUSDT-1h,C6_w9dip,MKT,1.5,NOSL,726,-9.97,-2.97,-19.9,12.9,0.884,False
ETHUSDT-1h,CQ7_w78q,MKT,1.5,NOSL,574,-7.43,-0.43,-10.7,8.8,0.929,False
ETHUSDT-1h,ALL,PB,1.0,low,2977,-12.5,-5.5,-6.6,-4.4,0.182,False
ETHUSDT-1h,quiet,PB,1.0,low,1277,-12.35,-5.35,-6.5,-4.2,0.196,False
ETHUSDT-1h,uwd78,PB,1.0,low,1150,-11.83,-4.83,-6.8,-2.9,0.224,False
ETHUSDT-1h,uwd79,PB,1.0,low,2041,-12.72,-5.72,-7.0,-4.3,0.205,False
ETHUSDT-1h,prevBear,PB,1.0,low,1397,-11.95,-4.95,-6.6,-3.3,0.192,False
ETHUSDT-1h,smaBelow,PB,1.0,low,1218,-12.87,-5.87,-7.6,-4.1,0.196,False
ETHUSDT-1h,C3_w8q,PB,1.0,low,1129,-12.37,-5.37,-6.5,-4.1,0.19,False
ETHUSDT-1h,C6_w9dip,PB,1.0,low,671,-14.42,-7.42,-9.4,-5.3,0.152,False
ETHUSDT-1h,CQ7_w78q,PB,1.0,low,522,-11.99,-4.99,-7.0,-2.8,0.239,False
ETHUSDT-1h,ALL,PB,1.0,mid,2977,-12.6,-5.6,-6.3,-4.9,0.089,False
ETHUSDT-1h,quiet,PB,1.0,mid,1277,-12.35,-5.35,-6.1,-4.5,0.094,False
ETHUSDT-1h,uwd78,PB,1.0,mid,1150,-12.63,-5.63,-7.0,-4.2,0.111,False
ETHUSDT-1h,uwd79,PB,1.0,mid,2041,-13.02,-6.02,-6.9,-5.1,0.098,False
ETHUSDT-1h,prevBear,PB,1.0,mid,1397,-12.05,-5.05,-6.2,-3.9,0.099,False
ETHUSDT-1h,smaBelow,PB,1.0,mid,1218,-12.95,-5.95,-7.1,-4.7,0.095,False
ETHUSDT-1h,C3_w8q,PB,1.0,mid,1129,-12.34,-5.34,-6.1,-4.5,0.092,False
ETHUSDT-1h,C6_w9dip,PB,1.0,mid,671,-13.24,-6.24,-7.6,-4.9,0.075,False
ETHUSDT-1h,CQ7_w78q,PB,1.0,mid,522,-11.75,-4.75,-6.3,-2.9,0.126,False
ETHUSDT-1h,ALL,PB,1.0,NOSL,2977,2.21,9.21,2.2,15.4,0.909,True
ETHUSDT-1h,quiet,PB,1.0,NOSL,1277,-1.64,5.36,-3.8,12.9,0.942,False
ETHUSDT-1h,uwd78,PB,1.0,NOSL,1150,5.34,12.34,2.5,21.2,0.922,True
ETHUSDT-1h,uwd79,PB,1.0,NOSL,2041,2.42,9.42,1.6,16.6,0.914,True
ETHUSDT-1h,prevBear,PB,1.0,NOSL,1397,9.19,16.19,8.7,23.2,0.921,True
ETHUSDT-1h,smaBelow,PB,1.0,NOSL,1218,-2.33,4.67,-7.7,15.4,0.922,False
ETHUSDT-1h,C3_w8q,PB,1.0,NOSL,1129,-3.72,3.28,-6.4,11.4,0.94,False
ETHUSDT-1h,C6_w9dip,PB,1.0,NOSL,671,-4.0,3.0,-14.7,18.7,0.914,False
ETHUSDT-1h,CQ7_w78q,PB,1.0,NOSL,522,6.45,13.45,4.7,21.0,0.95,True
ETHUSDT-1h,ALL,PB,1.5,low,2977,-12.62,-5.62,-6.9,-4.4,0.143,False
ETHUSDT-1h,quiet,PB,1.5,low,1277,-12.86,-5.86,-7.2,-4.5,0.152,False
ETHUSDT-1h,uwd78,PB,1.5,low,1150,-12.26,-5.26,-7.4,-3.0,0.179,False
ETHUSDT-1h,uwd79,PB,1.5,low,2041,-12.76,-5.76,-7.3,-4.1,0.166,False
ETHUSDT-1h,prevBear,PB,1.5,low,1397,-12.07,-5.07,-7.0,-3.2,0.152,False
ETHUSDT-1h,smaBelow,PB,1.5,low,1218,-12.64,-5.64,-7.6,-3.5,0.159,False
ETHUSDT-1h,C3_w8q,PB,1.5,low,1129,-12.51,-5.51,-6.9,-4.0,0.15,False
ETHUSDT-1h,C6_w9dip,PB,1.5,low,671,-14.03,-7.03,-9.4,-4.5,0.119,False
ETHUSDT-1h,CQ7_w78q,PB,1.5,low,522,-13.32,-6.32,-8.5,-3.7,0.184,False
ETHUSDT-1h,ALL,PB,1.5,mid,2977,-12.55,-5.55,-6.4,-4.7,0.07,False
ETHUSDT-1h,quiet,PB,1.5,mid,1277,-12.32,-5.32,-6.3,-4.3,0.076,False
ETHUSDT-1h,uwd78,PB,1.5,mid,1150,-12.79,-5.79,-7.3,-4.1,0.089,False
ETHUSDT-1h,uwd79,PB,1.5,mid,2041,-12.96,-5.96,-7.0,-4.8,0.079,False
ETHUSDT-1h,prevBear,PB,1.5,mid,1397,-12.19,-5.19,-6.5,-3.8,0.076,False
ETHUSDT-1h,smaBelow,PB,1.5,mid,1218,-12.83,-5.83,-7.2,-4.4,0.076,False
ETHUSDT-1h,C3_w8q,PB,1.5,mid,1129,-12.14,-5.14,-6.1,-4.1,0.075,False
ETHUSDT-1h,C6_w9dip,PB,1.5,mid,671,-12.97,-5.97,-7.6,-4.2,0.058,False
ETHUSDT-1h,CQ7_w78q,PB,1.5,mid,522,-11.94,-4.94,-6.7,-2.8,0.102,False
ETHUSDT-1h,ALL,PB,1.5,NOSL,2977,5.26,12.26,4.8,19.3,0.874,True
ETHUSDT-1h,quiet,PB,1.5,NOSL,1277,-1.1,5.9,-3.6,14.1,0.915,False
ETHUSDT-1h,uwd78,PB,1.5,NOSL,1150,7.84,14.84,4.5,24.4,0.893,True
ETHUSDT-1h,uwd79,PB,1.5,NOSL,2041,6.01,13.01,4.7,21.1,0.884,True
ETHUSDT-1h,prevBear,PB,1.5,NOSL,1397,7.08,14.08,4.6,22.6,0.873,True
ETHUSDT-1h,smaBelow,PB,1.5,NOSL,1218,-1.61,5.39,-7.9,17.6,0.884,False
ETHUSDT-1h,C3_w8q,PB,1.5,NOSL,1129,-1.97,5.03,-5.6,14.2,0.913,False
ETHUSDT-1h,C6_w9dip,PB,1.5,NOSL,671,-4.48,2.52,-17.0,21.5,0.87,False
ETHUSDT-1h,CQ7_w78q,PB,1.5,NOSL,522,7.95,14.95,4.6,24.2,0.929,True
