entry,f,cond,exit,K,cost_cfg,N,net,ci_lo,ci_hi,wr,pval,bh_sig
PB,1.0,ALL,NOSL,0,PB_MKT,749,2.07,-32.6,32.7,0.913,0.900982,False
PB,1.0,ALL,TIME,12,PB_MKT,749,-24.57,-49.3,-0.6,0.798,0.023925,True
PB,1.0,ALL,TIME,24,PB_MKT,749,-16.91,-48.3,11.7,0.861,0.134496,False
PB,1.0,ALL,TIME,48,PB_MKT,749,2.07,-32.6,32.7,0.913,0.900982,False
PB,1.0,quiet,NOSL,0,PB_MKT,307,-9.97,-67.8,37.4,0.938,0.355052,False
PB,1.0,quiet,TIME,12,PB_MKT,307,-32.83,-69.0,0.7,0.827,0.03243,False
PB,1.0,quiet,TIME,24,PB_MKT,307,-19.96,-65.7,20.5,0.889,0.182261,False
PB,1.0,quiet,TIME,48,PB_MKT,307,-9.97,-67.8,37.4,0.938,0.355052,False
PB,1.0,uwd78,NOSL,0,PB_MKT,290,-28.67,-80.7,21.8,0.91,0.1364,False
PB,1.0,uwd78,TIME,12,PB_MKT,290,-62.43,-106.3,-21.3,0.783,0.002011,True
PB,1.0,uwd78,TIME,24,PB_MKT,290,-53.5,-103.5,-6.4,0.852,0.015339,True
PB,1.0,uwd78,TIME,48,PB_MKT,290,-28.67,-80.7,21.8,0.91,0.1364,False
PB,1.0,uwd79,NOSL,0,PB_MKT,519,-17.21,-54.7,19.6,0.908,0.181948,False
PB,1.0,uwd79,TIME,12,PB_MKT,519,-41.93,-71.5,-12.9,0.796,0.002545,True
PB,1.0,uwd79,TIME,24,PB_MKT,519,-40.22,-74.3,-4.3,0.855,0.0122,True
PB,1.0,uwd79,TIME,48,PB_MKT,519,-17.21,-54.7,19.6,0.908,0.181948,False
PB,1.0,prevBear,NOSL,0,PB_MKT,326,16.32,-26.2,55.4,0.923,0.433452,False
PB,1.0,prevBear,TIME,12,PB_MKT,326,-21.68,-59.8,14.3,0.813,0.125708,False
PB,1.0,prevBear,TIME,24,PB_MKT,326,-9.34,-53.5,30.8,0.868,0.331963,False
PB,1.0,prevBear,TIME,48,PB_MKT,326,16.32,-26.2,55.4,0.923,0.433452,False
PB,1.0,smaBelow,NOSL,0,PB_MKT,344,-3.73,-52.8,40.7,0.924,0.437886,False
PB,1.0,smaBelow,TIME,12,PB_MKT,344,-45.8,-86.9,-8.1,0.805,0.011355,True
PB,1.0,smaBelow,TIME,24,PB_MKT,344,-37.42,-85.7,2.8,0.858,0.048643,False
PB,1.0,smaBelow,TIME,48,PB_MKT,344,-3.73,-52.8,40.7,0.924,0.437886,False
PB,1.0,C3_w8q,NOSL,0,PB_MKT,278,-9.87,-76.9,41.7,0.939,0.372153,False
PB,1.0,C3_w8q,TIME,12,PB_MKT,278,-31.31,-72.8,5.9,0.827,0.059289,False
PB,1.0,C3_w8q,TIME,24,PB_MKT,278,-25.41,-79.4,18.5,0.885,0.154413,False
PB,1.0,C3_w8q,TIME,48,PB_MKT,278,-9.87,-76.9,41.7,0.939,0.372153,False
PB,1.0,C6_w9dip,NOSL,0,PB_MKT,176,58.87,14.7,96.5,0.938,0.004775,True
PB,1.0,C6_w9dip,TIME,12,PB_MKT,176,-10.15,-67.4,37.8,0.841,0.352556,False
PB,1.0,C6_w9dip,TIME,24,PB_MKT,176,17.04,-36.9,64.1,0.886,0.508526,False
PB,1.0,C6_w9dip,TIME,48,PB_MKT,176,58.87,14.7,96.5,0.938,0.004775,True
PB,1.0,CQ7_w78q,NOSL,0,PB_MKT,122,-36.57,-123.0,32.9,0.91,0.178831,False
PB,1.0,CQ7_w78q,TIME,12,PB_MKT,122,-77.94,-140.7,-23.7,0.779,0.004505,True
PB,1.0,CQ7_w78q,TIME,24,PB_MKT,122,-52.14,-123.7,4.3,0.852,0.055234,False
PB,1.0,CQ7_w78q,TIME,48,PB_MKT,122,-36.57,-123.0,32.9,0.91,0.178831,False
PB,1.5,ALL,NOSL,0,PB_MKT,749,27.38,-10.8,63.4,0.884,0.148004,False
PB,1.5,ALL,TIME,12,PB_MKT,749,-17.31,-45.6,9.1,0.734,0.107506,False
PB,1.5,ALL,TIME,24,PB_MKT,749,-1.31,-37.7,30.8,0.814,0.470159,False
PB,1.5,ALL,TIME,48,PB_MKT,749,27.38,-10.8,63.4,0.884,0.148004,False
PB,1.5,quiet,NOSL,0,PB_MKT,307,21.47,-40.2,72.6,0.925,0.455733,False
PB,1.5,quiet,TIME,12,PB_MKT,307,-25.69,-65.9,11.2,0.772,0.095575,False
PB,1.5,quiet,TIME,24,PB_MKT,307,5.32,-43.9,49.3,0.866,0.822858,False
PB,1.5,quiet,TIME,48,PB_MKT,307,21.47,-40.2,72.6,0.925,0.455733,False
PB,1.5,uwd78,NOSL,0,PB_MKT,290,-24.14,-85.4,32.7,0.879,0.211482,False
PB,1.5,uwd78,TIME,12,PB_MKT,290,-57.69,-106.4,-10.5,0.738,0.009194,True
PB,1.5,uwd78,TIME,24,PB_MKT,290,-49.12,-104.7,2.2,0.807,0.035886,False
PB,1.5,uwd78,TIME,48,PB_MKT,290,-24.14,-85.4,32.7,0.879,0.211482,False
PB,1.5,uwd79,NOSL,0,PB_MKT,519,-0.21,-42.9,40.6,0.881,0.49607,False
PB,1.5,uwd79,TIME,12,PB_MKT,519,-35.66,-69.5,-2.6,0.738,0.018316,True
PB,1.5,uwd79,TIME,24,PB_MKT,519,-30.71,-70.8,8.6,0.813,0.064565,False
PB,1.5,uwd79,TIME,48,PB_MKT,519,-0.21,-42.9,40.6,0.881,0.49607,False
PB,1.5,prevBear,NOSL,0,PB_MKT,326,39.12,-14.9,87.0,0.896,0.132416,False
PB,1.5,prevBear,TIME,12,PB_MKT,326,-16.14,-58.9,24.5,0.739,0.223849,False
PB,1.5,prevBear,TIME,24,PB_MKT,326,4.15,-43.1,48.7,0.816,0.859325,False
PB,1.5,prevBear,TIME,48,PB_MKT,326,39.12,-14.9,87.0,0.896,0.132416,False
PB,1.5,smaBelow,NOSL,0,PB_MKT,344,19.7,-36.9,70.5,0.901,0.472231,False
PB,1.5,smaBelow,TIME,12,PB_MKT,344,-34.67,-80.7,7.3,0.747,0.061239,False
PB,1.5,smaBelow,TIME,24,PB_MKT,344,-19.98,-72.5,25.6,0.82,0.212433,False
PB,1.5,smaBelow,TIME,48,PB_MKT,344,19.7,-36.9,70.5,0.901,0.472231,False
PB,1.5,C3_w8q,NOSL,0,PB_MKT,278,25.58,-42.1,79.8,0.928,0.41096,False
PB,1.5,C3_w8q,TIME,12,PB_MKT,278,-22.28,-67.9,19.0,0.773,0.157381,False
PB,1.5,C3_w8q,TIME,24,PB_MKT,278,2.63,-55.8,51.1,0.863,0.923274,False
PB,1.5,C3_w8q,TIME,48,PB_MKT,278,25.58,-42.1,79.8,0.928,0.41096,False
PB,1.5,C6_w9dip,NOSL,0,PB_MKT,176,103.71,51.3,149.0,0.915,3.2e-05,True
PB,1.5,C6_w9dip,TIME,12,PB_MKT,176,12.93,-49.2,66.3,0.784,0.660726,False
PB,1.5,C6_w9dip,TIME,24,PB_MKT,176,53.4,-9.4,109.2,0.864,0.077582,False
PB,1.5,C6_w9dip,TIME,48,PB_MKT,176,103.71,51.3,149.0,0.915,3.2e-05,True
PB,1.5,CQ7_w78q,NOSL,0,PB_MKT,122,-26.27,-120.9,50.6,0.885,0.274182,False
PB,1.5,CQ7_w78q,TIME,12,PB_MKT,122,-71.82,-139.2,-11.5,0.738,0.013756,True
PB,1.5,CQ7_w78q,TIME,24,PB_MKT,122,-33.64,-108.7,29.2,0.82,0.169595,False
PB,1.5,CQ7_w78q,TIME,48,PB_MKT,122,-26.27,-120.9,50.6,0.885,0.274182,False
MKT,1.0,ALL,NOSL,0,PB_MKT,839,46.18,18.8,69.8,0.934,0.000392,True
MKT,1.0,ALL,TIME,12,PB_MKT,839,18.19,-1.9,38.7,0.844,0.079,False
MKT,1.0,ALL,TIME,24,PB_MKT,839,27.81,3.8,50.5,0.894,0.019765,False
MKT,1.0,ALL,TIME,48,PB_MKT,839,46.18,18.8,69.8,0.934,0.000392,True
MKT,1.0,quiet,NOSL,0,PB_MKT,335,29.13,-7.3,57.6,0.958,0.078522,False
MKT,1.0,quiet,TIME,12,PB_MKT,335,1.34,-26.0,26.7,0.869,0.920845,False
MKT,1.0,quiet,TIME,24,PB_MKT,335,15.72,-15.3,41.2,0.919,0.275472,False
MKT,1.0,quiet,TIME,48,PB_MKT,335,29.13,-7.3,57.6,0.958,0.078522,False
MKT,1.0,uwd78,NOSL,0,PB_MKT,334,28.32,-13.7,64.5,0.94,0.155974,False
MKT,1.0,uwd78,TIME,12,PB_MKT,334,-12.6,-48.2,19.7,0.838,0.233343,False
MKT,1.0,uwd78,TIME,24,PB_MKT,334,2.68,-38.4,39.1,0.898,0.892184,False
MKT,1.0,uwd78,TIME,48,PB_MKT,334,28.32,-13.7,64.5,0.94,0.155974,False
MKT,1.0,uwd79,NOSL,0,PB_MKT,586,27.32,-3.2,55.4,0.932,0.067509,False
MKT,1.0,uwd79,TIME,12,PB_MKT,586,4.71,-19.9,28.1,0.846,0.700289,False
MKT,1.0,uwd79,TIME,24,PB_MKT,586,6.88,-22.2,34.3,0.894,0.633144,False
MKT,1.0,uwd79,TIME,48,PB_MKT,586,27.32,-3.2,55.4,0.932,0.067509,False
MKT,1.0,prevBear,NOSL,0,PB_MKT,373,49.36,11.4,82.5,0.941,0.006486,True
MKT,1.0,prevBear,TIME,12,PB_MKT,373,28.55,-2.8,56.4,0.869,0.05864,False
MKT,1.0,prevBear,TIME,24,PB_MKT,373,36.07,0.7,67.9,0.906,0.035432,False
MKT,1.0,prevBear,TIME,48,PB_MKT,373,49.36,11.4,82.5,0.941,0.006486,True
MKT,1.0,smaBelow,NOSL,0,PB_MKT,381,32.72,-7.6,69.9,0.942,0.097853,False
MKT,1.0,smaBelow,TIME,12,PB_MKT,381,-3.06,-38.8,30.6,0.85,0.431371,False
MKT,1.0,smaBelow,TIME,24,PB_MKT,381,4.65,-35.7,42.4,0.89,0.815307,False
MKT,1.0,smaBelow,TIME,48,PB_MKT,381,32.72,-7.6,69.9,0.942,0.097853,False
MKT,1.0,C3_w8q,NOSL,0,PB_MKT,300,30.3,-7.6,62.0,0.957,0.087492,False
MKT,1.0,C3_w8q,TIME,12,PB_MKT,300,2.01,-27.4,29.3,0.863,0.889695,False
MKT,1.0,C3_w8q,TIME,24,PB_MKT,300,12.59,-19.0,42.8,0.913,0.42399,False
MKT,1.0,C3_w8q,TIME,48,PB_MKT,300,30.3,-7.6,62.0,0.957,0.087492,False
MKT,1.0,C6_w9dip,NOSL,0,PB_MKT,195,78.66,41.2,113.2,0.949,1.9e-05,True
MKT,1.0,C6_w9dip,TIME,12,PB_MKT,195,30.51,-14.9,73.3,0.877,0.175132,False
MKT,1.0,C6_w9dip,TIME,24,PB_MKT,195,46.26,-1.1,86.8,0.908,0.039234,False
MKT,1.0,C6_w9dip,TIME,48,PB_MKT,195,78.66,41.2,113.2,0.949,1.9e-05,True
MKT,1.0,CQ7_w78q,NOSL,0,PB_MKT,137,5.05,-57.3,59.4,0.949,0.865168,False
MKT,1.0,CQ7_w78q,TIME,12,PB_MKT,137,-38.48,-88.6,10.2,0.847,0.063313,False
MKT,1.0,CQ7_w78q,TIME,24,PB_MKT,137,-13.61,-69.3,33.8,0.905,0.302384,False
MKT,1.0,CQ7_w78q,TIME,48,PB_MKT,137,5.05,-57.3,59.4,0.949,0.865168,False
MKT,1.5,ALL,NOSL,0,PB_MKT,839,70.79,38.5,99.7,0.902,6e-06,True
MKT,1.5,ALL,TIME,12,PB_MKT,839,33.87,10.7,57.9,0.785,0.004972,False
MKT,1.5,ALL,TIME,24,PB_MKT,839,51.93,23.8,78.9,0.853,0.000222,True
MKT,1.5,ALL,TIME,48,PB_MKT,839,70.79,38.5,99.7,0.902,6e-06,True
MKT,1.5,quiet,NOSL,0,PB_MKT,335,63.07,23.6,94.3,0.946,0.000472,True
MKT,1.5,quiet,TIME,12,PB_MKT,335,15.31,-17.0,45.9,0.818,0.339767,False
MKT,1.5,quiet,TIME,24,PB_MKT,335,48.36,13.7,77.9,0.901,0.003177,True
MKT,1.5,quiet,TIME,48,PB_MKT,335,63.07,23.6,94.3,0.946,0.000472,True
MKT,1.5,uwd78,NOSL,0,PB_MKT,334,36.45,-15.8,82.6,0.907,0.146636,False
MKT,1.5,uwd78,TIME,12,PB_MKT,334,0.66,-39.7,39.0,0.793,0.973728,False
MKT,1.5,uwd78,TIME,24,PB_MKT,334,14.67,-33.8,58.4,0.859,0.532581,False
MKT,1.5,uwd78,TIME,48,PB_MKT,334,36.45,-15.8,82.6,0.907,0.146636,False
MKT,1.5,uwd79,NOSL,0,PB_MKT,586,44.29,6.8,79.9,0.901,0.017526,True
MKT,1.5,uwd79,TIME,12,PB_MKT,586,19.66,-9.3,47.4,0.794,0.173783,False
MKT,1.5,uwd79,TIME,24,PB_MKT,586,26.78,-9.0,59.5,0.858,0.12524,False
MKT,1.5,uwd79,TIME,48,PB_MKT,586,44.29,6.8,79.9,0.901,0.017526,False
MKT,1.5,prevBear,NOSL,0,PB_MKT,373,79.19,34.9,123.6,0.914,0.000469,True
MKT,1.5,prevBear,TIME,12,PB_MKT,373,46.14,10.9,80.5,0.804,0.009342,False
MKT,1.5,prevBear,TIME,24,PB_MKT,373,68.75,28.8,109.4,0.871,0.000824,True
MKT,1.5,prevBear,TIME,48,PB_MKT,373,79.19,34.9,123.6,0.914,0.000469,True
MKT,1.5,smaBelow,NOSL,0,PB_MKT,381,58.75,10.0,106.7,0.919,0.017241,True
MKT,1.5,smaBelow,TIME,12,PB_MKT,381,16.16,-22.6,55.2,0.798,0.41553,False
MKT,1.5,smaBelow,TIME,24,PB_MKT,381,32.97,-12.3,77.1,0.858,0.148252,False
MKT,1.5,smaBelow,TIME,48,PB_MKT,381,58.75,10.0,106.7,0.919,0.017241,False
MKT,1.5,C3_w8q,NOSL,0,PB_MKT,300,68.07,28.6,102.8,0.947,0.000321,True
MKT,1.5,C3_w8q,TIME,12,PB_MKT,300,18.35,-14.9,50.5,0.817,0.271045,False
MKT,1.5,C3_w8q,TIME,24,PB_MKT,300,48.36,15.0,80.8,0.897,0.00401,False
MKT,1.5,C3_w8q,TIME,48,PB_MKT,300,68.07,28.6,102.8,0.947,0.000321,True
MKT,1.5,C6_w9dip,NOSL,0,PB_MKT,195,124.48,77.7,166.4,0.923,0.0,True
MKT,1.5,C6_w9dip,TIME,12,PB_MKT,195,64.39,11.9,113.7,0.826,0.013184,False
MKT,1.5,C6_w9dip,TIME,24,PB_MKT,195,95.69,42.4,142.7,0.887,0.000183,True
MKT,1.5,C6_w9dip,TIME,48,PB_MKT,195,124.48,77.7,166.4,0.923,0.0,True
MKT,1.5,CQ7_w78q,NOSL,0,PB_MKT,137,19.85,-50.4,82.3,0.927,0.557643,False
MKT,1.5,CQ7_w78q,TIME,12,PB_MKT,137,-30.93,-89.1,23.4,0.803,0.140586,False
MKT,1.5,CQ7_w78q,TIME,24,PB_MKT,137,4.69,-57.1,57.7,0.876,0.872878,False
MKT,1.5,CQ7_w78q,TIME,48,PB_MKT,137,19.85,-50.4,82.3,0.927,0.557643,False
