entry,f,cond,exit,K,cost_cfg,N,net,ci_lo,ci_hi,wr,pval
PB,1.0,ALL,NOSL,0,PB_PB,749,9.57,-25.1,40.2,0.913,0.565571
PB,1.0,ALL,NOSL,0,PB_MKT,749,2.07,-32.6,32.7,0.913,0.900982
PB,1.0,ALL,NOSL,0,MKT_MKT,749,-1.43,-36.1,29.2,0.913,0.46587
PB,1.0,ALL,TIME,12,PB_PB,749,-17.07,-41.8,6.9,0.798,0.084605
PB,1.0,ALL,TIME,12,PB_MKT,749,-24.57,-49.3,-0.6,0.798,0.023925
PB,1.0,ALL,TIME,12,MKT_MKT,749,-28.07,-52.8,-4.1,0.798,0.011894
PB,1.0,ALL,TIME,24,PB_PB,749,-9.41,-40.8,19.2,0.861,0.269214
PB,1.0,ALL,TIME,24,PB_MKT,749,-16.91,-48.3,11.7,0.861,0.134496
PB,1.0,ALL,TIME,24,MKT_MKT,749,-20.41,-51.8,8.2,0.861,0.091078
PB,1.0,ALL,TIME,48,PB_PB,749,9.57,-25.1,40.2,0.913,0.565571
PB,1.0,ALL,TIME,48,PB_MKT,749,2.07,-32.6,32.7,0.913,0.900982
PB,1.0,ALL,TIME,48,MKT_MKT,749,-1.43,-36.1,29.2,0.913,0.46587
PB,1.0,quiet,NOSL,0,PB_PB,307,-2.47,-60.3,44.9,0.938,0.463261
PB,1.0,quiet,NOSL,0,PB_MKT,307,-9.97,-67.8,37.4,0.938,0.355052
PB,1.0,quiet,NOSL,0,MKT_MKT,307,-13.47,-71.3,33.9,0.938,0.307782
PB,1.0,quiet,TIME,12,PB_PB,307,-25.33,-61.5,8.2,0.827,0.077159
PB,1.0,quiet,TIME,12,PB_MKT,307,-32.83,-69.0,0.7,0.827,0.03243
PB,1.0,quiet,TIME,12,MKT_MKT,307,-36.33,-72.5,-2.8,0.827,0.020524
PB,1.0,quiet,TIME,24,PB_PB,307,-12.46,-58.2,28.0,0.889,0.285704
PB,1.0,quiet,TIME,24,PB_MKT,307,-19.96,-65.7,20.5,0.889,0.182261
PB,1.0,quiet,TIME,24,MKT_MKT,307,-23.46,-69.2,17.0,0.889,0.143252
PB,1.0,quiet,TIME,48,PB_PB,307,-2.47,-60.3,44.9,0.938,0.463261
PB,1.0,quiet,TIME,48,PB_MKT,307,-9.97,-67.8,37.4,0.938,0.355052
PB,1.0,quiet,TIME,48,MKT_MKT,307,-13.47,-71.3,33.9,0.938,0.307782
PB,1.0,uwd78,NOSL,0,PB_PB,290,-21.17,-73.2,29.3,0.91,0.209025
PB,1.0,uwd78,NOSL,0,PB_MKT,290,-28.67,-80.7,21.8,0.91,0.1364
PB,1.0,uwd78,NOSL,0,MKT_MKT,290,-32.17,-84.2,18.3,0.91,0.109256
PB,1.0,uwd78,TIME,12,PB_PB,290,-54.93,-98.8,-13.8,0.783,0.005689
PB,1.0,uwd78,TIME,12,PB_MKT,290,-62.43,-106.3,-21.3,0.783,0.002011
PB,1.0,uwd78,TIME,12,MKT_MKT,290,-65.93,-109.8,-24.8,0.783,0.001192
PB,1.0,uwd78,TIME,24,PB_PB,290,-46.0,-96.0,1.1,0.852,0.031567
PB,1.0,uwd78,TIME,24,PB_MKT,290,-53.5,-103.5,-6.4,0.852,0.015339
PB,1.0,uwd78,TIME,24,MKT_MKT,290,-57.0,-107.0,-9.9,0.852,0.01065
PB,1.0,uwd78,TIME,48,PB_PB,290,-21.17,-73.2,29.3,0.91,0.209025
PB,1.0,uwd78,TIME,48,PB_MKT,290,-28.67,-80.7,21.8,0.91,0.1364
PB,1.0,uwd78,TIME,48,MKT_MKT,290,-32.17,-84.2,18.3,0.91,0.109256
PB,1.0,uwd79,NOSL,0,PB_PB,519,-9.71,-47.2,27.1,0.908,0.304243
PB,1.0,uwd79,NOSL,0,PB_MKT,519,-17.21,-54.7,19.6,0.908,0.181948
PB,1.0,uwd79,NOSL,0,MKT_MKT,519,-20.71,-58.2,16.1,0.908,0.137276
PB,1.0,uwd79,TIME,12,PB_PB,519,-34.43,-64.0,-5.4,0.796,0.01072
PB,1.0,uwd79,TIME,12,PB_MKT,519,-41.93,-71.5,-12.9,0.796,0.002545
PB,1.0,uwd79,TIME,12,MKT_MKT,519,-45.43,-75.0,-16.4,0.796,0.001202
PB,1.0,uwd79,TIME,24,PB_PB,519,-32.72,-66.8,3.2,0.855,0.033548
PB,1.0,uwd79,TIME,24,PB_MKT,519,-40.22,-74.3,-4.3,0.855,0.0122
PB,1.0,uwd79,TIME,24,MKT_MKT,519,-43.72,-77.8,-7.8,0.855,0.00721
PB,1.0,uwd79,TIME,48,PB_PB,519,-9.71,-47.2,27.1,0.908,0.304243
PB,1.0,uwd79,TIME,48,PB_MKT,519,-17.21,-54.7,19.6,0.908,0.181948
PB,1.0,uwd79,TIME,48,MKT_MKT,519,-20.71,-58.2,16.1,0.908,0.137276
PB,1.0,prevBear,NOSL,0,PB_PB,326,23.82,-18.7,62.9,0.923,0.252891
PB,1.0,prevBear,NOSL,0,PB_MKT,326,16.32,-26.2,55.4,0.923,0.433452
PB,1.0,prevBear,NOSL,0,MKT_MKT,326,12.82,-29.7,51.9,0.923,0.538376
PB,1.0,prevBear,TIME,12,PB_PB,326,-14.18,-52.3,21.8,0.813,0.226594
PB,1.0,prevBear,TIME,12,PB_MKT,326,-21.68,-59.8,14.3,0.813,0.125708
PB,1.0,prevBear,TIME,12,MKT_MKT,326,-25.18,-63.3,10.8,0.813,0.091415
PB,1.0,prevBear,TIME,24,PB_PB,326,-1.84,-46.0,38.3,0.868,0.46595
PB,1.0,prevBear,TIME,24,PB_MKT,326,-9.34,-53.5,30.8,0.868,0.331963
PB,1.0,prevBear,TIME,24,MKT_MKT,326,-12.84,-57.0,27.3,0.868,0.275124
PB,1.0,prevBear,TIME,48,PB_PB,326,23.82,-18.7,62.9,0.923,0.252891
PB,1.0,prevBear,TIME,48,PB_MKT,326,16.32,-26.2,55.4,0.923,0.433452
PB,1.0,prevBear,TIME,48,MKT_MKT,326,12.82,-29.7,51.9,0.923,0.538376
PB,1.0,smaBelow,NOSL,0,PB_PB,344,3.77,-45.3,48.2,0.924,0.874206
PB,1.0,smaBelow,NOSL,0,PB_MKT,344,-3.73,-52.8,40.7,0.924,0.437886
PB,1.0,smaBelow,NOSL,0,MKT_MKT,344,-7.23,-56.3,37.2,0.924,0.380881
PB,1.0,smaBelow,TIME,12,PB_PB,344,-38.3,-79.4,-0.6,0.805,0.028375
PB,1.0,smaBelow,TIME,12,PB_MKT,344,-45.8,-86.9,-8.1,0.805,0.011355
PB,1.0,smaBelow,TIME,12,MKT_MKT,344,-49.3,-90.4,-11.6,0.805,0.007096
PB,1.0,smaBelow,TIME,24,PB_PB,344,-29.92,-78.2,10.3,0.858,0.092446
PB,1.0,smaBelow,TIME,24,PB_MKT,344,-37.42,-85.7,2.8,0.858,0.048643
PB,1.0,smaBelow,TIME,24,MKT_MKT,344,-40.92,-89.2,-0.7,0.858,0.034897
PB,1.0,smaBelow,TIME,48,PB_PB,344,3.77,-45.3,48.2,0.924,0.874206
PB,1.0,smaBelow,TIME,48,PB_MKT,344,-3.73,-52.8,40.7,0.924,0.437886
PB,1.0,smaBelow,TIME,48,MKT_MKT,344,-7.23,-56.3,37.2,0.924,0.380881
PB,1.0,C3_w8q,NOSL,0,PB_PB,278,-2.37,-69.4,49.2,0.939,0.468788
PB,1.0,C3_w8q,NOSL,0,PB_MKT,278,-9.87,-76.9,41.7,0.939,0.372153
PB,1.0,C3_w8q,NOSL,0,MKT_MKT,278,-13.37,-80.4,38.2,0.939,0.329312
PB,1.0,C3_w8q,TIME,12,PB_PB,278,-23.81,-65.3,13.4,0.827,0.117633
PB,1.0,C3_w8q,TIME,12,PB_MKT,278,-31.31,-72.8,5.9,0.827,0.059289
PB,1.0,C3_w8q,TIME,12,MKT_MKT,278,-34.81,-76.3,2.4,0.827,0.041349
PB,1.0,C3_w8q,TIME,24,PB_PB,278,-17.91,-71.9,26.0,0.885,0.23659
PB,1.0,C3_w8q,TIME,24,PB_MKT,278,-25.41,-79.4,18.5,0.885,0.154413
PB,1.0,C3_w8q,TIME,24,MKT_MKT,278,-28.91,-82.9,15.0,0.885,0.12346
PB,1.0,C3_w8q,TIME,48,PB_PB,278,-2.37,-69.4,49.2,0.939,0.468788
PB,1.0,C3_w8q,TIME,48,PB_MKT,278,-9.87,-76.9,41.7,0.939,0.372153
PB,1.0,C3_w8q,TIME,48,MKT_MKT,278,-13.37,-80.4,38.2,0.939,0.329312
PB,1.0,C6_w9dip,NOSL,0,PB_PB,176,66.37,22.2,104.0,0.938,0.001466
PB,1.0,C6_w9dip,NOSL,0,PB_MKT,176,58.87,14.7,96.5,0.938,0.004775
PB,1.0,C6_w9dip,NOSL,0,MKT_MKT,176,55.37,11.2,93.0,0.938,0.007953
PB,1.0,C6_w9dip,TIME,12,PB_PB,176,-2.65,-59.9,45.3,0.841,0.460636
PB,1.0,C6_w9dip,TIME,12,PB_MKT,176,-10.15,-67.4,37.8,0.841,0.352556
PB,1.0,C6_w9dip,TIME,12,MKT_MKT,176,-13.65,-70.9,34.3,0.841,0.305409
PB,1.0,C6_w9dip,TIME,24,PB_PB,176,24.54,-29.4,71.6,0.886,0.341073
PB,1.0,C6_w9dip,TIME,24,PB_MKT,176,17.04,-36.9,64.1,0.886,0.508526
PB,1.0,C6_w9dip,TIME,24,MKT_MKT,176,13.54,-40.4,60.6,0.886,0.599322
PB,1.0,C6_w9dip,TIME,48,PB_PB,176,66.37,22.2,104.0,0.938,0.001466
PB,1.0,C6_w9dip,TIME,48,PB_MKT,176,58.87,14.7,96.5,0.938,0.004775
PB,1.0,C6_w9dip,TIME,48,MKT_MKT,176,55.37,11.2,93.0,0.938,0.007953
PB,1.0,CQ7_w78q,NOSL,0,PB_PB,122,-29.07,-115.5,40.4,0.91,0.232327
PB,1.0,CQ7_w78q,NOSL,0,PB_MKT,122,-36.57,-123.0,32.9,0.91,0.178831
PB,1.0,CQ7_w78q,NOSL,0,MKT_MKT,122,-40.07,-126.5,29.4,0.91,0.156762
PB,1.0,CQ7_w78q,TIME,12,PB_PB,122,-70.44,-133.2,-16.2,0.779,0.009128
PB,1.0,CQ7_w78q,TIME,12,PB_MKT,122,-77.94,-140.7,-23.7,0.779,0.004505
PB,1.0,CQ7_w78q,TIME,12,MKT_MKT,122,-81.44,-144.2,-27.2,0.779,0.003177
PB,1.0,CQ7_w78q,TIME,24,PB_PB,122,-44.64,-116.2,11.8,0.852,0.085887
PB,1.0,CQ7_w78q,TIME,24,PB_MKT,122,-52.14,-123.7,4.3,0.852,0.055234
PB,1.0,CQ7_w78q,TIME,24,MKT_MKT,122,-55.64,-127.2,0.8,0.852,0.044263
PB,1.0,CQ7_w78q,TIME,48,PB_PB,122,-29.07,-115.5,40.4,0.91,0.232327
PB,1.0,CQ7_w78q,TIME,48,PB_MKT,122,-36.57,-123.0,32.9,0.91,0.178831
PB,1.0,CQ7_w78q,TIME,48,MKT_MKT,122,-40.07,-126.5,29.4,0.91,0.156762
PB,1.5,ALL,NOSL,0,PB_PB,749,34.88,-3.3,70.9,0.884,0.065344
PB,1.5,ALL,NOSL,0,PB_MKT,749,27.38,-10.8,63.4,0.884,0.148004
PB,1.5,ALL,NOSL,0,MKT_MKT,749,23.88,-14.3,59.9,0.884,0.207061
PB,1.5,ALL,TIME,12,PB_PB,749,-9.81,-38.1,16.6,0.734,0.241119
PB,1.5,ALL,TIME,12,PB_MKT,749,-17.31,-45.6,9.1,0.734,0.107506
PB,1.5,ALL,TIME,12,MKT_MKT,749,-20.81,-49.1,5.6,0.734,0.068034
PB,1.5,ALL,TIME,24,PB_PB,749,6.19,-30.2,38.3,0.814,0.722838
PB,1.5,ALL,TIME,24,PB_MKT,749,-1.31,-37.7,30.8,0.814,0.470159
PB,1.5,ALL,TIME,24,MKT_MKT,749,-4.81,-41.2,27.3,0.814,0.391535
PB,1.5,ALL,TIME,48,PB_PB,749,34.88,-3.3,70.9,0.884,0.065344
PB,1.5,ALL,TIME,48,PB_MKT,749,27.38,-10.8,63.4,0.884,0.148004
PB,1.5,ALL,TIME,48,MKT_MKT,749,23.88,-14.3,59.9,0.884,0.207061
PB,1.5,quiet,NOSL,0,PB_PB,307,28.97,-32.7,80.1,0.925,0.314218
PB,1.5,quiet,NOSL,0,PB_MKT,307,21.47,-40.2,72.6,0.925,0.455733
PB,1.5,quiet,NOSL,0,MKT_MKT,307,17.97,-43.7,69.1,0.925,0.53242
PB,1.5,quiet,TIME,12,PB_PB,307,-18.19,-58.4,18.7,0.772,0.177348
PB,1.5,quiet,TIME,12,PB_MKT,307,-25.69,-65.9,11.2,0.772,0.095575
PB,1.5,quiet,TIME,12,MKT_MKT,307,-29.19,-69.4,7.7,0.772,0.068733
PB,1.5,quiet,TIME,24,PB_PB,307,12.82,-36.4,56.8,0.866,0.589538
PB,1.5,quiet,TIME,24,PB_MKT,307,5.32,-43.9,49.3,0.866,0.822858
PB,1.5,quiet,TIME,24,MKT_MKT,307,1.82,-47.4,45.8,0.866,0.938962
PB,1.5,quiet,TIME,48,PB_PB,307,28.97,-32.7,80.1,0.925,0.314218
PB,1.5,quiet,TIME,48,PB_MKT,307,21.47,-40.2,72.6,0.925,0.455733
PB,1.5,quiet,TIME,48,MKT_MKT,307,17.97,-43.7,69.1,0.925,0.53242
PB,1.5,uwd78,NOSL,0,PB_PB,290,-16.64,-77.9,40.2,0.879,0.290358
PB,1.5,uwd78,NOSL,0,PB_MKT,290,-24.14,-85.4,32.7,0.879,0.211482
PB,1.5,uwd78,NOSL,0,MKT_MKT,290,-27.64,-88.9,29.2,0.879,0.179449
PB,1.5,uwd78,TIME,12,PB_PB,290,-50.19,-98.9,-3.0,0.738,0.020124
PB,1.5,uwd78,TIME,12,PB_MKT,290,-57.69,-106.4,-10.5,0.738,0.009194
PB,1.5,uwd78,TIME,12,MKT_MKT,290,-61.19,-109.9,-14.0,0.738,0.006196
PB,1.5,uwd78,TIME,24,PB_PB,290,-41.62,-97.2,9.7,0.807,0.063554
PB,1.5,uwd78,TIME,24,PB_MKT,290,-49.12,-104.7,2.2,0.807,0.035886
PB,1.5,uwd78,TIME,24,MKT_MKT,290,-52.62,-108.2,-1.3,0.807,0.026874
PB,1.5,uwd78,TIME,48,PB_PB,290,-16.64,-77.9,40.2,0.879,0.290358
PB,1.5,uwd78,TIME,48,PB_MKT,290,-24.14,-85.4,32.7,0.879,0.211482
PB,1.5,uwd78,TIME,48,MKT_MKT,290,-27.64,-88.9,29.2,0.879,0.179449
PB,1.5,uwd79,NOSL,0,PB_PB,519,7.29,-35.4,48.1,0.881,0.731927
PB,1.5,uwd79,NOSL,0,PB_MKT,519,-0.21,-42.9,40.6,0.881,0.49607
PB,1.5,uwd79,NOSL,0,MKT_MKT,519,-3.71,-46.4,37.1,0.881,0.430811
PB,1.5,uwd79,TIME,12,PB_PB,519,-28.16,-62.0,4.9,0.738,0.049434
PB,1.5,uwd79,TIME,12,PB_MKT,519,-35.66,-69.5,-2.6,0.738,0.018316
PB,1.5,uwd79,TIME,12,MKT_MKT,519,-39.16,-73.0,-6.1,0.738,0.010868
PB,1.5,uwd79,TIME,24,PB_PB,519,-23.21,-63.3,16.1,0.813,0.125695
PB,1.5,uwd79,TIME,24,PB_MKT,519,-30.71,-70.8,8.6,0.813,0.064565
PB,1.5,uwd79,TIME,24,MKT_MKT,519,-34.21,-74.3,5.1,0.813,0.045469
PB,1.5,uwd79,TIME,48,PB_PB,519,7.29,-35.4,48.1,0.881,0.731927
PB,1.5,uwd79,TIME,48,PB_MKT,519,-0.21,-42.9,40.6,0.881,0.49607
PB,1.5,uwd79,TIME,48,MKT_MKT,519,-3.71,-46.4,37.1,0.881,0.430811
PB,1.5,prevBear,NOSL,0,PB_PB,326,46.62,-7.4,94.5,0.896,0.072958
PB,1.5,prevBear,NOSL,0,PB_MKT,326,39.12,-14.9,87.0,0.896,0.132416
PB,1.5,prevBear,NOSL,0,MKT_MKT,326,35.62,-18.4,83.5,0.896,0.170677
PB,1.5,prevBear,TIME,12,PB_PB,326,-8.64,-51.4,32.0,0.739,0.342174
PB,1.5,prevBear,TIME,12,PB_MKT,326,-16.14,-58.9,24.5,0.739,0.223849
PB,1.5,prevBear,TIME,12,MKT_MKT,326,-19.64,-62.4,21.0,0.739,0.177779
PB,1.5,prevBear,TIME,24,PB_PB,326,11.65,-35.6,56.2,0.816,0.618652
PB,1.5,prevBear,TIME,24,PB_MKT,326,4.15,-43.1,48.7,0.816,0.859325
PB,1.5,prevBear,TIME,24,MKT_MKT,326,0.65,-46.6,45.2,0.816,0.977938
PB,1.5,prevBear,TIME,48,PB_PB,326,46.62,-7.4,94.5,0.896,0.072958
PB,1.5,prevBear,TIME,48,PB_MKT,326,39.12,-14.9,87.0,0.896,0.132416
PB,1.5,prevBear,TIME,48,MKT_MKT,326,35.62,-18.4,83.5,0.896,0.170677
PB,1.5,smaBelow,NOSL,0,PB_PB,344,27.2,-29.4,78.0,0.901,0.320963
PB,1.5,smaBelow,NOSL,0,PB_MKT,344,19.7,-36.9,70.5,0.901,0.472231
PB,1.5,smaBelow,NOSL,0,MKT_MKT,344,16.2,-40.4,67.0,0.901,0.554412
PB,1.5,smaBelow,TIME,12,PB_PB,344,-27.17,-73.2,14.8,0.747,0.113079
PB,1.5,smaBelow,TIME,12,PB_MKT,344,-34.67,-80.7,7.3,0.747,0.061239
PB,1.5,smaBelow,TIME,12,MKT_MKT,344,-38.17,-84.2,3.8,0.747,0.044529
PB,1.5,smaBelow,TIME,24,PB_PB,344,-12.48,-65.0,33.1,0.82,0.309077
PB,1.5,smaBelow,TIME,24,PB_MKT,344,-19.98,-72.5,25.6,0.82,0.212433
PB,1.5,smaBelow,TIME,24,MKT_MKT,344,-23.48,-76.0,22.1,0.82,0.174175
PB,1.5,smaBelow,TIME,48,PB_PB,344,27.2,-29.4,78.0,0.901,0.320963
PB,1.5,smaBelow,TIME,48,PB_MKT,344,19.7,-36.9,70.5,0.901,0.472231
PB,1.5,smaBelow,TIME,48,MKT_MKT,344,16.2,-40.4,67.0,0.901,0.554412
PB,1.5,C3_w8q,NOSL,0,PB_PB,278,33.08,-34.6,87.3,0.928,0.287648
PB,1.5,C3_w8q,NOSL,0,PB_MKT,278,25.58,-42.1,79.8,0.928,0.41096
PB,1.5,C3_w8q,NOSL,0,MKT_MKT,278,22.08,-45.6,76.3,0.928,0.477892
PB,1.5,C3_w8q,TIME,12,PB_PB,278,-14.78,-60.4,26.5,0.773,0.252412
PB,1.5,C3_w8q,TIME,12,PB_MKT,278,-22.28,-67.9,19.0,0.773,0.157381
PB,1.5,C3_w8q,TIME,12,MKT_MKT,278,-25.78,-71.4,15.5,0.773,0.122377
PB,1.5,C3_w8q,TIME,24,PB_PB,278,10.13,-48.3,58.6,0.863,0.7104
PB,1.5,C3_w8q,TIME,24,PB_MKT,278,2.63,-55.8,51.1,0.863,0.923274
PB,1.5,C3_w8q,TIME,24,MKT_MKT,278,-0.87,-59.3,47.6,0.863,0.487225
PB,1.5,C3_w8q,TIME,48,PB_PB,278,33.08,-34.6,87.3,0.928,0.287648
PB,1.5,C3_w8q,TIME,48,PB_MKT,278,25.58,-42.1,79.8,0.928,0.41096
PB,1.5,C3_w8q,TIME,48,MKT_MKT,278,22.08,-45.6,76.3,0.928,0.477892
PB,1.5,C6_w9dip,NOSL,0,PB_PB,176,111.21,58.8,156.5,0.915,8e-06
PB,1.5,C6_w9dip,NOSL,0,PB_MKT,176,103.71,51.3,149.0,0.915,3.2e-05
PB,1.5,C6_w9dip,NOSL,0,MKT_MKT,176,100.21,47.8,145.5,0.915,5.8e-05
PB,1.5,C6_w9dip,TIME,12,PB_PB,176,20.43,-41.7,73.8,0.784,0.488056
PB,1.5,C6_w9dip,TIME,12,PB_MKT,176,12.93,-49.2,66.3,0.784,0.660726
PB,1.5,C6_w9dip,TIME,12,MKT_MKT,176,9.43,-52.7,62.8,0.784,0.748856
PB,1.5,C6_w9dip,TIME,24,PB_PB,176,60.9,-1.9,116.7,0.864,0.044138
PB,1.5,C6_w9dip,TIME,24,PB_MKT,176,53.4,-9.4,109.2,0.864,0.077582
PB,1.5,C6_w9dip,TIME,24,MKT_MKT,176,49.9,-12.9,105.7,0.864,0.099104
PB,1.5,C6_w9dip,TIME,48,PB_PB,176,111.21,58.8,156.5,0.915,8e-06
PB,1.5,C6_w9dip,TIME,48,PB_MKT,176,103.71,51.3,149.0,0.915,3.2e-05
PB,1.5,C6_w9dip,TIME,48,MKT_MKT,176,100.21,47.8,145.5,0.915,5.8e-05
PB,1.5,CQ7_w78q,NOSL,0,PB_PB,122,-18.77,-113.4,58.1,0.885,0.334007
PB,1.5,CQ7_w78q,NOSL,0,PB_MKT,122,-26.27,-120.9,50.6,0.885,0.274182
PB,1.5,CQ7_w78q,NOSL,0,MKT_MKT,122,-29.77,-124.4,47.1,0.885,0.248197
PB,1.5,CQ7_w78q,TIME,12,PB_PB,122,-64.32,-131.7,-4.0,0.738,0.024192
PB,1.5,CQ7_w78q,TIME,12,PB_MKT,122,-71.82,-139.2,-11.5,0.738,0.013756
PB,1.5,CQ7_w78q,TIME,12,MKT_MKT,122,-75.32,-142.7,-15.0,0.738,0.0104
PB,1.5,CQ7_w78q,TIME,24,PB_PB,122,-26.14,-101.2,36.7,0.82,0.228842
PB,1.5,CQ7_w78q,TIME,24,PB_MKT,122,-33.64,-108.7,29.2,0.82,0.169595
PB,1.5,CQ7_w78q,TIME,24,MKT_MKT,122,-37.14,-112.2,25.7,0.82,0.145664
PB,1.5,CQ7_w78q,TIME,48,PB_PB,122,-18.77,-113.4,58.1,0.885,0.334007
PB,1.5,CQ7_w78q,TIME,48,PB_MKT,122,-26.27,-120.9,50.6,0.885,0.274182
PB,1.5,CQ7_w78q,TIME,48,MKT_MKT,122,-29.77,-124.4,47.1,0.885,0.248197
MKT,1.0,ALL,NOSL,0,PB_PB,839,53.68,26.3,77.3,0.934,3.8e-05
MKT,1.0,ALL,NOSL,0,PB_MKT,839,46.18,18.8,69.8,0.934,0.000392
MKT,1.0,ALL,NOSL,0,MKT_MKT,839,42.68,15.3,66.3,0.934,0.001051
MKT,1.0,ALL,TIME,12,PB_PB,839,25.69,5.6,46.2,0.844,0.013109
MKT,1.0,ALL,TIME,12,PB_MKT,839,18.19,-1.9,38.7,0.844,0.079
MKT,1.0,ALL,TIME,12,MKT_MKT,839,14.69,-5.4,35.2,0.844,0.156038
MKT,1.0,ALL,TIME,24,PB_PB,839,35.31,11.3,58.0,0.894,0.003083
MKT,1.0,ALL,TIME,24,PB_MKT,839,27.81,3.8,50.5,0.894,0.019765
MKT,1.0,ALL,TIME,24,MKT_MKT,839,24.31,0.3,47.0,0.894,0.041604
MKT,1.0,ALL,TIME,48,PB_PB,839,53.68,26.3,77.3,0.934,3.8e-05
MKT,1.0,ALL,TIME,48,PB_MKT,839,46.18,18.8,69.8,0.934,0.000392
MKT,1.0,ALL,TIME,48,MKT_MKT,839,42.68,15.3,66.3,0.934,0.001051
MKT,1.0,quiet,NOSL,0,PB_PB,335,36.63,0.2,65.1,0.958,0.026945
MKT,1.0,quiet,NOSL,0,PB_MKT,335,29.13,-7.3,57.6,0.958,0.078522
MKT,1.0,quiet,NOSL,0,MKT_MKT,335,25.63,-10.8,54.1,0.958,0.121639
MKT,1.0,quiet,TIME,12,PB_PB,335,8.84,-18.5,34.2,0.869,0.511322
MKT,1.0,quiet,TIME,12,PB_MKT,335,1.34,-26.0,26.7,0.869,0.920845
MKT,1.0,quiet,TIME,12,MKT_MKT,335,-2.16,-29.5,23.2,0.869,0.436143
MKT,1.0,quiet,TIME,24,PB_PB,335,23.22,-7.8,48.7,0.919,0.107209
MKT,1.0,quiet,TIME,24,PB_MKT,335,15.72,-15.3,41.2,0.919,0.275472
MKT,1.0,quiet,TIME,24,MKT_MKT,335,12.22,-18.8,37.7,0.919,0.396586
MKT,1.0,quiet,TIME,48,PB_PB,335,36.63,0.2,65.1,0.958,0.026945
MKT,1.0,quiet,TIME,48,PB_MKT,335,29.13,-7.3,57.6,0.958,0.078522
MKT,1.0,quiet,TIME,48,MKT_MKT,335,25.63,-10.8,54.1,0.958,0.121639
MKT,1.0,uwd78,NOSL,0,PB_PB,334,35.82,-6.2,72.0,0.94,0.072731
MKT,1.0,uwd78,NOSL,0,PB_MKT,334,28.32,-13.7,64.5,0.94,0.155974
MKT,1.0,uwd78,NOSL,0,MKT_MKT,334,24.82,-17.2,61.0,0.94,0.213726
MKT,1.0,uwd78,TIME,12,PB_PB,334,-5.1,-40.7,27.2,0.838,0.384156
MKT,1.0,uwd78,TIME,12,PB_MKT,334,-12.6,-48.2,19.7,0.838,0.233343
MKT,1.0,uwd78,TIME,12,MKT_MKT,334,-16.1,-51.7,16.2,0.838,0.176163
MKT,1.0,uwd78,TIME,24,PB_PB,334,10.18,-30.9,46.6,0.898,0.606494
MKT,1.0,uwd78,TIME,24,PB_MKT,334,2.68,-38.4,39.1,0.898,0.892184
MKT,1.0,uwd78,TIME,24,MKT_MKT,334,-0.82,-41.9,35.6,0.898,0.483418
MKT,1.0,uwd78,TIME,48,PB_PB,334,35.82,-6.2,72.0,0.94,0.072731
MKT,1.0,uwd78,TIME,48,PB_MKT,334,28.32,-13.7,64.5,0.94,0.155974
MKT,1.0,uwd78,TIME,48,MKT_MKT,334,24.82,-17.2,61.0,0.94,0.213726
MKT,1.0,uwd79,NOSL,0,PB_PB,586,34.82,4.3,62.9,0.932,0.019797
MKT,1.0,uwd79,NOSL,0,PB_MKT,586,27.32,-3.2,55.4,0.932,0.067509
MKT,1.0,uwd79,NOSL,0,MKT_MKT,586,23.82,-6.7,51.9,0.932,0.110924
MKT,1.0,uwd79,TIME,12,PB_PB,586,12.21,-12.4,35.6,0.846,0.318639
MKT,1.0,uwd79,TIME,12,PB_MKT,586,4.71,-19.9,28.1,0.846,0.700289
MKT,1.0,uwd79,TIME,12,MKT_MKT,586,1.21,-23.4,24.6,0.846,0.920997
MKT,1.0,uwd79,TIME,24,PB_PB,586,14.38,-14.7,41.8,0.894,0.31836
MKT,1.0,uwd79,TIME,24,PB_MKT,586,6.88,-22.2,34.3,0.894,0.633144
MKT,1.0,uwd79,TIME,24,MKT_MKT,586,3.38,-25.7,30.8,0.894,0.814679
MKT,1.0,uwd79,TIME,48,PB_PB,586,34.82,4.3,62.9,0.932,0.019797
MKT,1.0,uwd79,TIME,48,PB_MKT,586,27.32,-3.2,55.4,0.932,0.067509
MKT,1.0,uwd79,TIME,48,MKT_MKT,586,23.82,-6.7,51.9,0.932,0.110924
MKT,1.0,prevBear,NOSL,0,PB_PB,373,56.86,18.9,90.0,0.941,0.001714
MKT,1.0,prevBear,NOSL,0,PB_MKT,373,49.36,11.4,82.5,0.941,0.006486
MKT,1.0,prevBear,NOSL,0,MKT_MKT,373,45.86,7.9,79.0,0.941,0.011435
MKT,1.0,prevBear,TIME,12,PB_PB,373,36.05,4.7,63.9,0.869,0.01696
MKT,1.0,prevBear,TIME,12,PB_MKT,373,28.55,-2.8,56.4,0.869,0.05864
MKT,1.0,prevBear,TIME,12,MKT_MKT,373,25.05,-6.3,52.9,0.869,0.097098
MKT,1.0,prevBear,TIME,24,PB_PB,373,43.57,8.2,75.4,0.906,0.011061
MKT,1.0,prevBear,TIME,24,PB_MKT,373,36.07,0.7,67.9,0.906,0.035432
MKT,1.0,prevBear,TIME,24,MKT_MKT,373,32.57,-2.8,64.4,0.906,0.057529
MKT,1.0,prevBear,TIME,48,PB_PB,373,56.86,18.9,90.0,0.941,0.001714
MKT,1.0,prevBear,TIME,48,PB_MKT,373,49.36,11.4,82.5,0.941,0.006486
MKT,1.0,prevBear,TIME,48,MKT_MKT,373,45.86,7.9,79.0,0.941,0.011435
MKT,1.0,smaBelow,NOSL,0,PB_PB,381,40.22,-0.1,77.4,0.942,0.041867
MKT,1.0,smaBelow,NOSL,0,PB_MKT,381,32.72,-7.6,69.9,0.942,0.097853
MKT,1.0,smaBelow,NOSL,0,MKT_MKT,381,29.22,-11.1,66.4,0.942,0.139338
MKT,1.0,smaBelow,TIME,12,PB_PB,381,4.44,-31.3,38.1,0.85,0.801771
MKT,1.0,smaBelow,TIME,12,PB_MKT,381,-3.06,-38.8,30.6,0.85,0.431371
MKT,1.0,smaBelow,TIME,12,MKT_MKT,381,-6.56,-42.3,27.1,0.85,0.355422
MKT,1.0,smaBelow,TIME,24,PB_PB,381,12.15,-28.2,49.9,0.89,0.541738
MKT,1.0,smaBelow,TIME,24,PB_MKT,381,4.65,-35.7,42.4,0.89,0.815307
MKT,1.0,smaBelow,TIME,24,MKT_MKT,381,1.15,-39.2,38.9,0.89,0.953877
MKT,1.0,smaBelow,TIME,48,PB_PB,381,40.22,-0.1,77.4,0.942,0.041867
MKT,1.0,smaBelow,TIME,48,PB_MKT,381,32.72,-7.6,69.9,0.942,0.097853
MKT,1.0,smaBelow,TIME,48,MKT_MKT,381,29.22,-11.1,66.4,0.942,0.139338
MKT,1.0,C3_w8q,NOSL,0,PB_PB,300,37.8,-0.1,69.5,0.957,0.033032
MKT,1.0,C3_w8q,NOSL,0,PB_MKT,300,30.3,-7.6,62.0,0.957,0.087492
MKT,1.0,C3_w8q,NOSL,0,MKT_MKT,300,26.8,-11.1,58.5,0.957,0.130682
MKT,1.0,C3_w8q,TIME,12,PB_PB,300,9.51,-19.9,36.8,0.863,0.511112
MKT,1.0,C3_w8q,TIME,12,PB_MKT,300,2.01,-27.4,29.3,0.863,0.889695
MKT,1.0,C3_w8q,TIME,12,MKT_MKT,300,-1.49,-30.9,25.8,0.863,0.458887
MKT,1.0,C3_w8q,TIME,24,PB_PB,300,20.09,-11.5,50.3,0.913,0.202076
MKT,1.0,C3_w8q,TIME,24,PB_MKT,300,12.59,-19.0,42.8,0.913,0.42399
MKT,1.0,C3_w8q,TIME,24,MKT_MKT,300,9.09,-22.5,39.3,0.913,0.563724
MKT,1.0,C3_w8q,TIME,48,PB_PB,300,37.8,-0.1,69.5,0.957,0.033032
MKT,1.0,C3_w8q,TIME,48,PB_MKT,300,30.3,-7.6,62.0,0.957,0.087492
MKT,1.0,C3_w8q,TIME,48,MKT_MKT,300,26.8,-11.1,58.5,0.957,0.130682
MKT,1.0,C6_w9dip,NOSL,0,PB_PB,195,86.16,48.7,120.7,0.949,3e-06
MKT,1.0,C6_w9dip,NOSL,0,PB_MKT,195,78.66,41.2,113.2,0.949,1.9e-05
MKT,1.0,C6_w9dip,NOSL,0,MKT_MKT,195,75.16,37.7,109.7,0.949,4.3e-05
MKT,1.0,C6_w9dip,TIME,12,PB_PB,195,38.01,-7.4,80.8,0.877,0.091184
MKT,1.0,C6_w9dip,TIME,12,PB_MKT,195,30.51,-14.9,73.3,0.877,0.175132
MKT,1.0,C6_w9dip,TIME,12,MKT_MKT,195,27.01,-18.4,69.8,0.877,0.229999
MKT,1.0,C6_w9dip,TIME,24,PB_PB,195,53.76,6.4,94.3,0.908,0.016576
MKT,1.0,C6_w9dip,TIME,24,PB_MKT,195,46.26,-1.1,86.8,0.908,0.039234
MKT,1.0,C6_w9dip,TIME,24,MKT_MKT,195,42.76,-4.6,83.3,0.908,0.056685
MKT,1.0,C6_w9dip,TIME,48,PB_PB,195,86.16,48.7,120.7,0.949,3e-06
MKT,1.0,C6_w9dip,TIME,48,PB_MKT,195,78.66,41.2,113.2,0.949,1.9e-05
MKT,1.0,C6_w9dip,TIME,48,MKT_MKT,195,75.16,37.7,109.7,0.949,4.3e-05
MKT,1.0,CQ7_w78q,NOSL,0,PB_PB,137,12.55,-49.8,66.9,0.949,0.6731
MKT,1.0,CQ7_w78q,NOSL,0,PB_MKT,137,5.05,-57.3,59.4,0.949,0.865168
MKT,1.0,CQ7_w78q,NOSL,0,MKT_MKT,137,1.55,-60.8,55.9,0.949,0.958406
MKT,1.0,CQ7_w78q,TIME,12,PB_PB,137,-30.98,-81.1,17.7,0.847,0.109384
MKT,1.0,CQ7_w78q,TIME,12,PB_MKT,137,-38.48,-88.6,10.2,0.847,0.063313
MKT,1.0,CQ7_w78q,TIME,12,MKT_MKT,137,-41.98,-92.1,6.7,0.847,0.047808
MKT,1.0,CQ7_w78q,TIME,24,PB_PB,137,-6.11,-61.8,41.3,0.905,0.408134
MKT,1.0,CQ7_w78q,TIME,24,PB_MKT,137,-13.61,-69.3,33.8,0.905,0.302384
MKT,1.0,CQ7_w78q,TIME,24,MKT_MKT,137,-17.11,-72.8,30.3,0.905,0.257635
MKT,1.0,CQ7_w78q,TIME,48,PB_PB,137,12.55,-49.8,66.9,0.949,0.6731
MKT,1.0,CQ7_w78q,TIME,48,PB_MKT,137,5.05,-57.3,59.4,0.949,0.865168
MKT,1.0,CQ7_w78q,TIME,48,MKT_MKT,137,1.55,-60.8,55.9,0.949,0.958406
MKT,1.5,ALL,NOSL,0,PB_PB,839,78.29,46.0,107.2,0.902,1e-06
MKT,1.5,ALL,NOSL,0,PB_MKT,839,70.79,38.5,99.7,0.902,6e-06
MKT,1.5,ALL,NOSL,0,MKT_MKT,839,67.29,35.0,96.2,0.902,1.6e-05
MKT,1.5,ALL,TIME,12,PB_PB,839,41.37,18.2,65.4,0.785,0.000602
MKT,1.5,ALL,TIME,12,PB_MKT,839,33.87,10.7,57.9,0.785,0.004972
MKT,1.5,ALL,TIME,12,MKT_MKT,839,30.37,7.2,54.4,0.785,0.011781
MKT,1.5,ALL,TIME,24,PB_PB,839,59.43,31.3,86.4,0.853,2.4e-05
MKT,1.5,ALL,TIME,24,PB_MKT,839,51.93,23.8,78.9,0.853,0.000222
MKT,1.5,ALL,TIME,24,MKT_MKT,839,48.43,20.3,75.4,0.853,0.000573
MKT,1.5,ALL,TIME,48,PB_PB,839,78.29,46.0,107.2,0.902,1e-06
MKT,1.5,ALL,TIME,48,PB_MKT,839,70.79,38.5,99.7,0.902,6e-06
MKT,1.5,ALL,TIME,48,MKT_MKT,839,67.29,35.0,96.2,0.902,1.6e-05
MKT,1.5,quiet,NOSL,0,PB_PB,335,70.57,31.1,101.8,0.946,9.2e-05
MKT,1.5,quiet,NOSL,0,PB_MKT,335,63.07,23.6,94.3,0.946,0.000472
MKT,1.5,quiet,NOSL,0,MKT_MKT,335,59.57,20.1,90.8,0.946,0.00096
MKT,1.5,quiet,TIME,12,PB_PB,335,22.81,-9.5,53.4,0.818,0.154918
MKT,1.5,quiet,TIME,12,PB_MKT,335,15.31,-17.0,45.9,0.818,0.339767
MKT,1.5,quiet,TIME,12,MKT_MKT,335,11.81,-20.5,42.4,0.818,0.461522
MKT,1.5,quiet,TIME,24,PB_PB,335,55.86,21.2,85.4,0.901,0.000656
MKT,1.5,quiet,TIME,24,PB_MKT,335,48.36,13.7,77.9,0.901,0.003177
MKT,1.5,quiet,TIME,24,MKT_MKT,335,44.86,10.2,74.4,0.901,0.006209
MKT,1.5,quiet,TIME,48,PB_PB,335,70.57,31.1,101.8,0.946,9.2e-05
MKT,1.5,quiet,TIME,48,PB_MKT,335,63.07,23.6,94.3,0.946,0.000472
MKT,1.5,quiet,TIME,48,MKT_MKT,335,59.57,20.1,90.8,0.946,0.00096
MKT,1.5,uwd78,NOSL,0,PB_PB,334,43.95,-8.3,90.1,0.907,0.08008
MKT,1.5,uwd78,NOSL,0,PB_MKT,334,36.45,-15.8,82.6,0.907,0.146636
MKT,1.5,uwd78,NOSL,0,MKT_MKT,334,32.95,-19.3,79.1,0.907,0.189479
MKT,1.5,uwd78,TIME,12,PB_PB,334,8.16,-32.2,46.5,0.793,0.684218
MKT,1.5,uwd78,TIME,12,PB_MKT,334,0.66,-39.7,39.0,0.793,0.973728
MKT,1.5,uwd78,TIME,12,MKT_MKT,334,-2.84,-43.2,35.5,0.793,0.443738
MKT,1.5,uwd78,TIME,24,PB_PB,334,22.17,-26.3,65.9,0.859,0.345665
MKT,1.5,uwd78,TIME,24,PB_MKT,334,14.67,-33.8,58.4,0.859,0.532581
MKT,1.5,uwd78,TIME,24,MKT_MKT,334,11.17,-37.3,54.9,0.859,0.634627
MKT,1.5,uwd78,TIME,48,PB_PB,334,43.95,-8.3,90.1,0.907,0.08008
MKT,1.5,uwd78,TIME,48,PB_MKT,334,36.45,-15.8,82.6,0.907,0.146636
MKT,1.5,uwd78,TIME,48,MKT_MKT,334,32.95,-19.3,79.1,0.907,0.189479
MKT,1.5,uwd79,NOSL,0,PB_PB,586,51.79,14.3,87.4,0.901,0.005474
MKT,1.5,uwd79,NOSL,0,PB_MKT,586,44.29,6.8,79.9,0.901,0.017526
MKT,1.5,uwd79,NOSL,0,MKT_MKT,586,40.79,3.3,76.4,0.901,0.028688
MKT,1.5,uwd79,TIME,12,PB_PB,586,27.16,-1.8,54.9,0.794,0.060257
MKT,1.5,uwd79,TIME,12,PB_MKT,586,19.66,-9.3,47.4,0.794,0.173783
MKT,1.5,uwd79,TIME,12,MKT_MKT,586,16.16,-12.8,43.9,0.794,0.263542
MKT,1.5,uwd79,TIME,24,PB_PB,586,34.28,-1.5,67.0,0.858,0.049699
MKT,1.5,uwd79,TIME,24,PB_MKT,586,26.78,-9.0,59.5,0.858,0.12524
MKT,1.5,uwd79,TIME,24,MKT_MKT,586,23.28,-12.5,56.0,0.858,0.182612
MKT,1.5,uwd79,TIME,48,PB_PB,586,51.79,14.3,87.4,0.901,0.005474
MKT,1.5,uwd79,TIME,48,PB_MKT,586,44.29,6.8,79.9,0.901,0.017526
MKT,1.5,uwd79,TIME,48,MKT_MKT,586,40.79,3.3,76.4,0.901,0.028688
MKT,1.5,prevBear,NOSL,0,PB_PB,373,86.69,42.4,131.1,0.914,0.000129
MKT,1.5,prevBear,NOSL,0,PB_MKT,373,79.19,34.9,123.6,0.914,0.000469
MKT,1.5,prevBear,NOSL,0,MKT_MKT,373,75.69,31.4,120.1,0.914,0.000828
MKT,1.5,prevBear,TIME,12,PB_PB,373,53.64,18.4,88.0,0.804,0.002513
MKT,1.5,prevBear,TIME,12,PB_MKT,373,46.14,10.9,80.5,0.804,0.009342
MKT,1.5,prevBear,TIME,12,MKT_MKT,373,42.64,7.4,77.0,0.804,0.016302
MKT,1.5,prevBear,TIME,24,PB_PB,373,76.25,36.3,116.9,0.871,0.000208
MKT,1.5,prevBear,TIME,24,PB_MKT,373,68.75,28.8,109.4,0.871,0.000824
MKT,1.5,prevBear,TIME,24,MKT_MKT,373,65.25,25.3,105.9,0.871,0.001502
MKT,1.5,prevBear,TIME,48,PB_PB,373,86.69,42.4,131.1,0.914,0.000129
MKT,1.5,prevBear,TIME,48,PB_MKT,373,79.19,34.9,123.6,0.914,0.000469
MKT,1.5,prevBear,TIME,48,MKT_MKT,373,75.69,31.4,120.1,0.914,0.000828
MKT,1.5,smaBelow,NOSL,0,PB_PB,381,66.25,17.5,114.2,0.919,0.007241
MKT,1.5,smaBelow,NOSL,0,PB_MKT,381,58.75,10.0,106.7,0.919,0.017241
MKT,1.5,smaBelow,NOSL,0,MKT_MKT,381,55.25,6.5,103.2,0.919,0.025114
MKT,1.5,smaBelow,TIME,12,PB_PB,381,23.66,-15.1,62.7,0.798,0.233221
MKT,1.5,smaBelow,TIME,12,PB_MKT,381,16.16,-22.6,55.2,0.798,0.41553
MKT,1.5,smaBelow,TIME,12,MKT_MKT,381,12.66,-26.1,51.7,0.798,0.523574
MKT,1.5,smaBelow,TIME,24,PB_PB,381,40.47,-4.8,84.6,0.858,0.075969
MKT,1.5,smaBelow,TIME,24,PB_MKT,381,32.97,-12.3,77.1,0.858,0.148252
MKT,1.5,smaBelow,TIME,24,MKT_MKT,381,29.47,-15.8,73.6,0.858,0.196261
MKT,1.5,smaBelow,TIME,48,PB_PB,381,66.25,17.5,114.2,0.919,0.007241
MKT,1.5,smaBelow,TIME,48,PB_MKT,381,58.75,10.0,106.7,0.919,0.017241
MKT,1.5,smaBelow,TIME,48,MKT_MKT,381,55.25,6.5,103.2,0.919,0.025114
MKT,1.5,C3_w8q,NOSL,0,PB_PB,300,75.57,36.1,110.3,0.947,6.5e-05
MKT,1.5,C3_w8q,NOSL,0,PB_MKT,300,68.07,28.6,102.8,0.947,0.000321
MKT,1.5,C3_w8q,NOSL,0,MKT_MKT,300,64.57,25.1,99.3,0.947,0.000643
MKT,1.5,C3_w8q,TIME,12,PB_PB,300,25.85,-7.4,58.0,0.817,0.121037
MKT,1.5,C3_w8q,TIME,12,PB_MKT,300,18.35,-14.9,50.5,0.817,0.271045
MKT,1.5,C3_w8q,TIME,12,MKT_MKT,300,14.85,-18.4,47.0,0.817,0.373055
MKT,1.5,C3_w8q,TIME,24,PB_PB,300,55.86,22.5,88.3,0.897,0.000888
MKT,1.5,C3_w8q,TIME,24,PB_MKT,300,48.36,15.0,80.8,0.897,0.00401
MKT,1.5,C3_w8q,TIME,24,MKT_MKT,300,44.86,11.5,77.3,0.897,0.007605
MKT,1.5,C3_w8q,TIME,48,PB_PB,300,75.57,36.1,110.3,0.947,6.5e-05
MKT,1.5,C3_w8q,TIME,48,PB_MKT,300,68.07,28.6,102.8,0.947,0.000321
MKT,1.5,C3_w8q,TIME,48,MKT_MKT,300,64.57,25.1,99.3,0.947,0.000643
MKT,1.5,C6_w9dip,NOSL,0,PB_PB,195,131.98,85.2,173.9,0.923,0.0
MKT,1.5,C6_w9dip,NOSL,0,PB_MKT,195,124.48,77.7,166.4,0.923,0.0
MKT,1.5,C6_w9dip,NOSL,0,MKT_MKT,195,120.98,74.2,162.9,0.923,0.0
MKT,1.5,C6_w9dip,TIME,12,PB_PB,195,71.89,19.4,121.2,0.826,0.005649
MKT,1.5,C6_w9dip,TIME,12,PB_MKT,195,64.39,11.9,113.7,0.826,0.013184
MKT,1.5,C6_w9dip,TIME,12,MKT_MKT,195,60.89,8.4,110.2,0.826,0.019078
MKT,1.5,C6_w9dip,TIME,24,PB_PB,195,103.19,49.9,150.2,0.887,5.5e-05
MKT,1.5,C6_w9dip,TIME,24,PB_MKT,195,95.69,42.4,142.7,0.887,0.000183
MKT,1.5,C6_w9dip,TIME,24,MKT_MKT,195,92.19,38.9,139.2,0.887,0.000313
MKT,1.5,C6_w9dip,TIME,48,PB_PB,195,131.98,85.2,173.9,0.923,0.0
MKT,1.5,C6_w9dip,TIME,48,PB_MKT,195,124.48,77.7,166.4,0.923,0.0
MKT,1.5,C6_w9dip,TIME,48,MKT_MKT,195,120.98,74.2,162.9,0.923,0.0
MKT,1.5,CQ7_w78q,NOSL,0,PB_PB,137,27.35,-42.9,89.8,0.927,0.419165
MKT,1.5,CQ7_w78q,NOSL,0,PB_MKT,137,19.85,-50.4,82.3,0.927,0.557643
MKT,1.5,CQ7_w78q,NOSL,0,MKT_MKT,137,16.35,-53.9,78.8,0.927,0.629119
MKT,1.5,CQ7_w78q,TIME,12,PB_PB,137,-23.43,-81.6,30.9,0.803,0.207139
MKT,1.5,CQ7_w78q,TIME,12,PB_MKT,137,-30.93,-89.1,23.4,0.803,0.140586
MKT,1.5,CQ7_w78q,TIME,12,MKT_MKT,137,-34.43,-92.6,19.9,0.803,0.115142
MKT,1.5,CQ7_w78q,TIME,24,PB_PB,137,12.19,-49.6,65.2,0.876,0.677361
MKT,1.5,CQ7_w78q,TIME,24,PB_MKT,137,4.69,-57.1,57.7,0.876,0.872878
MKT,1.5,CQ7_w78q,TIME,24,MKT_MKT,137,1.19,-60.6,54.2,0.876,0.967688
MKT,1.5,CQ7_w78q,TIME,48,PB_PB,137,27.35,-42.9,89.8,0.927,0.419165
MKT,1.5,CQ7_w78q,TIME,48,PB_MKT,137,19.85,-50.4,82.3,0.927,0.557643
MKT,1.5,CQ7_w78q,TIME,48,MKT_MKT,137,16.35,-53.9,78.8,0.927,0.629119
